"Tendências","Volume de pesquisa","Iniciado","Finalizada","Detalhamento da tendência","Acesse a página ""Explorar"""
"argentina x suíça","1 mi+","9 de julho de 2026 às 18:50:00 UTC-3",,"argentina x suíça,argentina x suica,suíça,suica x,messi,suica vs argentina,arg x,suiça vs argentina,suiça argentina,suíça argentina,arbitro argentina x suica,suíça x,jogo hoje argentina,messi fez gol ontem","./explore?q=argentina%20x%20su%C3%AD%C3%A7a&geo=BR"
"frança x espanha","200 mil+","10 de julho de 2026 às 17:50:00 UTC-3",,"frança x espanha,franca x espanha,espanha x frança,frança e espanha,franca e espanha,espanha e frança,bola,espanha x franca,espanha e franca","./explore?q=fran%C3%A7a%20x%20espanha&geo=BR"
"espanha x bélgica","1 mi+","9 de julho de 2026 às 17:50:00 UTC-3",,"espanha x bélgica,espanha x belgica,belgica x espanha,espanha e belgica,espanha e bélgica,espanha,espanha x,belgica e espanha,jogo da espanha,espanha belgica,bélgica e espanha,jogo espanha,bélgica x espanha,quem ganhou o jogo de hoje copa do mundo,jogo da espanha hoje,resultado do jogo da espanha,jogos da copa,jogo espanha hoje,espanha hoje,espanha vs bélgica,espanha vs belgica,resultado do jogo de hoje,espanha vs,espanha jogo,espanha - bélgica,quem ganhou espanha ou bélgica,jogo da espanha e bélgica,seleção espanhola de futebol,semifinal copa do mundo 2026,belgica espanha,doku,juca kfouri,estatísticas de seleção espanhola de futebol x seleção belga de futebol,merino,seleção belga de futebol,espanha copa,seleção espanhola,resultado do jogo espanha e bélgica,jogo belgica espanha,espanha bélgica,bélgica espanha,penelope cruz,resultado de espanha e bélgica,que hora é o jogo da espanha,quanto foi o jogo da espanha,seleção da espanha,jogo espanha e bélgica,belgica vs espanha,escalações de seleção espanhola de futebol x seleção belga de futebol,placar do jogo da espanha,espanha versus bélgica,espanha e,semifinal copa,seleção espanhola de futebol x seleção belga de futebol minuto a minuto,jogo de hoje da copa do mundo,resultado da espanha,resultado do jogo da espanha e bélgica,quanto ficou o jogo da espanha,que horas é o jogo da espanha,jogos de hoje da copa do mundo,rudi garcia,goleiro belgica,resultado espanha e belgica,resultado do jogo da espanha hoje,resultado espanha e bélgica,jogo belgica e espanha,espanha jogos,romelu lukaku,jogos da copa do mundo,merino espanha,espanha contra bélgica,jogo espanha x belgica,resultado do jogo bélgica e espanha,semifinal,espanha x belgica jogos,espanha hj,espanha copa do mundo,jogo belgica x espanha,quem ganhou o jogo espanha ou bélgica,resultado da copa,resultado de bélgica e espanha,espanha x belgica palpite,goleiro da espanha,horário do jogo da espanha,resultado do jogo de espanha e bélgica,jogo da copa do mundo,espanha ganhou,quem ganhou o jogo bélgica ou espanha,resultado do jogo de hoje da copa do mundo","./explore?q=espanha%20x%20b%C3%A9lgica&geo=BR"
"fluminense x bahia","500 mil+","12 de julho de 2026 às 10:50:00 UTC-3",,"fluminense x bahia,fluminense,bahia,bahia x fluminense,jogo do bahia,fluminense x,fluminense hoje,bahia x,jogo do fluminense,fluminense - bahia,fluminense e bahia,thiago silva,fluminense vs bahia,flu,fluminense football club,esporte clube bahia,fluminense x bahia onde assistir,jogo fluminense,assistir fluminense x bahia","./explore?q=fluminense%20x%20bahia&geo=BR"
"jayden adams","500 mil+","11 de julho de 2026 às 09:50:00 UTC-3",,"jayden adams,jogador jayden adams,adams jogador africa do sul,jayden adams morreu de que,jogador africa do sul,jayden adams causa da morte,jaydan adams,jogador que morreu,jogador que morreu hoje,jaydem adams,jogador da africa que morreu,morre jogador da africa do sul,qual jogador morreu hoje,jayden adams jogador,jogador da africa do sul,jogador morreu hoje,jogador da áfrica do sul,morte jogador africa do sul,do que morreu o jogador da africa do sul,jogador morreu,jogador que morreu da africa do sul,jogador sul africano morre,jogador encontrado morto hoje,jogador encontrado morto,do que morreu jayden adams,causa da morte de jayden adams,seleção sul-africana de futebol,jayden adams jogador de futebol,adams,jogador que morreu na copa do mundo,jogador da copa que morreu,jogador morto","./explore?q=jayden%20adams&geo=BR"
"sam neill","50 mil+","13 de julho de 2026 às 03:10:00 UTC-3",,"sam neill,ator jurassic park,sam neill peaky blinders,ator sam neill","./explore?q=sam%20neill&geo=BR"
"argentina x inglaterra","1 mi+","11 de julho de 2026 às 22:40:00 UTC-3",,"argentina x inglaterra,inglaterra x argentina,argentina e inglaterra,argentina,argentina x,inglaterra e argentina,guerra das malvinas,jogo argentina e inglaterra,malvinas,quantas copas tem a inglaterra,argentina copa,argentina e,ilhas malvinas,inglaterra tem quantas copas,inglaterra ja ganhou copa,semifinais copa do mundo,da argentina,campeões da copa do mundo,semifinais,argentina.,quantas copas do mundo tem a inglaterra,quem esta na semifinal da copa,argentina inglaterra,quantos titulos tem a inglaterra copa do mundo,jogos de seleção argentina de futebol,próximo jogo da argentina,quantas copas do mundo a inglaterra tem,argentina x inglaterra hoje,semifinais da copa,espanha tem quantas copas do mundo,semifinal da copa,frança tem quantas copas do mundo,franca tem quantas copa,ranking fifa,inglaterra copas,semifinal copa do mundo","./explore?q=argentina%20x%20inglaterra&geo=BR"
"filipe bragança","50 mil+","13 de julho de 2026 às 07:50:00 UTC-3",,"filipe bragança,isadora cruz,coração acelerado","./explore?q=filipe%20bragan%C3%A7a&geo=BR"
"ceará sc x athletic","100 mil+","13 de julho de 2026 às 19:40:00 UTC-3",,"ceará sc x athletic,ceara,ceara x,ceara x athletic club,ceara fc,ceará,ceará sporting club,ceará sc,ceara sc","./explore?q=cear%C3%A1%20sc%20x%20athletic&geo=BR"
"cartolouco","50 mil+","12 de julho de 2026 às 12:20:00 UTC-3",,"cartolouco,lucas strabko,influenciador,quem é cartolouco","./explore?q=cartolouco&geo=BR"
"américa-mg x londrina","50 mil+","13 de julho de 2026 às 18:00:00 UTC-3",,"américa-mg x londrina,classificações de américa-mg x londrina esporte clube,america mg,america,londrina fc,londrina x,america x londrina,londrina esporte clube,america mg x,america mg x londrina,américa futebol clube","./explore?q=am%C3%A9rica-mg%20x%20londrina&geo=BR"
"semi final da copa do mundo 2026","200 mil+","9 de julho de 2026 às 18:50:00 UTC-3",,"semi final da copa do mundo 2026,semifinal copa,semifinal copa do mundo 2026,hoje tem jogo da copa,hoje tem jogo da copa do mundo,final da copa,hoje tem jogo,tem jogo da copa do mundo hoje,próximos jogos da copa do mundo,tem jogo da copa hoje,tem jogo hoje,proximos jogos copa do mundo,tem jogo hoje da copa do mundo,tem jogo da copa hoje?,hoje tem jogo da copa?,jogos da semifinal da copa do mundo,jogo argentina vai passar na globo,semifinais da copa do mundo,final copa do mundo,próximo jogo da copa do mundo,final copa,ge tv,jogos futebol,tem","./explore?q=semi%20final%20da%20copa%20do%20mundo%202026&geo=BR"
"sam neil","20 mil+","13 de julho de 2026 às 03:40:00 UTC-3",,"sam neil,jurassic park,alan grant","./explore?q=sam%20neil&geo=BR"
"goleiro","50 mil+","13 de julho de 2026 às 14:50:00 UTC-3",,"goleiro,goleiro da noruega neymar,neymar goleiro noruega,goleiro noruega neymar,nyland,goleiro da noruega","./explore?q=goleiro&geo=BR"
"greve dos caminhoneiros","100 mil+","13 de julho de 2026 às 05:10:00 UTC-3",,"greve dos caminhoneiros,paralisação caminhoneiros,greve caminhoneiros hoje,caminhoneiro,greve,greve caminhoneiros,4oito,greve dos caminhoneiros 2026","./explore?q=greve%20dos%20caminhoneiros&geo=BR"
"the fenomeno","20 mil+","8 de julho de 2026 às 13:00:00 UTC-3",,"the fenomeno,ronaldo fenomeno","./explore?q=the%20fenomeno&geo=BR"
"leite","10 mil+","13 de julho de 2026 às 15:30:00 UTC-3",,"leite","./explore?q=leite&geo=BR"
"porsche","20 mil+","11 de julho de 2026 às 14:50:00 UTC-3",,"porsche","./explore?q=porsche&geo=BR"
"elaine mickely","20 mil+","13 de julho de 2026 às 04:20:00 UTC-3",,"elaine mickely","./explore?q=elaine%20mickely&geo=BR"
"figueirense x volta redonda","20 mil+","13 de julho de 2026 às 19:50:00 UTC-3",,"figueirense x volta redonda,classificações de figueirense x volta redonda futebol clube,figueirense,volta redonda fc,brasileirão série c","./explore?q=figueirense%20x%20volta%20redonda&geo=BR"
"csa","20 mil+","13 de julho de 2026 às 18:40:00 UTC-3",,"csa,csa x betim,csa x,serie d,campeonato brasileiro série d","./explore?q=csa&geo=BR"
"dia mundial do rock","10 mil+","13 de julho de 2026 às 00:50:00 UTC-3",,"dia mundial do rock","./explore?q=dia%20mundial%20do%20rock&geo=BR"
"martha lillard","10 mil+","13 de julho de 2026 às 16:30:00 UTC-3",,"martha lillard,pulmão de aço","./explore?q=martha%20lillard&geo=BR"
"frança x marrocos","1 mi+","7 de julho de 2026 às 15:00:00 UTC-3","14 de julho de 2026 às 00:00:00 UTC-3","frança x marrocos","./explore?q=fran%C3%A7a%20x%20marrocos&geo=BR"
"leandro demori demitido","10 mil+","13 de julho de 2026 às 14:10:00 UTC-3",,"leandro demori demitido,leandro demori,icl,eduardo moreira,247","./explore?q=leandro%20demori%20demitido&geo=BR"
"rio atmosférico","5 mil+","13 de julho de 2026 às 14:10:00 UTC-3",,"rio atmosférico","./explore?q=rio%20atmosf%C3%A9rico&geo=BR"
"inglaterra x noruega","2 mi+","9 de julho de 2026 às 13:00:00 UTC-3","13 de julho de 2026 às 08:20:00 UTC-3","inglaterra x noruega,noruega e inglaterra,jogo noruega e inglaterra,inglaterra e noruega,jogo inglaterra e noruega,noruega,quem ganhou noruega ou inglaterra,noruega inglaterra,jogo da noruega e inglaterra,bellingham,noruega x,jogo da noruega,jogo noruega,inglaterra x,jogo da noruega de hoje,placar noruega e inglaterra,jogo copa,resultado do jogo da noruega,inglaterra e noruega vai passar na globo,noruega x inglaterra onde assistir,jogo da inglaterra e noruega,resultado do jogo noruega e inglaterra,jogo da inglaterra,andreas schjelderup,inglaterra noruega,noruega - inglaterra,jogo noruega hoje,que horas é o jogo da noruega,quem ganhou o jogo noruega ou inglaterra,noruega jogo,seleção inglesa de futebol,jogo noruega x inglaterra,quem ganhou inglaterra ou noruega,seleção norueguesa de futebol,onde assistir noruega e inglaterra,kane,que hora é o jogo da noruega,noruega hoje,jogo inglaterra,noruega futebol,resultado do jogo inglaterra e noruega,noruega versus inglaterra,resultado do jogo da copa de hoje,que horas vai ser o jogo da noruega,seleção norueguesa de futebol x seleção inglesa de futebol minuto a minuto,jogo da noruega hoje,resultado do jogo da noruega de hoje,resultado do jogo da inglaterra,quanto tá o jogo da noruega,que horas é o jogo da noruega hoje,quem fez o gol da noruega,estatísticas de seleção norueguesa de futebol x seleção inglesa de futebol,quanto foi o jogo da noruega,noruega x inglaterra quem ganhou,inglaterra jogos,placar do jogo da noruega,kane inglaterra,resultado de noruega e inglaterra,resultado do jogo da noruega e inglaterra,jogo de noruega e inglaterra,o jogo da noruega,noruega x inglaterra ao vivo,resultado do jogo de hoje da copa do mundo,quanto tá o jogo da inglaterra,onde assistir inglaterra x noruega,horário do jogo da noruega,jogo da inglaterra hoje,inglaterra seleção,noruega seleção,quem fez o gol da noruega hoje,a noruega foi eliminada,jogo da noroega,resultado de inglaterra e noruega,que horas é o jogo da noruega e inglaterra,resultado inglaterra e noruega,placar inglaterra e noruega,que hora é o jogo da inglaterra,quanto tá o jogo noruega e inglaterra,quem ganhou o jogo inglaterra ou noruega,noruega x inglaterra vai passar na globo,sorloth,placar jogo noruega e inglaterra,seleção norueguesa de futebol x seleção inglesa de futebol,resultado da noruega,noruega e inglaterra ao vivo,placar noruega,inglaterra tem copa,noruega contra inglaterra,resultado jogo noruega e inglaterra,inglaterra hoje jogo,resultado do jogo de noruega e inglaterra,qual o horário do jogo da noruega,selecao noruega,placar de noruega e inglaterra,noruega x inglaterra placar,quanto ficou o jogo da noruega,que hora é o jogo da noruega e inglaterra,resultado da inglaterra,pai do haaland,inglaterra tem copa do mundo,jogo da noruega ao vivo,haaland tem filho,resultado da noruega e inglaterra,jogo do noruega,placar do jogo da noruega e inglaterra,resultado jogo noruega,resultado do jogo noruega,jogo noroega,noruega e inglaterra quem ganhou,jogo de inglaterra e noruega,noruega jogo hoje,noruega e inglaterra placar,seleção noruega,noruega e inglaterra onde assistir,que horas vai ser o jogo da noruega e inglaterra,inglaterra jogo,onde assistir seleção norueguesa de futebol x seleção inglesa de futebol,jogo noruega inglaterra,quanto foi o jogo da noruega e inglaterra,onde assistir noruega x inglaterra,placar do jogo da inglaterra,quem ganhou o jogo da noruega,jogo de hoje noruega e inglaterra,quanto que tá o jogo da noruega,o jogo da inglaterra,jogo da noruega inglaterra,placar da noruega,quem ganhou o jogo entre noruega e inglaterra,quanto tá o jogo de noruega e inglaterra,horário do jogo da inglaterra,como é que tá o jogo da noruega,inglaterra copa do mundo,quem fez o gol da inglaterra,quem tá ganhando noruega ou inglaterra,resultado do jogo da copa,quanto ta o jogo da noruega,gol da noruega,tuchel,que horas é o jogo da inglaterra e noruega,quanto ficou o jogo da noruega e inglaterra,inglaterra contra noruega,horário do jogo noruega e inglaterra,jogadores da noruega,que hora é o jogo da inglaterra e noruega,que hora é o jogo da noruega hoje,resultado do jogo de inglaterra e noruega,como é que tá o jogo da inglaterra,onde assistir inglaterra e noruega,noruega tem copa do mundo,inglaterra e noroega,como está o jogo da noruega,seleção da noruega,jogo noruega e inglaterra ao vivo,jogo hoje noruega,jogadores noruega,resultado noruega,jogo ao vivo noruega e inglaterra,jogo de hoje noruega,inglaterra e noruega jogo,onde vai passar o jogo da noruega,noruega placar,seleção da inglaterra,noruega ganhou,quanto que tá o jogo da noruega e inglaterra,jogo da noruega hoje onde assistir,noruega e inglaterra jogo,onde assistir o jogo da noruega,quanto foi o jogo da inglaterra,qual o horário do jogo da noruega hoje,jogo inglaterra x noruega,noruega e inglaterra resultado,placar da noruega e inglaterra,resultado do jogo da noruega hoje,placar jogo noruega,quem ganhou o jogo de hoje inglaterra ou noruega,inglaterra e,noroega x,que horas é o jogo da inglaterra,quem ganhou o jogo da noruega e inglaterra,onde vai passar noruega x inglaterra,jogo de noruega,quanto tá a noruega e inglaterra,que hora que é o jogo da noruega,inglaterra quantas copas,noruega x inglaterra onde assistir hoje,noruega joga hoje,jogo noruega e inglaterra onde assistir,horario jogo noruega,onde assistir o jogo da noruega hoje,quem fez o gol da noruega contra inglaterra,onde assistir o jogo da noruega e inglaterra,noruega e inglaterra joga quando,globo vai transmitir noruega e inglaterra,noruega ao vivo,gol noruega,noruega copa,quanto tá o jogo de inglaterra e noruega,inglaterra e noruega quem ganhou,que horas e o jogo da noruega,quem tá ganhando inglaterra ou noruega,noruega x inglaterra qual canal,inglaterra e noruega onde assistir,noruega x inglaterra resultado,quem venceu noruega ou inglaterra,onde vai passar o jogo da noruega e inglaterra,quem fez o gol da noruega contra a inglaterra,inglaterra ganhou,quem ganhou o jogo de noruega e inglaterra,resultado jogo inglaterra e noruega,argentina x noruega,quanto foi o jogo da noruega hoje,quanto foi o jogo da inglaterra e noruega,assistir noruega e inglaterra,como ficou o jogo da noruega,a inglaterra tem copa do mundo,pickford goleiro,onde vai passar noruega e inglaterra,jogo da noruega agora,qual o placar de noruega e inglaterra,placar do jogo noruega,clement turpin,inglaterra copa,noruega x inglaterra horario,onde vai passar o jogo da inglaterra,qual o resultado do jogo noruega e inglaterra,que hora que é o jogo da inglaterra,seleção inglesa,jogo da noruega com a inglaterra,técnico da inglaterra,jogo noruega e inglaterra vai passar na globo,da inglaterra,noruega inglaterra 11/07/2026,onde vai passar o jogo noruega e inglaterra,onde está passando o jogo da noruega,noruega x inglaterra quem ganhou?,de quem foi o gol da noruega,noruega x inglaterra onde vai passar,gol da noruega hoje,tecnico da inglaterra,noruega x inglaterra transmissão,quem fez o gol da noruega agora,noruega x inglaterra quem fez o gol,quanto foi o jogo noruega e inglaterra,inglaterra x noruega quem ganhou,qual o horário do jogo noruega e inglaterra,quantas copas inglaterra tem,que dia é o jogo da noruega,quem fez os gols da inglaterra,noruega ou inglaterra,quanto ficou o jogo da inglaterra,lance!,tecnico inglaterra,quantos gols bellingham tem na copa do mundo,quantas copa tem a inglaterra,qual canal tá passando o jogo da noruega,haaland pai,onde vai passar inglaterra x noruega,a globo vai transmitir noruega e inglaterra,qual canal vai passar noruega e inglaterra,que hora que é o jogo da noruega e inglaterra,quanto ficou o jogo da inglaterra e noruega,quem ganhou o jogo da inglaterra e noruega,resultado copa do mundo,noruega ganhou?,horário do jogo da noruega hoje,onde assistir noruega,quem ganhou a noruega ou inglaterra,resultado do jogo inglaterra,gol noruega hoje,onde está passando o jogo da noruega e inglaterra,quem ganhou noruega e inglaterra,pai de haaland,resultado do jogo da inglaterra hoje,quanto esta o jogo da noruega e inglaterra,noruega e inglaterra joga que horas,noruega x inglaterra palpite,quem ganhou o jogo da inglaterra,quem ganhou entre noruega e inglaterra,noruega x inglaterra globo,resultado do jogo de hoje da copa,quantas copas tem inglaterra,que horas que é o jogo da noruega,o jogo da noruega e inglaterra,quem ganhou o jogo de inglaterra e noruega,jogador noruega erling haaland,gol da noruega contra inglaterra,noruega joga quando,quantos gols bellingham tem na copa do mundo 2026,inglaterra tem copa?,como foi o jogo da noruega,premier league","./explore?q=inglaterra%20x%20noruega&geo=BR"
"neymar vai jogar na copa de 2030","10 mil+","13 de julho de 2026 às 13:00:00 UTC-3",,"neymar vai jogar na copa de 2030,messi idade,idade messi,idade do messi,idade de messi","./explore?q=neymar%20vai%20jogar%20na%20copa%20de%202030&geo=BR"
"mãe","10 mil+","13 de julho de 2026 às 19:50:00 UTC-3",,"mãe","./explore?q=m%C3%A3e&geo=BR"
"biometria","20 mil+","12 de julho de 2026 às 17:10:00 UTC-3",,"biometria","./explore?q=biometria&geo=BR"
"argentina out","50 mil+","12 de julho de 2026 às 11:10:00 UTC-3",,"argentina out,argentina.out,argentina vs switzerland,argentina vs,argentina vs switzerland world cup 2026,argentina vs suiza,ricardo rodríguez,argentin,denis zakaria,fabian rieder,como ficou o jogo da argentina ontem,nicolás tagliafico,switzerland,ardon jashari,silvan widmer,jashari,nicolás otamendi,agetina,ricardo rodriguez,seleçao argentina","./explore?q=argentina%20out&geo=BR"
"vitor feitosa ator","2 mil+","13 de julho de 2026 às 18:00:00 UTC-3",,"vitor feitosa ator,ator vitor feitosa","./explore?q=vitor%20feitosa%20ator&geo=BR"
"xbox game pass","10 mil+","13 de julho de 2026 às 05:00:00 UTC-3",,"xbox game pass","./explore?q=xbox%20game%20pass&geo=BR"
"atlético-go x fortaleza","100 mil+","12 de julho de 2026 às 17:00:00 UTC-3","13 de julho de 2026 às 20:10:00 UTC-3","atlético-go x fortaleza,classificações de atlético-go x fortaleza esporte clube,fortaleza,fortaleza x,atletico go,jogo do fortaleza,fortaleza esporte clube,atletico go x fortaleza","./explore?q=atl%C3%A9tico-go%20x%20fortaleza&geo=BR"
"corinthians","200 mil+","11 de julho de 2026 às 15:50:00 UTC-3","13 de julho de 2026 às 08:40:00 UTC-3","corinthians,corinthians hoje","./explore?q=corinthians&geo=BR"
"lausanne-sport x flamengo","1 mi+","8 de julho de 2026 às 15:50:00 UTC-3","12 de julho de 2026 às 08:50:00 UTC-3","lausanne-sport x flamengo,flamengo,flamengo x,flamengo hoje,lausanne-sport,flamengo x lausanne,lausanne sport,flamengo fc,jogo flamengo,lausanne fc,amistoso do flamengo,flamengo x lausanne sport,lausanne-sport x flamengo onde assistir,jogos de flamengo,fla,flamengo ao vivo,lausanne-sport x flamengo gols,onde assistir lausanne-sport x flamengo,flamengo jogo,estatísticas de lausanne-sport x flamengo,amistoso flamengo,flamengo joga hoje,onde vai passar o jogo do flamengo,ge tv,jogo do flamengo ao vivo,lausanne-sport x flamengo quem fez o gol,lausanne-sport x flamengo quem fez os gols,flamengo onde assistir,onde assistir o jogo do flamengo hoje,onde assistir o jogo do flamengo,football club lausanne sport,jogo do flamengo hoje ao vivo,onde assistir flamengo hoje,quem fez o gol do flamengo hoje,jogo do flamengo hoje onde assistir,flamengo x benfica,quem fez os gols do flamengo hoje,flamengo amistoso,que horas é o jogo do flamengo,onde vai passar o jogo do flamengo hoje,lorran,bandplay","./explore?q=lausanne-sport%20x%20flamengo&geo=BR"
"carlinhos maia","2 mil+","13 de julho de 2026 às 16:50:00 UTC-3",,"carlinhos maia","./explore?q=carlinhos%20maia&geo=BR"
"caixa tem","200 mil+","11 de julho de 2026 às 08:10:00 UTC-3","12 de julho de 2026 às 23:30:00 UTC-3","caixa tem","./explore?q=caixa%20tem&geo=BR"
"argentina x suiça","1 mi+","10 de julho de 2026 às 18:00:00 UTC-3","12 de julho de 2026 às 16:20:00 UTC-3","argentina x suiça,jogo da argentina,argentina e suica,jogo argentina e suíça,jogo argentina,resultado do jogo da argentina,argentina e suiça,quem ganhou argentina ou suíça,argentina suica,jogo argentina hoje,argentina vs suíça,jogo argentina e suica,jogo da argentina e suíça,suíça e argentina,suica e argentina,resultado do jogo argentina e suíça,suiça x argentina,argentina x suíça onde assistir,quanto foi o jogo da argentina,jogo da argentina hoje,argentina placar,seleção suíça de futebol,resultado argentina e suíça,argentina suíça,suíça x argentina,argentina ganhou,placar argentina e suíça,placar do jogo da argentina,resultado do jogo da argentina e suíça,seleção argentina de futebol,argentina - suíça,argentina jogo,resultado de argentina e suíça,quanto ficou o jogo da argentina,argentina vs suica,argentina hoje,argentina seleção,jogo copa hoje,quem fez o gol da argentina,resultado da argentina,quem fez os gols da argentina,jogo de hoje,resultado jogo da argentina,quem ganhou o jogo da argentina,placar argentina e suiça,argentina vs suiça,seleção argentina,suiça,resultado da argentina e suíça,o jogo da argentina,resultado jogo argentina,argentina suiça,onde assistir argentina e suíça,jogo da argentina na copa do mundo,jogo suica e argentina,como foi o jogo da argentina,como ficou o jogo da argentina,arg,quanto foi o jogo da argentina e suíça,argentina e suécia,argentina ontem,selecao argentina,resultado argentina,argentina ganhou?,argentina versus suíça,resultado do jogo de argentina e suíça,seleção argentina de futebol x seleção suíça de futebol minuto a minuto,suiça e argentina,suica argentina,jogo argentina e suiça,jogo,quem fez os gols da argentina ontem,placar da argentina,placar argentina,argentina ganhou ou perdeu,qual o resultado do jogo da argentina,futebol argentina suíça,que horas vai ser o jogo da argentina,quem ganhou o jogo entre argentina e suíça,que horas é o jogo da argentina,estatísticas de seleção argentina de futebol x seleção suíça de futebol,resultado do jogo da argentina hoje,quem ganhou o jogo ontem argentina ou suíça,jogo da copa do mundo,argentina e suecia,horário do jogo da argentina,melhores momentos de argentina e suíça,que horas é o jogo da argentina hoje,resultado do jogo argentina,onde vai passar o jogo da argentina,escalações de seleção argentina de futebol x seleção suíça de futebol,quanto ficou o jogo da argentina e suíça,quanto tá o jogo da argentina e suíça,placar jogo argentina,argentina ganhou o jogo,quanto foi o jogo argentina e suíça,quem ganhou o jogo argentina,jogo de argentina e suíça,seleção da argentina,onde assistir argentina x suiça,jogo argentina x suica,jogo da argentina hoje ao vivo,argentina jogo hoje,jogo da argentina ao vivo,quem ganhou o jogo da argentina e suíça,quanto que tá o jogo da argentina,gols da argentina,seleção argentina de futebol x seleção suíça de futebol,argentina x suica onde assistir,quem ganhou argentina,qual o horário do jogo da argentina,quanto está o jogo da argentina,argentina contra suíça,onde vai passar o jogo da argentina hoje,o resultado do jogo da argentina,resultado do jogo entre argentina e suíça,jogo argentina suíça,qual o placar do jogo da argentina,argentina x suíça ao vivo,qual foi o resultado do jogo da argentina,tem jogo hoje,arg x sui,resultado jogo argentina hoje,horário do jogo da argentina hoje,onde assistir o jogo da argentina,argentina agora,como está o jogo da argentina,quanto tá o jogo argentina e suíça,argentina hoje jogo,gol da argentina,argentina e suíça ao vivo,que hora é o jogo da argentina hoje,scaloni,onde assistir o jogo da argentina hoje,argentina e suíça placar,quem ganhou argentina ou suica,resultado do jogo da argentina de hoje,como é que ficou o jogo da argentina,placar jogo da argentina,quanto tá argentina e suíça,arg x suiça,tagliafico,quanto saiu o jogo da argentina,que horas é o jogo da argentina e suíça,jogo suica,qual o resultado do jogo argentina e suíça,quem venceu argentina ou suíça,jogo argentina copa,jogo da argentina agora,argentina e suica onde assistir,jogo da argentina e suiça,quem ganhou o jogo de hoje argentina ou suíça,resultado jogo argentina e suíça,jogo da copa ao vivo,assistir o jogo da argentina,quem ganhou argentina ou suiça,resultado do jogo suíça e argentina,placar argentina e suica,quanto é que tá o jogo da argentina,argentina e suíça resultado,jogo do argentina,quanto foi o jogo da argentina hoje,argentina e suica placar,qual canal vai passar o jogo da argentina,horario jogo argentina,argentina x suíça placar,argentina futebol,prorrogação,a globo vai transmitir o jogo da argentina hoje,de quanto saiu o jogo da argentina,que horas que é o jogo da argentina,quanto tá o jogo de argentina e suíça,jogo argentina suica,qual foi o placar do jogo da argentina,argentina suica 2026,qual foi o resultado do jogo da argentina ontem,suiça jogo,quanto ficou o jogo de argentina e suíça,a argentina ganhou,como saiu o jogo da argentina,argentina e suissa,que horas é o jogo da copa,quanto ficou argentina e suíça,placar jogo argentina hoje,onde assistir argentina,jogo suíça e argentina,jogo da argentina de hoje,argentina placar hoje,resultado do jogo de argentina,resultado argentina e suiça,placar do jogo da argentina ontem,argentina onde assistir,jogo ao vivo da argentina,que horas vai ser o jogo da argentina e suíça,argentina e suica horario,placar do jogo da argentina de hoje,jogo argentina hoje horario,alvarez,copa jogo argentina,quanto foi argentina e suíça,horário do jogo argentina e suíça,placar do jogo argentina,jogos argentina copa,quem fez o gol da argentina contra a suíça,resultado jogo argentina e suiça,quanto esta o jogo da argentina,quanto ficou o jogo argentina e suíça,argentina vai jogar com quem,onde assistir seleção argentina de futebol x seleção suíça de futebol,jogo.copa,quem ganhou o jogo de hoje argentina,jogo de hoje argentina,jogo da argentina com a suíça,quem marcou o gol da argentina,jogo da argentina e da suíça,qual foi o placar de argentina e suíça,argentina jogou ontem,jogos da argentina na copa do mundo 2026,onde assistir jogo da copa hoje,placar argentina x suiça,argentina quantas copas,onde assistir o jogo da copa hoje,selecao suica,onde está passando o jogo da argentina,onde assistir argentina hoje,que horas vai ser o jogo da argentina hoje,jogos da argentina,horario do jogo da argentina,argentina e suíça ontem,quanto que ficou o jogo da argentina,zakaria,jogo argentino,qual canal vai passar o jogo da argentina hoje,argentina x suíça onde assistir hoje,aonde vai passar o jogo da argentina,que horas começa o jogo da argentina,copa do mundo 2014,onde vai ser o jogo da argentina hoje,macallister,quem fez o gol da argentina contra suíça,argentina x suiça onde assistir,argentina x suíça gols,quem fez os gols da argentina contra a suíça,escalação argentina,jogo da argentina hoje onde assistir,jogo suiça,xhaka suiça,onde assistir jogo da argentina hoje,jogo da argentina onde assistir,quero assistir o jogo da argentina,jogo da argentina e suíça ao vivo,semi final da copa,argentina e suíça,argentina x suíça quem fez o gol,copa do mundo argentina,quem fez os gols da argentina hoje,murat yakin,jogo da suica,argentina x suíça resultado,jogo ao vivo argentina e suíça,horario jogo argentina e suica,resultado dos jogos da copa do mundo,resultado argentina e suica,melhores momentos do jogo da argentina,quem fez o gol da argentina de hoje,argentina tem quantas copas,quanto foi o jogo da argentina com a suíça,quem ganhou argentina e suíça,jogo argentina agora,quem ganhou entre argentina e suíça,argentina x suíça palpite,quando é o jogo da argentina,que hora que é o jogo da argentina hoje,argentina x suíça melhores momentos,resultado do jogo argentina e suiça,argentina resultado,resultado de argentina,de quanto tá o jogo da argentina,jogo da argentina quem ganhou,tecnico da suica","./explore?q=argentina%20x%20sui%C3%A7a&geo=BR"
"caixa econômica federal","50 mil+","12 de julho de 2026 às 17:50:00 UTC-3","13 de julho de 2026 às 20:50:00 UTC-3","caixa econômica federal","./explore?q=caixa%20econ%C3%B4mica%20federal&geo=BR"
"argentina e suíça","200 mil+","10 de julho de 2026 às 17:50:00 UTC-3","13 de julho de 2026 às 08:20:00 UTC-3","argentina e suíça,suica x argentina,embolo,breel embolo,embolo expulso,manuel akanji,embolo jogador,murat yakin,embolo suíça,tecnico da suica,tecnico da suiça,jogo da copa ontem,tecnico suica,jogo da suíça,expulsao embolo,suiça seleção,embolo suica,expulsao suica,suiça x,técnico da suiça,argentina x suécia,tecnico suiça,cartao vermelho suica,tecnico argentina,suiça copa","./explore?q=argentina%20e%20su%C3%AD%C3%A7a&geo=BR"
"franca x marrocos","1 mi+","7 de julho de 2026 às 14:00:00 UTC-3","12 de julho de 2026 às 01:40:00 UTC-3","franca x marrocos,frança e marrocos,franca e marrocos,marrocos e frança,jogo frança e marrocos,marrocos x frança,frança x,franca,jogo franca e marrocos,frança,jogo de frança,franca marrocos,frança marrocos,jogo marrocos e frança,jogo frança,jogo da frança e marrocos,jogo da frança,jogo franca,marrocos e franca,jogos da copa hoje,franca x,quem ganhou frança ou marrocos,hoje tem jogo da copa,resultado do jogo da frança,jogo da franca,dembele,hakimi,frança - marrocos,jogo do flamengo hoje,jogo franca hoje,jogo da copa hoje,placar frança e marrocos,bono goleiro,franca vs marrocos,resultado do jogo frança e marrocos,que horas é o jogo da frança,copa,frança e marrocos hoje,frança hoje,bono,resultado frança e marrocos,frança seleção,marrocos x franca,resultado de frança e marrocos,jogo copa,jogo copa hoje,estatísticas de seleção francesa de futebol x seleção marroquina de futebol,resultado do jogo da frança e marrocos,jogo da copa,jogo da frança hoje,lucas digne,selecao francesa,seleção francesa,jogo de frança e marrocos,franca e argentina,frança versus marrocos,jogos copa,escalações de seleção francesa de futebol x seleção marroquina de futebol,frança x marrocos jogos,que hora é o jogo da frança,goleiro bono,seleção francesa de futebol,placar do jogo da frança,frança jogo,mbappé,arbitragem franca x marrocos,quem ganhou o jogo frança ou marrocos,horário do jogo da frança,copa do mundo 2022,placar franca e marrocos,frança x marrocos 2022,marrocos vs frança,jogo da copa amanhã,quanto tá o jogo da frança e marrocos,marrocos franca,resultado do jogo de frança e marrocos,horário do jogo frança e marrocos,seleção da frança,frança vs,jogo flamengo hoje,marrocos frança,copa 2022,frança x marrocos 2026,placar do jogo frança e marrocos,seleção marroquina de futebol,digne,frança contra marrocos,anass salah-eddine,bono marrocos,jogo de franca copa 2026 hoje,goleiro marrocos,quem ganhou marrocos ou frança,placar de frança e marrocos,resultado da frança,frança copa do mundo,quanto foi o jogo da frança,frança e marrocos ao vivo,kante,quanto tá o jogo frança e marrocos,que hora é o jogo da frança e marrocos,kone,deschamps,jogos,jogos copa do mundo,placar marrocos e frança,que horas é o jogo da frança e marrocos,jogo de marrocos e frança,marrocos jogos copa,mbappe perdeu penalti,goleiro do marrocos,resultado franca e marrocos,seleção francesa de futebol x seleção marroquina de futebol,quanto foi o jogo da frança e marrocos,resultado do jogo da frança de hoje,franca vs,quem fez o gol da frança,que horas vai ser o jogo da frança,quem fez os gols da frança,franca x marrocos 2022,resultado da frança e marrocos,próximos jogos da copa do mundo,quanto ficou o jogo da frança,franca hoje,argentina x frança,argentina e frança,bono goleiro marrocos,arbitragem frança x marrocos,que horas é o jogo da frança hoje,próximo jogo da frança,quanto tá o jogo de frança e marrocos,jogo marrocos,horário do jogo da frança hoje,bonou,frança x marrocos onde assistir,selecao franca,semifinal copa do mundo 2026,facundo tello,franca e marrocos horario,horário do jogo da frança e marrocos,frança e argentina,que horas é o jogo de frança e marrocos,placar frança,franca e marrocos 2026,quantos mundiais tem a frança,resultado do jogo da frança hoje,jogo frança x marrocos,onde assistir frança e marrocos,argentina x marrocos,jogo frança e marrocos ao vivo,frança vs marrocos,que hora que é o jogo da frança,maior,quanto ficou o jogo da frança e marrocos,quem ganhou o jogo entre frança e marrocos,resultado jogo frança e marrocos,quem ganhou franca ou marrocos,copa do mundo hoje","./explore?q=franca%20x%20marrocos&geo=BR"
"janja lula da silva","1 mil+","13 de julho de 2026 às 21:50:00 UTC-3",,"janja lula da silva,cientista político","./explore?q=janja%20lula%20da%20silva&geo=BR"
"bleach","500+","13 de julho de 2026 às 23:10:00 UTC-3",,"bleach","./explore?q=bleach&geo=BR"
"resumo novela coração acelerado","10 mil+","13 de julho de 2026 às 22:20:00 UTC-3",,"resumo novela coração acelerado,resumo de coração acelerado,resumo da novela coração acelerado,resumo coração acelerado,coração acelerado resumo,isabelle drummond,coração acelerado novela resumo,novela coração acelerado","./explore?q=resumo%20novela%20cora%C3%A7%C3%A3o%20acelerado&geo=BR"
"flamengo x benfica","500 mil+","11 de julho de 2026 às 07:50:00 UTC-3","13 de julho de 2026 às 08:10:00 UTC-3","flamengo x benfica,benfica x flamengo,flamengo,flamengo e benfica,benfica,jogo do flamengo,flamengo x,prestianni,flamengo hoje,jogo do flamengo hoje,benfica flamengo,jogo flamengo,benfica x flamengo que horas,fla,jogo flamengo hoje,flamengo benfica,benfica x flamengo onde assistir,flamengo joga hoje,jogos de flamengo,jogo do flamengo e benfica,quanto tá o jogo do flamengo,flamengo vs benfica,placar do jogo do flamengo,flamengo x benfica 2026,flamengo x benfica onde assistir,que horas é o jogo do flamengo,jogo do flamengo hoje ao vivo,que hora é o jogo do flamengo,jogo do flamengo de hoje,benfica x flamengo placar,jogos do flamengo,benfica x flamengo horário,resultado do jogo flamengo e benfica,benfica x,flamengo jogo,flamengo ao vivo,fla x,amistoso do flamengo,estádio algarve,fla x benfica,onde assistir sport lisboa e benfica x flamengo,quanto tá o jogo do flamengo e benfica,hoje tem jogo do flamengo,onde assistir flamengo hoje,que horas é o jogo do flamengo hoje,onde assistir o jogo do flamengo hoje,quanto foi o jogo do flamengo,flamengo onde assistir,onde vai passar o jogo do flamengo,jogo do flamengo ao vivo,horário do jogo do flamengo,trofeu algarve,onde vai passar o jogo do flamengo hoje,horário do jogo do flamengo hoje,que hora é o jogo do flamengo hoje,benfica x flamengo horario,benfica x flamengo resultado,leonardo jardim,flamengo e benfica onde assistir,onde assistir flamengo e benfica,onde assistir o jogo do flamengo,troféu do algarve,flamengo x benfica horario,flamengo placar,flamengo vs,flamengo campeão,quanto ficou o jogo do flamengo,que horas é o jogo do flamengo e benfica,jogo do flamengo hoje onde assistir,jogo do flamengo hoje horário,amistoso flamengo","./explore?q=flamengo%20x%20benfica&geo=BR"
"crb x goiás","50 mil+","12 de julho de 2026 às 18:00:00 UTC-3","13 de julho de 2026 às 20:40:00 UTC-3","crb x goiás,classificações de crb x goias ec,crb,crb x,goias,goias x,crb x goias,goiás esporte clube","./explore?q=crb%20x%20goi%C3%A1s&geo=BR"
"lotofácil 3734","100 mil+","13 de julho de 2026 às 21:10:00 UTC-3",,"lotofácil 3734,lotofacil 3734,resultado da lotofácil de hoje,lotofacil 3733,resultado da lotofácil 3734,resultado da lotofácil concurso 3734,loteria,lotofacil 3732,lotofácil de hoje,lotofácil 3733,lotofacil 3730,lotofacil 3731,lotofácil 3732,resultado da lotofácil concurso 3732,resultado da lotofácil 3732,lotofácil 3731,caixa,resultado da lotofácil 3733,lotofácil 3730,resultado da lotofácil concurso 3730,lotofácil 3729,resultado da lotofácil 3731,resultado da lotofácil concurso 3731,loterias resultado lotofacil,resultado da lotofácil 3729,loto facil 3732,resultado lotofácil 3732,resultado lotofacil 3732,resultado lotofacil 3729,lotofacil hoje,resultado lotofácil 3731,resultado da lotofácil de ontem,resultado lotofácil","./explore?q=lotof%C3%A1cil%203734&geo=BR"
"quadrix","10 mil+","13 de julho de 2026 às 08:20:00 UTC-3","14 de julho de 2026 às 00:40:00 UTC-3","quadrix,sedes df","./explore?q=quadrix&geo=BR"
"corinthians x","100 mil+","11 de julho de 2026 às 15:50:00 UTC-3","13 de julho de 2026 às 09:30:00 UTC-3","corinthians x,jogo do corinthians,jogo de ontem,corinthians joga hoje,jogo ontem","./explore?q=corinthians%20x&geo=BR"
"exame toxicológico","1 mil+","13 de julho de 2026 às 19:50:00 UTC-3",,"exame toxicológico","./explore?q=exame%20toxicol%C3%B3gico&geo=BR"
"américa-rn x trem","10 mil+","13 de julho de 2026 às 19:30:00 UTC-3","13 de julho de 2026 às 23:50:00 UTC-3","américa-rn x trem,america rn","./explore?q=am%C3%A9rica-rn%20x%20trem&geo=BR"
"virginia e vini jr voltaram","5 mil+","13 de julho de 2026 às 13:50:00 UTC-3",,"virginia e vini jr voltaram,virginia,virginia e vini jr","./explore?q=virginia%20e%20vini%20jr%20voltaram&geo=BR"
"bonnie tyler","200 mil+","9 de julho de 2026 às 06:20:00 UTC-3","13 de julho de 2026 às 04:40:00 UTC-3","bonnie tyler,total eclipse of the heart,bonnie tyler total eclipse of the heart,total eclipse,bonnie tyler it's a heartache,holding out for a hero","./explore?q=bonnie%20tyler&geo=BR"
"fies","500+","13 de julho de 2026 às 23:50:00 UTC-3",,"fies","./explore?q=fies&geo=BR"
"rihanna","2 mil+","13 de julho de 2026 às 12:50:00 UTC-3",,"rihanna","./explore?q=rihanna&geo=BR"
"ufc","200 mil+","11 de julho de 2026 às 18:00:00 UTC-3","12 de julho de 2026 às 09:40:00 UTC-3","ufc,ufc 329,ufc hoje,mcgregor x holloway,luta mcgregor,conor mcgregor x max holloway 2,luta conor mcgregor,ufc ao vivo,ufc hj,card ufc hoje,lesão mcgregor,lutas ufc hoje,luta do mcgregor,ufc card,card ufc,onde vai passar a luta do mcgregor,card ufc 329,ufc hoje ao vivo,mcgregor luta,max holloway vs conor mcgregor,ufc onde assistir,ufc hoje card,luta ufc hoje,onde assistir ufc hoje,luta hoje,holloway,luta ufc,mcgregor x,conor mcgregor x holloway,que horas e a luta do mcgregor,luta mcgregor horario,ufc 329 onde assistir,luta,ufc 329 conor mcgregor,que horas é a luta do mcgregor,onde assistir ufc,assistir ufc ao vivo,luta do conor mcgregor,luta mcgregor x holloway,que horas vai ser a luta do mcgregor,onde assistir mcgregor vs holloway,holloway x mcgregor,ufc.,luta de conor mcgregor,conor mcgregor x max holloway,mcgregor x holloway 2,ufc mcgregor,ufc hoje onde assistir,mcgregor x holloway onde assistir,luta mcgregor onde assistir,conor x holloway,conor mcgregor luta,luta mcgregor onde vai passar,mcgregor onde assistir,assistir ufc,horario luta mcgregor,combate,mcgregor x holloway quem ganhou,luta conor mcgregor onde assistir,conor mcgregor onde assistir,horario da luta do mcgregor,ufc 329 card","./explore?q=ufc&geo=BR"
"paysandu x guarani","50 mil+","12 de julho de 2026 às 15:10:00 UTC-3","13 de julho de 2026 às 17:10:00 UTC-3","paysandu x guarani,paysandu,jogo do paysandu,guarani,paysandu x,paysandu hoje,paysandu sport club,jogo do paysandu hoje,brasileiro série c","./explore?q=paysandu%20x%20guarani&geo=BR"
"silas malafaia","10 mil+","13 de julho de 2026 às 07:20:00 UTC-3","14 de julho de 2026 às 00:40:00 UTC-3","silas malafaia","./explore?q=silas%20malafaia&geo=BR"
"palworld","5 mil+","10 de julho de 2026 às 00:50:00 UTC-3",,"palworld","./explore?q=palworld&geo=BR"
"conor mcgregor","100 mil+","9 de julho de 2026 às 23:30:00 UTC-3","13 de julho de 2026 às 04:40:00 UTC-3","conor mcgregor,mcgregor,max holloway,mc gregor,t-mobile arena,conor mcgregor vs max holloway,mcgregor vs holloway,conor mc,conor,connor mcgregor,ufc online,john garza,ufc conor mcgregor vs max holloway,islam makhachev","./explore?q=conor%20mcgregor&geo=BR"
"itabaiana x brusque","20 mil+","13 de julho de 2026 às 19:30:00 UTC-3","13 de julho de 2026 às 23:40:00 UTC-3","itabaiana x brusque,brusque fc,serie c","./explore?q=itabaiana%20x%20brusque&geo=BR"
"menino","50 mil+","11 de julho de 2026 às 12:10:00 UTC-3","13 de julho de 2026 às 22:50:00 UTC-3","menino","./explore?q=menino&geo=BR"
"avaí x náutico","50 mil+","12 de julho de 2026 às 15:00:00 UTC-3","13 de julho de 2026 às 17:10:00 UTC-3","avaí x náutico,avai,avai x nautico,avai x,avai fc,nautico x,náutico,jogo do avaí","./explore?q=ava%C3%AD%20x%20n%C3%A1utico&geo=BR"
"rodrigo faro","100 mil+","10 de julho de 2026 às 18:50:00 UTC-3","12 de julho de 2026 às 21:40:00 UTC-3","rodrigo faro","./explore?q=rodrigo%20faro&geo=BR"
"jacqueline brazil","20 mil+","12 de julho de 2026 às 14:50:00 UTC-3","13 de julho de 2026 às 20:00:00 UTC-3","jacqueline brazil","./explore?q=jacqueline%20brazil&geo=BR"
"mahmoud ahmadinejad","10 mil+","13 de julho de 2026 às 13:50:00 UTC-3","14 de julho de 2026 às 00:20:00 UTC-3","mahmoud ahmadinejad","./explore?q=mahmoud%20ahmadinejad&geo=BR"
"operário x novorizontino","50 mil+","12 de julho de 2026 às 10:10:00 UTC-3","13 de julho de 2026 às 12:30:00 UTC-3","operário x novorizontino,operario,novorizontino,operario x novorizontino,grêmio novorizontino,operario x,operário ferroviário esporte clube,operário","./explore?q=oper%C3%A1rio%20x%20novorizontino&geo=BR"
"nubank","50 mil+","13 de julho de 2026 às 04:30:00 UTC-3","13 de julho de 2026 às 20:10:00 UTC-3","nubank,hbo","./explore?q=nubank&geo=BR"
"adriana novela quem ama cuida","50 mil+","8 de julho de 2026 às 17:50:00 UTC-3","14 de julho de 2026 às 00:00:00 UTC-3","adriana novela quem ama cuida,quem ama cuida?,resumo novela coração acelerado,quem,resumo novela quem ama cuida,resumo da novela quem ama cuida,leticia colin,resumo de quem ama cuida,isabel teixeira,quem ama cuida elenco","./explore?q=adriana%20novela%20quem%20ama%20cuida&geo=BR"
"lindsey graham","20 mil+","12 de julho de 2026 às 04:00:00 UTC-3","13 de julho de 2026 às 18:40:00 UTC-3","lindsey graham,whats,what,t,net","./explore?q=lindsey%20graham&geo=BR"
"thais carla","100 mil+","10 de julho de 2026 às 13:30:00 UTC-3","13 de julho de 2026 às 16:20:00 UTC-3","thais carla","./explore?q=thais%20carla&geo=BR"
"gta 6","10 mil+","13 de julho de 2026 às 13:00:00 UTC-3","13 de julho de 2026 às 23:10:00 UTC-3","gta 6","./explore?q=gta%206&geo=BR"
"corinthians x cascavel","100 mil+","12 de julho de 2026 às 10:10:00 UTC-3","13 de julho de 2026 às 14:10:00 UTC-3","corinthians x cascavel,fc cascavel x corinthians,jogo do corinthians hoje,jogo corinthians,cascavel x corinthians,corinthians e cascavel,cascavel fc,jogo corinthians hoje,cascavel,onde assistir fc cascavel x corinthians,amistoso corinthians,corinthians x cascavel onde assistir,corinthians onde assistir,fc cascavel x corinthians onde assistir,jogo do corinthians de hoje,fc cascavel x corinthians que horas,onde assistir corinthians hoje,onde vai passar o jogo do corinthians,amistoso,corinthians cascavel,jogos de corinthians,cascavel e corinthians,fc cascavel,jogos de hoje ao vivo,jogos do corinthians,que horas é o jogo do corinthians,corinthians hoje onde assistir,onde assistir corinthians,onde assistir o jogo do corinthians hoje,que horas é o jogo do corinthians hoje,onde vai passar o jogo do corinthians hoje,que hora que é o jogo do corinthians hoje,jogo do corinthians hoje onde assistir,fc cascavel x corinthians horario,onde assistir o jogo do corinthians,corinthians fc,onde assistir corinthians x cascavel,matheus pereira,matheus pereira corinthians,jogo do corinthians onde assistir,jogo do corinthians ao vivo,cascavel time,corinthians x cascavel placar","./explore?q=corinthians%20x%20cascavel&geo=BR"
"airbus a320","500+","13 de julho de 2026 às 22:20:00 UTC-3",,"airbus a320","./explore?q=airbus%20a320&geo=BR"
"greve postos gasolina","20 mil+","12 de julho de 2026 às 16:10:00 UTC-3","13 de julho de 2026 às 16:40:00 UTC-3","greve postos gasolina,greve gasolina","./explore?q=greve%20postos%20gasolina&geo=BR"
"clube do remo","10 mil+","12 de julho de 2026 às 19:40:00 UTC-3","13 de julho de 2026 às 23:20:00 UTC-3","clube do remo","./explore?q=clube%20do%20remo&geo=BR"
"receita federal do brasil","200 mil+","10 de julho de 2026 às 21:20:00 UTC-3","12 de julho de 2026 às 10:40:00 UTC-3","receita federal do brasil","./explore?q=receita%20federal%20do%20brasil&geo=BR"
"pis/pasep","10 mil+","13 de julho de 2026 às 12:00:00 UTC-3","13 de julho de 2026 às 19:10:00 UTC-3","pis/pasep,pagamento pis pasep,pis 2026","./explore?q=pis%2Fpasep&geo=BR"
"cruzeiro x grêmio","100 mil+","12 de julho de 2026 às 08:10:00 UTC-3","13 de julho de 2026 às 13:40:00 UTC-3","cruzeiro x grêmio,cruzeiro,gremio x cruzeiro,jogo do cruzeiro,cruzeiro x,brasileirão,cruzeiro-grêmio,cruzeiro x gremio,gremio x,cruzeiro hoje,jogo do gremio,gremio hoje,jogo do grêmio,cruzeiro e gremio,jogo cruzeiro,jogo do grêmio hoje,grêmio x cruzeiro,artur jorge,cruzeiro esporte clube,gremio tv,onde assistir cruzeiro esporte clube x grêmio,amistoso cruzeiro x grêmio,cruzeiro x gremio onde assistir,cruzeiro x grêmio onde assistir,grêmio e cruzeiro,tv cruzeiro,gremio x cruzeiro onde assistir,jogo do cruzeiro hoje ao vivo,onde assistir cruzeiro-grêmio,onde vai passar o jogo do cruzeiro,onde assistir cruzeiro hoje,cruzeiro x grêmio amistoso,grêmio x","./explore?q=cruzeiro%20x%20gr%C3%AAmio&geo=BR"
"cpfl","20 mil+","13 de julho de 2026 às 07:50:00 UTC-3","13 de julho de 2026 às 20:30:00 UTC-3","cpfl","./explore?q=cpfl&geo=BR"
"jovane cabral","50 mil+","12 de julho de 2026 às 19:10:00 UTC-3","13 de julho de 2026 às 16:30:00 UTC-3","jovane cabral,gremio,grêmio,jovane cabral cabo verde,jovane cabral gremio","./explore?q=jovane%20cabral&geo=BR"
"feriado","2 mil+","13 de julho de 2026 às 22:50:00 UTC-3","14 de julho de 2026 às 00:40:00 UTC-3","feriado","./explore?q=feriado&geo=BR"
"lindbergh farias","20 mil+","12 de julho de 2026 às 07:20:00 UTC-3","13 de julho de 2026 às 21:30:00 UTC-3","lindbergh farias,carta de bolsonaro,alexandre de moraes,metropoles","./explore?q=lindbergh%20farias&geo=BR"
"sport recife x botafogo sp","200 mil+","10 de julho de 2026 às 19:00:00 UTC-3","12 de julho de 2026 às 08:30:00 UTC-3","sport recife x botafogo sp,classificações de sport recife x botafogo sp,jogo do sport,sport x botafogo sp,sport x,série b,brasileirão série b,sport club do recife,botafogo sp,jogo sport,brasileirao b,onde assistir sport x botafogo sp,sport x botafogo,sport recife x","./explore?q=sport%20recife%20x%20botafogo%20sp&geo=BR"
"dom bertrand dom rafael casamento","5 mil+","13 de julho de 2026 às 14:10:00 UTC-3","14 de julho de 2026 às 00:10:00 UTC-3","dom bertrand dom rafael casamento","./explore?q=dom%20bertrand%20dom%20rafael%20casamento&geo=BR"
"cavalry fc","500+","13 de julho de 2026 às 22:50:00 UTC-3",,"cavalry fc,vancouver fc","./explore?q=cavalry%20fc&geo=BR"
"pesquisa btg","50 mil+","13 de julho de 2026 às 12:00:00 UTC-3","13 de julho de 2026 às 20:30:00 UTC-3","pesquisa btg,pesquisa,pesquisa eleitoral 2026,pesquisa btg nexus,quaest pesquisa,lula pesquisa eleitoral,quaest pesquisa bolsonaro,btg,pesquisa quaest,nova pesquisa quaest para presidente 2026,nova pesquisa quaest","./explore?q=pesquisa%20btg&geo=BR"
"polícia rodoviária","5 mil+","13 de julho de 2026 às 09:20:00 UTC-3","13 de julho de 2026 às 21:40:00 UTC-3","polícia rodoviária","./explore?q=pol%C3%ADcia%20rodovi%C3%A1ria&geo=BR"
"timon","20 mil+","12 de julho de 2026 às 16:10:00 UTC-3","13 de julho de 2026 às 18:10:00 UTC-3","timon","./explore?q=timon&geo=BR"
"locutor esportivo","200 mil+","7 de julho de 2026 às 19:30:00 UTC-3","10 de julho de 2026 às 09:20:00 UTC-3","locutor esportivo,globo demite narrador,sergio arenillas,globo,demissão","./explore?q=locutor%20esportivo&geo=BR"
"fluminense x nova iguaçu","200 mil+","8 de julho de 2026 às 18:20:00 UTC-3","10 de julho de 2026 às 07:10:00 UTC-3","fluminense x nova iguaçu,fluminense,fluminense x,fluminense hoje,amistosos,fluminense x nova iguaçu futebol clube,fluminense - nova iguaçu,fluminense football club,fluminense vs nova iguaçu,jogo fluminense,fluminense fc,fluminense x nova iguaçu onde assistir,fluminense x nova iguaçu gols,jogo do fluminense hoje,onde assistir fluminense x nova iguaçu futebol clube,jogo fluminense hoje","./explore?q=fluminense%20x%20nova%20igua%C3%A7u&geo=BR"
"suíça x colômbia","500 mil+","7 de julho de 2026 às 15:20:00 UTC-3","8 de julho de 2026 às 20:40:00 UTC-3","suíça x colômbia,colombia x suiça,suica x colombia,colombia x suica,colombia x,suica e colombia,colombia e suica,suiça e colombia,suíça e colômbia,colômbia x suíça,jogo colombia,colômbia,jogo da colômbia,colombia suica,colômbia x,colombia e suiça,colombia jogo,jogo da colombia,suiça x colombia,suíça,jogo da colombia hoje,colombia vs suiça,seleção colombiana de futebol,colombia hoje,jogo colombia hoje,colombia seleção,suiça,campaz,jogo colômbia,colombia copa do mundo,jogo da suíça,seleção colombiana,suica colombia,colombia x suíça,manzambi,suíça vs colômbia,akanji,colômbia x suica,suica x,resultado de colômbia e suíça,jogo da colômbia e suíça,que hora é o jogo da colômbia,colombia vs suica,horário do jogo da colômbia,que horas é o jogo da colômbia,colômbia e suiça,kobel goleiro,jogo colombia e suiça,resultado do jogo suíça e colômbia,argentina x suíça,goleiro colombia,seleção suíça de futebol,argentina e suíça,colômbia jogo,campaz colombia,jogo colômbia e suíça,resultado de suíça e colômbia,goleiro da colombia,suíça - colômbia,jogadores da colômbia,placar do jogo de hoje,jogo agora placar,resultado do jogo da colômbia hoje,suiça colombia","./explore?q=su%C3%AD%C3%A7a%20x%20col%C3%B4mbia&geo=BR"
"rob dieperink","2 mil+","13 de julho de 2026 às 15:40:00 UTC-3","14 de julho de 2026 às 00:00:00 UTC-3","rob dieperink","./explore?q=rob%20dieperink&geo=BR"
"benefício","5 mil+","13 de julho de 2026 às 16:00:00 UTC-3","13 de julho de 2026 às 22:00:00 UTC-3","benefício","./explore?q=benef%C3%ADcio&geo=BR"
"uber","10 mil+","13 de julho de 2026 às 14:00:00 UTC-3","13 de julho de 2026 às 20:20:00 UTC-3","uber","./explore?q=uber&geo=BR"
"jogo do ceará","2 mil+","13 de julho de 2026 às 20:20:00 UTC-3","13 de julho de 2026 às 23:50:00 UTC-3","jogo do ceará,jogo do ceara","./explore?q=jogo%20do%20cear%C3%A1&geo=BR"
"mega sena 3030","100 mil+","11 de julho de 2026 às 07:10:00 UTC-3","13 de julho de 2026 às 22:10:00 UTC-3","mega sena 3030,resultado da mega sena 3030,mega sena 3029,mega sena 3028,mega 3029,resultado da mega-sena concurso 3030,mega sena,resultado da mega-sena 3030,resultado mega sena 3030,resultado,mega-sena 3030,aposta,resultado da mega sena concurso 3030,mega sena 3029 resultado,resultado mega sena 3029,mega-sena resultado,resultado mega sena,resultado da mega-sena de hoje,mega sena resultado,resultado da mega-sena concurso 3029,mega sena hoje,mega sena 3030 resultado,resultado da mega sena,resultado da mega-sena 3029,resultado da mega-sena de ontem,resultado da mega sena 3029,resultado mega sena hoje,resultado da mega sena concurso 3029","./explore?q=mega%20sena%203030&geo=BR"
"juiz","2 mil+","13 de julho de 2026 às 16:20:00 UTC-3","14 de julho de 2026 às 00:30:00 UTC-3","juiz","./explore?q=juiz&geo=BR"
"jogo da copa hoje","200 mil+","11 de julho de 2026 às 13:40:00 UTC-3","12 de julho de 2026 às 01:40:00 UTC-3","jogo da copa hoje,jogos da copa hoje,jogo de hoje da copa do mundo,jogo da copa,jogo hoje,jogos de hoje da copa do mundo,jogo de hoje da copa,infantino,jogo de hoje copa do mundo","./explore?q=jogo%20da%20copa%20hoje&geo=BR"
"joão guilherme ávila","50 mil+","9 de julho de 2026 às 14:30:00 UTC-3","12 de julho de 2026 às 08:20:00 UTC-3","joão guilherme ávila","./explore?q=jo%C3%A3o%20guilherme%20%C3%A1vila&geo=BR"
"galaxy s27","10 mil+","12 de julho de 2026 às 18:20:00 UTC-3","13 de julho de 2026 às 16:10:00 UTC-3","galaxy s27","./explore?q=galaxy%20s27&geo=BR"
"fiat","20 mil+","11 de julho de 2026 às 09:30:00 UTC-3","13 de julho de 2026 às 21:50:00 UTC-3","fiat","./explore?q=fiat&geo=BR"
"ana castela","2 mil+","13 de julho de 2026 às 12:30:00 UTC-3","13 de julho de 2026 às 22:40:00 UTC-3","ana castela","./explore?q=ana%20castela&geo=BR"
"rui rezende","10 mil+","12 de julho de 2026 às 18:10:00 UTC-3","13 de julho de 2026 às 22:10:00 UTC-3","rui rezende,rui resende","./explore?q=rui%20rezende&geo=BR"
"geada","20 mil+","13 de julho de 2026 às 06:30:00 UTC-3","13 de julho de 2026 às 23:10:00 UTC-3","geada,frio,previsão do tempo caxias do sul,temperatura porto alegre,climatempo","./explore?q=geada&geo=BR"
"edital","20 mil+","11 de julho de 2026 às 20:50:00 UTC-3","13 de julho de 2026 às 18:40:00 UTC-3","edital","./explore?q=edital&geo=BR"
"barra x santa cruz","50 mil+","12 de julho de 2026 às 10:10:00 UTC-3","12 de julho de 2026 às 23:20:00 UTC-3","barra x santa cruz,classificações de barra futebol clube x santa cruz futebol clube,santa cruz,santa cruz x,jogo do santa cruz,barra fc,santa cruz futebol clube","./explore?q=barra%20x%20santa%20cruz&geo=BR"
"prefeitura municipal de vitória da conquista","50 mil+","10 de julho de 2026 às 08:50:00 UTC-3","12 de julho de 2026 às 11:00:00 UTC-3","prefeitura municipal de vitória da conquista","./explore?q=prefeitura%20municipal%20de%20vit%C3%B3ria%20da%20conquista&geo=BR"
"el niño","20 mil+","12 de julho de 2026 às 14:20:00 UTC-3","13 de julho de 2026 às 08:00:00 UTC-3","el niño,el nino","./explore?q=el%20ni%C3%B1o&geo=BR"
"juventude x vila nova","100 mil+","10 de julho de 2026 às 17:50:00 UTC-3","11 de julho de 2026 às 19:50:00 UTC-3","juventude x vila nova,juventude,serie b,vila nova,brasileiro série b,juventude x,campeonato brasileiro série b,vila nova x,juventude x vila nova onde assistir,vila nova futebol clube,juventude x vila nova palpite,jogo do vila nova","./explore?q=juventude%20x%20vila%20nova&geo=BR"
"ouro","2 mil+","13 de julho de 2026 às 18:00:00 UTC-3","13 de julho de 2026 às 23:30:00 UTC-3","ouro","./explore?q=ouro&geo=BR"
"flaco lópez","20 mil+","11 de julho de 2026 às 21:30:00 UTC-3","13 de julho de 2026 às 07:40:00 UTC-3","flaco lópez,flaco lopez,palmeiras,resultado do jogo,tabela do brasileirão 2026,flaco lopes,tecnico da argentina,gol argentina","./explore?q=flaco%20l%C3%B3pez&geo=BR"
"faixa de totalidade","20 mil+","12 de julho de 2026 às 19:10:00 UTC-3","13 de julho de 2026 às 16:40:00 UTC-3","faixa de totalidade,eclipse solar,eclipse solar hoje","./explore?q=faixa%20de%20totalidade&geo=BR"
"ana cristina siqueira valle","20 mil+","10 de julho de 2026 às 08:00:00 UTC-3","12 de julho de 2026 às 11:40:00 UTC-3","ana cristina siqueira valle","./explore?q=ana%20cristina%20siqueira%20valle&geo=BR"
"edward boggis","100 mil+","9 de julho de 2026 às 06:10:00 UTC-3","11 de julho de 2026 às 09:30:00 UTC-3","edward boggis,edward boggiss,ator,câncer","./explore?q=edward%20boggis&geo=BR"
"notícia","20 mil+","12 de julho de 2026 às 06:40:00 UTC-3","12 de julho de 2026 às 19:50:00 UTC-3","notícia","./explore?q=not%C3%ADcia&geo=BR"
"irã","20 mil+","12 de julho de 2026 às 20:30:00 UTC-3","13 de julho de 2026 às 23:20:00 UTC-3","irã,estreito de ormuz,guerra irã eua,estreito,guerra ira eua,ira,globo.com","./explore?q=ir%C3%A3&geo=BR"
"mônica waldvogel","10 mil+","12 de julho de 2026 às 05:40:00 UTC-3","13 de julho de 2026 às 10:00:00 UTC-3","mônica waldvogel","./explore?q=m%C3%B4nica%20waldvogel&geo=BR"
"vnl feminina 2026","100 mil+","7 de julho de 2026 às 18:50:00 UTC-3","12 de julho de 2026 às 17:20:00 UTC-3","vnl feminina 2026,volei feminino,liga das nações de voleibol feminino,vnl,vnl feminina,volei feminino vnl,brasil x eua volei feminino,seleção brasileira de vôlei feminino,volei feminino brasil,brasil e tailandia volei,brasil x polonia volei,seleção brasileira vnl feminina,liga das nações de vôlei feminino 2026,vnl feminino,quem ganhou hoje,brasil x tailandia volei,quanto tá o jogo,brasil x eua,brasil e polonia volei,liga das nações de vôlei feminino,resultado jogo de hoje,seleção tailandesa de voleibol feminino,liga das nações,seleção japonesa de voleibol feminino,brasil tailandia volei feminino,brasil volei feminino,brasil volei","./explore?q=vnl%20feminina%202026&geo=BR"
"noruega vs inglaterra","20 mil+","11 de julho de 2026 às 09:10:00 UTC-3","12 de julho de 2026 às 11:40:00 UTC-3","noruega vs inglaterra","./explore?q=noruega%20vs%20inglaterra&geo=BR"
"fundo de garantia do tempo de serviço","2 mil+","13 de julho de 2026 às 18:30:00 UTC-3","13 de julho de 2026 às 21:40:00 UTC-3","fundo de garantia do tempo de serviço","./explore?q=fundo%20de%20garantia%20do%20tempo%20de%20servi%C3%A7o&geo=BR"
"starlink direct to cell no brasil","20 mil+","10 de julho de 2026 às 21:10:00 UTC-3","13 de julho de 2026 às 11:30:00 UTC-3","starlink direct to cell no brasil,celular starlink,starlink no celular,starlink celular","./explore?q=starlink%20direct%20to%20cell%20no%20brasil&geo=BR"
"quina 7064","20 mil+","13 de julho de 2026 às 21:10:00 UTC-3","14 de julho de 2026 às 00:00:00 UTC-3","quina 7064,quina 7063,resultado da quina 7064,quina 7061,quina 7059,resultado da quina 7063,resultado da quina concurso 7063,resultado da quina concurso 7062,resultado da quina concurso 7061,resultado da quina 7061,resultado da quina concurso 7060,resultado da quina 7059,resultado da quina concurso 7059,resultado da quina de ontem,resultado da quina de hoje,quina resultado","./explore?q=quina%207064&geo=BR"
"veículo elétrico","5 mil+","13 de julho de 2026 às 11:30:00 UTC-3","13 de julho de 2026 às 18:20:00 UTC-3","veículo elétrico","./explore?q=ve%C3%ADculo%20el%C3%A9trico&geo=BR"
"marcelo courrege","50 mil+","8 de julho de 2026 às 23:10:00 UTC-3","11 de julho de 2026 às 10:20:00 UTC-3","marcelo courrege,brahim diaz,brahim díaz,globo","./explore?q=marcelo%20courrege&geo=BR"
"assassin's creed hexe","2 mil+","13 de julho de 2026 às 18:40:00 UTC-3","13 de julho de 2026 às 22:20:00 UTC-3","assassin's creed hexe","./explore?q=assassin%27s%20creed%20hexe&geo=BR"
"hugo motta","2 mil+","13 de julho de 2026 às 07:50:00 UTC-3","13 de julho de 2026 às 19:40:00 UTC-3","hugo motta","./explore?q=hugo%20motta&geo=BR"
"cantor","10 mil+","12 de julho de 2026 às 17:30:00 UTC-3","13 de julho de 2026 às 08:20:00 UTC-3","cantor","./explore?q=cantor&geo=BR"
"superendividamento","5 mil+","12 de julho de 2026 às 11:20:00 UTC-3","13 de julho de 2026 às 21:00:00 UTC-3","superendividamento","./explore?q=superendividamento&geo=BR"
"erling haaland","200 mil+","9 de julho de 2026 às 11:00:00 UTC-3","10 de julho de 2026 às 02:00:00 UTC-3","erling haaland,earling haaland,erling haland","./explore?q=erling%20haaland&geo=BR"
"gustavo petro","5 mil+","13 de julho de 2026 às 07:00:00 UTC-3","13 de julho de 2026 às 19:20:00 UTC-3","gustavo petro","./explore?q=gustavo%20petro&geo=BR"
"classificações de botafogo-pb x associação desportiva confiança","20 mil+","12 de julho de 2026 às 22:40:00 UTC-3","13 de julho de 2026 às 10:10:00 UTC-3","classificações de botafogo-pb x associação desportiva confiança,botafogo-pb x confiança,botafogo pb,série c,campeonato brasileiro série c","./explore?q=classifica%C3%A7%C3%B5es%20de%20botafogo-pb%20x%20associa%C3%A7%C3%A3o%20desportiva%20confian%C3%A7a&geo=BR"
"copa do mundo da fifa 2026™","200 mil+","11 de julho de 2026 às 20:30:00 UTC-3","12 de julho de 2026 às 01:30:00 UTC-3","copa do mundo da fifa 2026™,argentina e noruega,horario jogos da copa hoje,que horas tem jogo da copa do mundo hoje,jogo da copa do mundo hoje,próximos jogos da copa,que hora é o jogo da argentina,jogo da copa hj,horario do jogo hoje copa do mundo,quem ganhou o jogo da copa hoje,hora do jogo da copa hoje,jogo copa do mundo hoje,jogo da argentina vai passar na globo,jogo hoje copa do mundo,jogo de hoje copa,jogo hoje copa,quem joga hoje,argentina joga hoje,quem joga hoje na copa do mundo,tem jogo da copa do mundo hoje,tem jogo da copa hoje,que hora que é o jogo da argentina,que horas é o jogo da copa hoje,jogo da copa de hoje,horário do jogo da copa hoje,que horas é o jogo da copa do mundo hoje,quem ganhou o jogo de hoje copa,quem ganhou o jogo de hoje da copa,jogo copa do mundo,jogo da copa hoje ao vivo,qual jogo da copa hoje,noruega e argentina,o jogo da argentina vai passar na globo,que horas tem jogo da copa hoje,jogo copa hj,próximos jogos da copa do mundo,que hora é o jogo da copa hoje,que horas e o jogo da argentina,horario jogo copa hoje,proximos jogos da copa,qual horário do jogo da copa hoje,horário do jogo da copa do mundo hoje,argentina e suíça vai passar na globo,jogos da copa hoje onde assistir,a globo vai transmitir o jogo da copa hoje,quartas de final,qual o jogo de hoje da copa do mundo,programação globo hoje,onde assistir os jogos da copa hoje,que hora a argentina joga,onde vai passar o jogo da copa hoje,hora do jogo da argentina,argentina joga que horas,jogo da copa hoje onde assistir,que horas e no jogo da copa hoje,jogo hoje da copa,semifinais da copa do mundo 2026,jogo da copa do mundo de hoje,que hora é o jogo da copa,jogos da copa do mundo,argentina copa 2026,proximos jogos copa,resultado da copa do mundo 2026,onde assistir o jogo da copa do mundo hoje,chaveamento copa do mundo,ge,jogos da copa amanhã,horarios dos jogos da copa do mundo 2026,tem jogo hoje da copa do mundo,horário dos jogos da copa hoje,chaveamento copa do mundo 2026,a globo vai transmitir o jogo da argentina,argentina vai passar na globo,jogos de hoje da copa do mundo onde assistir,quem ganhou o jogo hoje da copa,jogo copa amanha,proximos jogos copa do mundo,quartas de finais,quem joga hoje pela copa do mundo,jogo da copa amanhã,quem joga amanhã na copa do mundo,vai passar o jogo da argentina na globo,final copa do mundo 2026,sportv,jogo de hoje da copa do mundo,tem jogo da copa hoje?,campeões da copa do mundo,quartas de final copa do mundo,quartas de final da copa do mundo,chaveamento da copa do mundo 2026,jogos de amanhã,copa mundo 2026,placar da copa do mundo 2026,chave copa,hoje tem jogo,jogos da copa de amanhã,quem está na semifinal da copa do mundo,jogos quartas de final copa 2026,placar copa do mundo,jogos da copa do mundo amanhã,amanhã tem jogo da copa do mundo,quem jogou hoje,copa chaveamento,chave da copa do mundo 2026,chaveamento copa,chaveamento da copa do mundo,jogos","./explore?q=copa%20do%20mundo%20da%20fifa%202026%E2%84%A2&geo=BR"
"norway vs england","50 mil+","11 de julho de 2026 às 17:00:00 UTC-3","12 de julho de 2026 às 08:10:00 UTC-3","norway vs england,thomas tuchel,norway vs england world cup 2026,schjelderup,anthony gordon,norway,inglaterra vs,marc guéhi,england x norway,ryerson,sander berge,england vs norway,spence,england norway,belingham,hero,england fc,inglatera","./explore?q=norway%20vs%20england&geo=BR"
"parasita","20 mil+","11 de julho de 2026 às 09:50:00 UTC-3","12 de julho de 2026 às 14:40:00 UTC-3","parasita","./explore?q=parasita&geo=BR"
"defesa civil de santa catarina","50 mil+","10 de julho de 2026 às 16:20:00 UTC-3","11 de julho de 2026 às 20:00:00 UTC-3","defesa civil de santa catarina,ciclone,previsao do tempo,previsao,previsão do tempo bauru","./explore?q=defesa%20civil%20de%20santa%20catarina&geo=BR"
"sessão da tarde","1 mil+","13 de julho de 2026 às 19:20:00 UTC-3","13 de julho de 2026 às 23:20:00 UTC-3","sessão da tarde,robert downey jr","./explore?q=sess%C3%A3o%20da%20tarde&geo=BR"
"estádio","10 mil+","12 de julho de 2026 às 12:20:00 UTC-3","13 de julho de 2026 às 09:40:00 UTC-3","estádio,everaldo marques","./explore?q=est%C3%A1dio&geo=BR"
"eduardo cunha","10 mil+","12 de julho de 2026 às 13:10:00 UTC-3","13 de julho de 2026 às 15:20:00 UTC-3","eduardo cunha,oposição,deputado,em","./explore?q=eduardo%20cunha&geo=BR"
"e verdade que o brasil vai voltar para copa","100 mil+","7 de julho de 2026 às 03:00:00 UTC-3","9 de julho de 2026 às 08:20:00 UTC-3","e verdade que o brasil vai voltar para copa,repescagem copa do mundo,copa,band ao vivo,copa ontem,o brasil vai jogar de novo","./explore?q=e%20verdade%20que%20o%20brasil%20vai%20voltar%20para%20copa&geo=BR"
"piloto aviao argentina","100 mil+","8 de julho de 2026 às 15:50:00 UTC-3","10 de julho de 2026 às 09:20:00 UTC-3","piloto aviao argentina,instrutor de voo,piloto aviao argentina morreu,piloto,piloto de avião argentina,piloto aviao argentino,instrutor voo argentina,instrutor de vôo se joga de avião","./explore?q=piloto%20aviao%20argentina&geo=BR"
"egito e argentina","500 mil+","7 de julho de 2026 às 11:00:00 UTC-3","8 de julho de 2026 às 13:30:00 UTC-3","egito e argentina,jogo argentina e egito,jogo argentina hoje,argentina egito,egito,argentina vs egito,jogo da argentina,jogo egito e argentina,jogo argentina,copa,jogo argentina egito,egito vs argentina,placar argentina e egito,resultado do jogo da argentina,seleção egípcia de futebol,salah,messi,mostafa ziko,argentina seleção,placar argentina,egito argentina,jogo do egito,argentina jogo,jogo da argentina e egito,tecnico do egito,jogo copa,resultado argentina x egito,argentina ganhou,jogo da copa hoje,argentina e egito placar,jogo copa hoje,resultado do jogo da argentina hoje,egito x,argentina hoje,mohamed salah,quanto tá o jogo da argentina,resultado do jogo da argentina e egito,argentina placar,seleção argentina de futebol,jogo egito,gol anulado egito,jogo da argentina na copa do mundo,placar do jogo da argentina,argentina copa,seleção argentina,arg x egito,quem ganhou o jogo argentina ou egito,placar egito e argentina,proximo jogo da argentina,seleção argentina de futebol x seleção egípcia de futebol minuto a minuto,argentina - egito,jogo de hoje,messi perdeu penalti copa do mundo,jogo do egito e argentina,resultado jogo argentina e egito,argentina jogos,brasil x egito,placar da argentina,estatísticas de seleção argentina de futebol x seleção egípcia de futebol,egito copa do mundo,argentina ao vivo,resultado de argentina e egito,argentina contra egito,quanto tá o jogo da argentina e egito,quem ganhou egito ou argentina,argentina vai jogar com quem,argentina e,argentina agora,melhores momentos de argentina e egito,seleção argentina de futebol x seleção egípcia de futebol,argentina pega quem nas quartas,jogo da argentina hoje ao vivo,arg,egito jogo,resultado da argentina,argentina,argentina x egito hoje,jogo da argentina ao vivo,o jogo da argentina,proximo jogo argentina,escalações de seleção argentina de futebol x seleção egípcia de futebol,yasser ibrahim,resultado jogo argentina,argentina versus egito,argentina jogo hoje,jogo argentina agora,argentina ganhou?,quanto tá o jogo argentina e egito,gol do egito,placar do jogo da argentina e egito,resultado argentina,quem fez os gols da argentina hoje,messi perdeu penalti,placar jogo argentina hoje,egito vs,quanto está o jogo da argentina,proximo jogo da argentina na copa,que horas é o jogo da argentina,placar de argentina e egito,jogo argentina e egito ao vivo,selecao argentina,placar do jogo argentina,resultado jogo argentina hoje,quanto tá argentina e egito,argentina x egito placar,hassan egito,argentina x egito ao vivo,gols da argentina hoje,argentina e egito resultado,jogo da argentina agora,egito e argentina hoje,argentina ganhou quantas copas,zico egito,argentina quantas copas,jogo do argentina,argentina x egito onde assistir,que horas vai ser o jogo da argentina,resultado jogo da argentina,seleção egito,horário do jogo da argentina,resultado do jogo argentina,gols da argentina,que hora é o jogo da argentina,argentina proximo jogo,argentina joga com quem,resultado do jogo egito e argentina,placar argentina egito,argentina selecao,próximo jogo da copa,jogo de hoje argentina,da argentina,argentina pega quem,argetina x egito,jogo copa do mundo 2026,onde assistir seleção argentina de futebol x seleção egípcia de futebol,argentina e egito hoje,egito copa,jogos copa 2026,como está o jogo da argentina,jogo argentina copa,egito hoje,salah egito,quantos gols messi tem em copas do mundo,jogo da argentina na copa,agentina x egito,omar marmoush,quem fez os gols da argentina contra o egito,resultado do jogo da argentina egito,jogo,jogo ao vivo hoje,resultado de egito e argentina,quanto tá o jogo de argentina e egito,argentina vai jogar com quem nas quartas,gols argentina,enzo fernandes,resultado argentina egito,copa ao vivo,jogo argentina hj,jogo argentina ao vivo,quanto esta o jogo da argentina,egito e,argentina placar hoje,quem ganhou o jogo argentina e egito,quem a argentina vai pegar nas quartas,argentina perdeu?,argentina copa do mundo,resultado jogo da argentina hoje,jogos argentina,jogo argentina placar,copa jogo,jogo ao vivo da argentina,jogo ao vivo copa,jogadores do egito,quanto foi o jogo da argentina hoje,argentina copas,placar do jogo de argentina e egito,jogo argentina hoje placar,quanto foi o jogo da argentina e egito,como ficou o jogo da argentina,argentina quantas copas do mundo,brasil e argentina,horario do jogo da argentina,a argentina tem quantas copas do mundo,gol egito,horario jogo argentina e egito,zico,quanto tá o jogo da argentina com o egito,argentina jogou hoje,tá quanto o jogo da argentina,arg x,egito e argentina ao vivo,o resultado do jogo da argentina,quanto está o jogo argentina e egito,quem ganhou o jogo da argentina,selecao egito,placar de egito e argentina,argentina resultado,placar argentina hoje,copa argentina e egito,placar do jogo da argentina hoje,seleção do egito,argentino x egito,marmoush,quanto tá o jogo da argentina egito,placar do jogo do egito,argentina x egito caze tv,com quem a argentina vai jogar,como está o jogo da argentina e egito,jogo da argentina hoje placar,quanto tá o jogo egito e argentina,que horas e o jogo da argentina,brasil vs egito,egito jogos,argentina ganhou do egito,argentina vai jogar com quem agora,quem fez os gols da argentina no jogo de hoje,jogo agentina,jogo da argetina,como é que tá o jogo da argentina e egito,palpite argentina x egito,quem fez o gol do egito,egito tem quantas copas do mundo,quanto ficou o jogo da argentina,messi perdeu penalti contra cabo verde,horario jogo argentina,gol do egito hoje,proximo jogo da copa,messi perdeu penalti contra egito,jogos,jogo da copa do mundo 2026,placar do jogo de hoje argentina,penalti argentina,zico do egito,jogo argebtina,placar da argentina e egito,jogo da copa do mundo,jogo da argentina egito,messi meme","./explore?q=egito%20e%20argentina&geo=BR"
"wimbledon","50 mil+","12 de julho de 2026 às 12:20:00 UTC-3","12 de julho de 2026 às 17:10:00 UTC-3","wimbledon,sinner,alexander zverev,final wimbledon 2026,zverev,sinner x zverev,djokovic,zverev x sinner,torneio de wimbledon,sinner x djokovic","./explore?q=wimbledon&geo=BR"
"larissa besen","10 mil+","13 de julho de 2026 às 14:50:00 UTC-3","13 de julho de 2026 às 20:30:00 UTC-3","larissa besen,júlia kudiess,julia kudiess,vnl","./explore?q=larissa%20besen&geo=BR"
"volodymyr zelensky","5 mil+","12 de julho de 2026 às 17:00:00 UTC-3","13 de julho de 2026 às 15:10:00 UTC-3","volodymyr zelensky","./explore?q=volodymyr%20zelensky&geo=BR"
"janela","50 mil+","10 de julho de 2026 às 15:00:00 UTC-3","11 de julho de 2026 às 17:30:00 UTC-3","janela,g1","./explore?q=janela&geo=BR"
"brasileirao","20 mil+","11 de julho de 2026 às 22:40:00 UTC-3","13 de julho de 2026 às 08:20:00 UTC-3","brasileirao,campeonato brasileiro série a,brasileirão,brasileirao 2026","./explore?q=brasileirao&geo=BR"
"fernanda arantes","5 mil+","12 de julho de 2026 às 13:00:00 UTC-3","13 de julho de 2026 às 18:50:00 UTC-3","fernanda arantes,comediante leva cadeirada,comediante fernanda arantes cadeirada,comediante","./explore?q=fernanda%20arantes&geo=BR"
"ceara x athletic","1 mil+","13 de julho de 2026 às 20:40:00 UTC-3","13 de julho de 2026 às 23:20:00 UTC-3","ceara x athletic,londrina x athletic","./explore?q=ceara%20x%20athletic&geo=BR"
"brasileirão série a","10 mil+","11 de julho de 2026 às 06:50:00 UTC-3","13 de julho de 2026 às 08:30:00 UTC-3","brasileirão série a","./explore?q=brasileir%C3%A3o%20s%C3%A9rie%20a&geo=BR"
"moana","20 mil+","8 de julho de 2026 às 13:00:00 UTC-3","13 de julho de 2026 às 02:20:00 UTC-3","moana,moana 2026,moana live action","./explore?q=moana&geo=BR"
"jude bellingham","50 mil+","11 de julho de 2026 às 17:40:00 UTC-3","12 de julho de 2026 às 04:10:00 UTC-3","jude bellingham,bellingham joga em qual time,quantos gols bellingham tem","./explore?q=jude%20bellingham&geo=BR"
"a nobreza do amor","2 mil+","13 de julho de 2026 às 16:50:00 UTC-3","13 de julho de 2026 às 20:00:00 UTC-3","a nobreza do amor,a nobreza do amor a nobreza do amor","./explore?q=a%20nobreza%20do%20amor&geo=BR"
"prisão perpétua","5 mil+","12 de julho de 2026 às 08:50:00 UTC-3","13 de julho de 2026 às 14:00:00 UTC-3","prisão perpétua","./explore?q=pris%C3%A3o%20perp%C3%A9tua&geo=BR"
"drone","10 mil+","12 de julho de 2026 às 12:20:00 UTC-3","13 de julho de 2026 às 13:50:00 UTC-3","drone,in","./explore?q=drone&geo=BR"
"dalton mello","10 mil+","11 de julho de 2026 às 15:00:00 UTC-3","13 de julho de 2026 às 08:30:00 UTC-3","dalton mello","./explore?q=dalton%20mello&geo=BR"
"campeonato brasileiro","10 mil+","11 de julho de 2026 às 17:10:00 UTC-3","13 de julho de 2026 às 08:50:00 UTC-3","campeonato brasileiro","./explore?q=campeonato%20brasileiro&geo=BR"
"demência","1 mil+","13 de julho de 2026 às 18:40:00 UTC-3","13 de julho de 2026 às 21:50:00 UTC-3","demência","./explore?q=dem%C3%AAncia&geo=BR"
"grupo mateus","5 mil+","13 de julho de 2026 às 05:40:00 UTC-3","13 de julho de 2026 às 21:40:00 UTC-3","grupo mateus","./explore?q=grupo%20mateus&geo=BR"
"benedito ruy barbosa","50 mil+","7 de julho de 2026 às 08:10:00 UTC-3","9 de julho de 2026 às 08:00:00 UTC-3","benedito ruy barbosa,benedito rui barbosa,bruno luperi,benedito ruy barbosa é parente de marina ruy barbosa,ruy barbosa,marina ruy barbosa e benedito ruy barbosa,marcos palmeira,marina ruy barbosa é parente de benedito ruy barbosa,benedito ruy barbosa morreu,novelas de benedito ruy barbosa,almir sater","./explore?q=benedito%20ruy%20barbosa&geo=BR"
"mclaren","20 mil+","9 de julho de 2026 às 15:40:00 UTC-3","11 de julho de 2026 às 14:40:00 UTC-3","mclaren","./explore?q=mclaren&geo=BR"
"destroços de naufrágio","2 mil+","13 de julho de 2026 às 08:00:00 UTC-3","13 de julho de 2026 às 16:50:00 UTC-3","destroços de naufrágio","./explore?q=destro%C3%A7os%20de%20naufr%C3%A1gio&geo=BR"
"união brasil","50 mil+","9 de julho de 2026 às 12:40:00 UTC-3","10 de julho de 2026 às 14:30:00 UTC-3","união brasil","./explore?q=uni%C3%A3o%20brasil&geo=BR"
"confederação brasileira de futebol","5 mil+","12 de julho de 2026 às 13:50:00 UTC-3","13 de julho de 2026 às 09:30:00 UTC-3","confederação brasileira de futebol","./explore?q=confedera%C3%A7%C3%A3o%20brasileira%20de%20futebol&geo=BR"
"rafael cardoso","20 mil+","9 de julho de 2026 às 22:50:00 UTC-3","12 de julho de 2026 às 02:00:00 UTC-3","rafael cardoso","./explore?q=rafael%20cardoso&geo=BR"
"boeing 737","100 mil+","8 de julho de 2026 às 10:40:00 UTC-3","9 de julho de 2026 às 12:00:00 UTC-3","boeing 737,boeing,avião cargueiro","./explore?q=boeing%20737&geo=BR"
"peppino di capri","20 mil+","11 de julho de 2026 às 08:30:00 UTC-3","12 de julho de 2026 às 09:30:00 UTC-3","peppino di capri","./explore?q=peppino%20di%20capri&geo=BR"
"ônibus","10 mil+","12 de julho de 2026 às 05:20:00 UTC-3","13 de julho de 2026 às 06:00:00 UTC-3","ônibus","./explore?q=%C3%B4nibus&geo=BR"
"inglaterra","100 mil+","11 de julho de 2026 às 18:30:00 UTC-3","11 de julho de 2026 às 21:40:00 UTC-3","inglaterra,inglaterra vs noruega,noruega vs,inglaterra versus noruega,principe da noruega,noruega vs. inglaterra,noruega c","./explore?q=inglaterra&geo=BR"
"domingos duarte","2 mil+","13 de julho de 2026 às 05:10:00 UTC-3","13 de julho de 2026 às 20:20:00 UTC-3","domingos duarte,sao paulo","./explore?q=domingos%20duarte&geo=BR"
"rodovia padre manoel da nóbrega","2 mil+","13 de julho de 2026 às 12:30:00 UTC-3","13 de julho de 2026 às 20:10:00 UTC-3","rodovia padre manoel da nóbrega","./explore?q=rodovia%20padre%20manoel%20da%20n%C3%B3brega&geo=BR"
"jogador de poquer","1 mil+","13 de julho de 2026 às 20:30:00 UTC-3","13 de julho de 2026 às 22:50:00 UTC-3","jogador de poquer","./explore?q=jogador%20de%20poquer&geo=BR"
"cerro largo x defensor","2 mil+","13 de julho de 2026 às 18:10:00 UTC-3","13 de julho de 2026 às 21:30:00 UTC-3","cerro largo x defensor,cerro largo fc","./explore?q=cerro%20largo%20x%20defensor&geo=BR"
"tadeu schmidt","50 mil+","7 de julho de 2026 às 14:00:00 UTC-3","10 de julho de 2026 às 08:00:00 UTC-3","tadeu schmidt,ana cristina schmidt,christiano donnelly","./explore?q=tadeu%20schmidt&geo=BR"
"honda wr-v","2 mil+","13 de julho de 2026 às 12:50:00 UTC-3","13 de julho de 2026 às 20:00:00 UTC-3","honda wr-v","./explore?q=honda%20wr-v&geo=BR"
"comissão","20 mil+","11 de julho de 2026 às 09:20:00 UTC-3","12 de julho de 2026 às 15:00:00 UTC-3","comissão","./explore?q=comiss%C3%A3o&geo=BR"
"bactéria","2 mil+","13 de julho de 2026 às 16:30:00 UTC-3","13 de julho de 2026 às 20:30:00 UTC-3","bactéria","./explore?q=bact%C3%A9ria&geo=BR"
"colisão","5 mil+","12 de julho de 2026 às 23:20:00 UTC-3","13 de julho de 2026 às 13:40:00 UTC-3","colisão","./explore?q=colis%C3%A3o&geo=BR"
"argentina - suiza","10 mil+","11 de julho de 2026 às 21:00:00 UTC-3","12 de julho de 2026 às 13:00:00 UTC-3","argentina - suiza,aguero","./explore?q=argentina%20-%20suiza&geo=BR"
"ponte preta x criciúma","100 mil+","8 de julho de 2026 às 18:50:00 UTC-3","9 de julho de 2026 às 20:30:00 UTC-3","ponte preta x criciúma,ponte preta,criciuma,criciuma x,classificação da série b,criciúma,tabela da série b,criciúma esporte clube,criciuma x ponte preta,associação atlética ponte preta,criciuma fc,criciúma x","./explore?q=ponte%20preta%20x%20crici%C3%BAma&geo=BR"
"investimento","2 mil+","13 de julho de 2026 às 07:20:00 UTC-3","13 de julho de 2026 às 15:00:00 UTC-3","investimento","./explore?q=investimento&geo=BR"
"dia de sao bento","20 mil+","10 de julho de 2026 às 07:00:00 UTC-3","12 de julho de 2026 às 09:50:00 UTC-3","dia de sao bento","./explore?q=dia%20de%20sao%20bento&geo=BR"
"ece irtem","20 mil+","9 de julho de 2026 às 15:50:00 UTC-3","11 de julho de 2026 às 08:00:00 UTC-3","ece irtem","./explore?q=ece%20irtem&geo=BR"
"samsung galaxy z","10 mil+","13 de julho de 2026 às 13:10:00 UTC-3","13 de julho de 2026 às 18:10:00 UTC-3","samsung galaxy z,samsung galaxy,samsung,samsung galaxy z fold 8,galaxy z fold 8,z","./explore?q=samsung%20galaxy%20z&geo=BR"
"serie a","10 mil+","11 de julho de 2026 às 06:00:00 UTC-3","13 de julho de 2026 às 08:30:00 UTC-3","serie a","./explore?q=serie%20a&geo=BR"
"minha casa, minha vida","2 mil+","13 de julho de 2026 às 16:10:00 UTC-3","13 de julho de 2026 às 19:40:00 UTC-3","minha casa, minha vida","./explore?q=minha%20casa%2C%20minha%20vida&geo=BR"
"leilane neubarth","20 mil+","11 de julho de 2026 às 12:40:00 UTC-3","12 de julho de 2026 às 15:30:00 UTC-3","leilane neubarth","./explore?q=leilane%20neubarth&geo=BR"
"argentina fc","50 mil+","11 de julho de 2026 às 22:20:00 UTC-3","12 de julho de 2026 às 08:00:00 UTC-3","argentina fc","./explore?q=argentina%20fc&geo=BR"
"janela de avião","20 mil+","10 de julho de 2026 às 18:10:00 UTC-3","11 de julho de 2026 às 18:50:00 UTC-3","janela de avião,passageiro sugado janela aviao,ryanair,voo ryanair,passageiro sugado aviao","./explore?q=janela%20de%20avi%C3%A3o&geo=BR"
"fbi investiga argentina","50 mil+","8 de julho de 2026 às 13:30:00 UTC-3","10 de julho de 2026 às 10:00:00 UTC-3","fbi investiga argentina,fbi,fbi argentina,fbi investigando afa","./explore?q=fbi%20investiga%20argentina&geo=BR"
"bolsa família","10 mil+","13 de julho de 2026 às 06:10:00 UTC-3","13 de julho de 2026 às 14:10:00 UTC-3","bolsa família","./explore?q=bolsa%20fam%C3%ADlia&geo=BR"
"dia da pizza","20 mil+","9 de julho de 2026 às 18:00:00 UTC-3","11 de julho de 2026 às 01:20:00 UTC-3","dia da pizza,dia mundial da pizza,dia da pizza 2026","./explore?q=dia%20da%20pizza&geo=BR"
"zé trovão","20 mil+","7 de julho de 2026 às 22:50:00 UTC-3","10 de julho de 2026 às 08:40:00 UTC-3","zé trovão,eduardo bolsonaro","./explore?q=z%C3%A9%20trov%C3%A3o&geo=BR"
"rogério marinho","20 mil+","10 de julho de 2026 às 07:10:00 UTC-3","11 de julho de 2026 às 14:10:00 UTC-3","rogério marinho","./explore?q=rog%C3%A9rio%20marinho&geo=BR"
"dan stulbach","5 mil+","12 de julho de 2026 às 12:10:00 UTC-3","13 de julho de 2026 às 06:00:00 UTC-3","dan stulbach","./explore?q=dan%20stulbach&geo=BR"
"lionel messi","20 mil+","12 de julho de 2026 às 00:50:00 UTC-3","12 de julho de 2026 às 09:30:00 UTC-3","lionel messi,semi final,argentina vs inglaterra","./explore?q=lionel%20messi&geo=BR"
"fire movement","5 mil+","12 de julho de 2026 às 14:50:00 UTC-3","13 de julho de 2026 às 09:20:00 UTC-3","fire movement","./explore?q=fire%20movement&geo=BR"
"jorge jesus","20 mil+","10 de julho de 2026 às 12:00:00 UTC-3","11 de julho de 2026 às 20:00:00 UTC-3","jorge jesus,tu finish,jorge jesus neymar,jogador diogo jota","./explore?q=jorge%20jesus&geo=BR"
"abastecimento público de água","20 mil+","9 de julho de 2026 às 05:50:00 UTC-3","11 de julho de 2026 às 07:00:00 UTC-3","abastecimento público de água","./explore?q=abastecimento%20p%C3%BAblico%20de%20%C3%A1gua&geo=BR"
"série d","5 mil+","12 de julho de 2026 às 17:50:00 UTC-3","13 de julho de 2026 às 21:50:00 UTC-3","série d","./explore?q=s%C3%A9rie%20d&geo=BR"
"justiça","10 mil+","10 de julho de 2026 às 00:00:00 UTC-3","11 de julho de 2026 às 15:40:00 UTC-3","justiça","./explore?q=justi%C3%A7a&geo=BR"
"wimbledon 2026","20 mil+","12 de julho de 2026 às 09:20:00 UTC-3","12 de julho de 2026 às 17:30:00 UTC-3","wimbledon 2026,novak djokovic,alexander zverev,final de wimbledon 2026,arthur fery","./explore?q=wimbledon%202026&geo=BR"
"consul","2 mil+","13 de julho de 2026 às 06:30:00 UTC-3","13 de julho de 2026 às 21:10:00 UTC-3","consul","./explore?q=consul&geo=BR"
"athletic x operário","50 mil+","7 de julho de 2026 às 19:10:00 UTC-3","8 de julho de 2026 às 21:30:00 UTC-3","athletic x operário,operario,athletic club,operario x","./explore?q=athletic%20x%20oper%C3%A1rio&geo=BR"
"dia dos pais 2026","5 mil+","13 de julho de 2026 às 09:10:00 UTC-3","13 de julho de 2026 às 17:50:00 UTC-3","dia dos pais 2026","./explore?q=dia%20dos%20pais%202026&geo=BR"
"denílson","1 mil+","13 de julho de 2026 às 18:40:00 UTC-3","13 de julho de 2026 às 21:10:00 UTC-3","denílson","./explore?q=den%C3%ADlson&geo=BR"
"playstation store","10 mil+","10 de julho de 2026 às 21:30:00 UTC-3","12 de julho de 2026 às 21:10:00 UTC-3","playstation store","./explore?q=playstation%20store&geo=BR"
"harry kane","50 mil+","11 de julho de 2026 às 17:50:00 UTC-3","11 de julho de 2026 às 21:50:00 UTC-3","harry kane,harry kane idade","./explore?q=harry%20kane&geo=BR"
"iphone","5 mil+","13 de julho de 2026 às 02:30:00 UTC-3","14 de julho de 2026 às 00:00:00 UTC-3","iphone","./explore?q=iphone&geo=BR"
"tiago maia","5 mil+","11 de julho de 2026 às 18:10:00 UTC-3","12 de julho de 2026 às 11:50:00 UTC-3","tiago maia,ivete sangalo","./explore?q=tiago%20maia&geo=BR"
"carolina ferraz","20 mil+","9 de julho de 2026 às 06:10:00 UTC-3","11 de julho de 2026 às 08:30:00 UTC-3","carolina ferraz,mario cohen,eduardo moscovis","./explore?q=carolina%20ferraz&geo=BR"
"oscar","2 mil+","13 de julho de 2026 às 13:10:00 UTC-3","13 de julho de 2026 às 20:10:00 UTC-3","oscar","./explore?q=oscar&geo=BR"
"pirula","2 mil+","12 de julho de 2026 às 16:50:00 UTC-3","13 de julho de 2026 às 11:30:00 UTC-3","pirula","./explore?q=pirula&geo=BR"
"gás do povo","20 mil+","9 de julho de 2026 às 06:00:00 UTC-3","10 de julho de 2026 às 21:20:00 UTC-3","gás do povo,vale gás,gás","./explore?q=g%C3%A1s%20do%20povo&geo=BR"
"paul wesley","1 mil+","13 de julho de 2026 às 17:50:00 UTC-3","13 de julho de 2026 às 23:30:00 UTC-3","paul wesley","./explore?q=paul%20wesley&geo=BR"
"neysexual","10 mil+","10 de julho de 2026 às 13:30:00 UTC-3","11 de julho de 2026 às 15:10:00 UTC-3","neysexual","./explore?q=neysexual&geo=BR"
"descoberta","50 mil+","7 de julho de 2026 às 17:20:00 UTC-3","8 de julho de 2026 às 19:10:00 UTC-3","descoberta","./explore?q=descoberta&geo=BR"
"emelec x barcelona sc","5 mil+","12 de julho de 2026 às 19:20:00 UTC-3","13 de julho de 2026 às 06:00:00 UTC-3","emelec x barcelona sc,emelec,barcelona sc","./explore?q=emelec%20x%20barcelona%20sc&geo=BR"
"france vs spain world cup 2026","2 mil+","13 de julho de 2026 às 08:00:00 UTC-3","13 de julho de 2026 às 18:40:00 UTC-3","france vs spain world cup 2026","./explore?q=france%20vs%20spain%20world%20cup%202026&geo=BR"
"abc x águia de marabá","10 mil+","12 de julho de 2026 às 15:30:00 UTC-3","12 de julho de 2026 às 20:50:00 UTC-3","abc x águia de marabá,abc,abc fc,abc x","./explore?q=abc%20x%20%C3%A1guia%20de%20marab%C3%A1&geo=BR"
"letícia colin","10 mil+","10 de julho de 2026 às 20:30:00 UTC-3","11 de julho de 2026 às 20:30:00 UTC-3","letícia colin,daniel de oliveira","./explore?q=let%C3%ADcia%20colin&geo=BR"
"prefeitura municipal de macaé","1 mil+","13 de julho de 2026 às 13:00:00 UTC-3","14 de julho de 2026 às 00:20:00 UTC-3","prefeitura municipal de macaé","./explore?q=prefeitura%20municipal%20de%20maca%C3%A9&geo=BR"
"coming soon","1 mil+","13 de julho de 2026 às 17:50:00 UTC-3","13 de julho de 2026 às 20:00:00 UTC-3","coming soon","./explore?q=coming%20soon&geo=BR"
"9 de julho é feriado do quê","100 mil+","8 de julho de 2026 às 05:40:00 UTC-3","9 de julho de 2026 às 10:30:00 UTC-3","9 de julho é feriado do quê,hoje é feriado,feriado 9 de julho,hoje é feriado do quê,revolução constitucionalista,feriado hoje,hoje e feriado,feriado 9 de julho são paulo,9 de julho feriado de que,feriado em sao paulo,hoje é feriado?,amanhã é feriado em são paulo,feriado 9 de julho é nacional,9 de julho é feriado em são paulo,hoje e feriado do que,feriado em sp,feriado em sao paulo 9 de julho,feriado sao paulo,rodizio sp,feriado amanhã,feriado de 9 de julho,feriado sp,feriado dia 9 de julho,dia 9 de julho é feriado do quê,rodizio sp hoje,feriado hoje em são paulo,feriados 2026,feriado sao paulo 9 de julho,que feriado é dia 9 de julho,revolução de 32,feriado 09 de julho","./explore?q=9%20de%20julho%20%C3%A9%20feriado%20do%20qu%C3%AA&geo=BR"
"maíra cardi","20 mil+","9 de julho de 2026 às 11:20:00 UTC-3","10 de julho de 2026 às 13:40:00 UTC-3","maíra cardi","./explore?q=ma%C3%ADra%20cardi&geo=BR"
"delegado de polícia","10 mil+","11 de julho de 2026 às 06:30:00 UTC-3","12 de julho de 2026 às 09:30:00 UTC-3","delegado de polícia","./explore?q=delegado%20de%20pol%C3%ADcia&geo=BR"
"valdemar costa neto","20 mil+","8 de julho de 2026 às 19:30:00 UTC-3","9 de julho de 2026 às 19:10:00 UTC-3","valdemar costa neto,partido liberal mulher","./explore?q=valdemar%20costa%20neto&geo=BR"
"paddy pimblett","10 mil+","11 de julho de 2026 às 18:50:00 UTC-3","12 de julho de 2026 às 13:50:00 UTC-3","paddy pimblett,benoit saint denis,pimblett,charles oliveira","./explore?q=paddy%20pimblett&geo=BR"
"volkswagen","10 mil+","9 de julho de 2026 às 21:50:00 UTC-3","11 de julho de 2026 às 14:10:00 UTC-3","volkswagen","./explore?q=volkswagen&geo=BR"
"jannik sinner","20 mil+","12 de julho de 2026 às 12:20:00 UTC-3","12 de julho de 2026 às 17:30:00 UTC-3","jannik sinner","./explore?q=jannik%20sinner&geo=BR"
"noruega perdeu","50 mil+","11 de julho de 2026 às 20:30:00 UTC-3","12 de julho de 2026 às 12:50:00 UTC-3","noruega perdeu,neymar anuncia aposentadoria,noruega foi eliminada,noruega perdeu?,caze tv ao vivo,noruega eliminada,titulos copa do mundo,jogo de hoje da copa do mundo,copa 2026,jogo copa agora,brasil vai continuar na copa,jogo da copa agora,campeões da copa do mundo,classificação da copa do mundo 2026,tabela de jogos da copa do mundo 2026,tabela jogos copa do mundo 2026,jogos de hoje copa do mundo","./explore?q=noruega%20perdeu&geo=BR"
"vingadores doutor destino","10 mil+","11 de julho de 2026 às 18:00:00 UTC-3","12 de julho de 2026 às 16:20:00 UTC-3","vingadores doutor destino,vingadores","./explore?q=vingadores%20doutor%20destino&geo=BR"
"brasileirão série d","10 mil+","12 de julho de 2026 às 17:40:00 UTC-3","12 de julho de 2026 às 22:00:00 UTC-3","brasileirão série d,treze x crac,treze,serie d 2026","./explore?q=brasileir%C3%A3o%20s%C3%A9rie%20d&geo=BR"
"deborah secco","5 mil+","12 de julho de 2026 às 14:00:00 UTC-3","13 de julho de 2026 às 08:40:00 UTC-3","deborah secco","./explore?q=deborah%20secco&geo=BR"
"cmin3","1 mil+","13 de julho de 2026 às 11:10:00 UTC-3","13 de julho de 2026 às 19:20:00 UTC-3","cmin3","./explore?q=cmin3&geo=BR"
"edital pc ma","2 mil+","13 de julho de 2026 às 22:40:00 UTC-3","13 de julho de 2026 às 23:30:00 UTC-3","edital pc ma,pc ma,edital pmma,edital pmma 2026","./explore?q=edital%20pc%20ma&geo=BR"
"grand theft auto","5 mil+","12 de julho de 2026 às 15:00:00 UTC-3","13 de julho de 2026 às 01:20:00 UTC-3","grand theft auto","./explore?q=grand%20theft%20auto&geo=BR"
"emerson royal","1 mil+","13 de julho de 2026 às 18:50:00 UTC-3","13 de julho de 2026 às 21:10:00 UTC-3","emerson royal","./explore?q=emerson%20royal&geo=BR"
"ressaca marítima","2 mil+","13 de julho de 2026 às 04:20:00 UTC-3","13 de julho de 2026 às 14:10:00 UTC-3","ressaca marítima","./explore?q=ressaca%20mar%C3%ADtima&geo=BR"
"tabela serie c","10 mil+","12 de julho de 2026 às 11:50:00 UTC-3","13 de julho de 2026 às 07:40:00 UTC-3","tabela serie c,classificações de brasileirão série c,jogos de brasileirão série c,serie c 2026,tabela da série c","./explore?q=tabela%20serie%20c&geo=BR"
"espionagem","5 mil+","11 de julho de 2026 às 07:50:00 UTC-3","12 de julho de 2026 às 16:10:00 UTC-3","espionagem","./explore?q=espionagem&geo=BR"
"senne lammens","20 mil+","10 de julho de 2026 às 17:20:00 UTC-3","11 de julho de 2026 às 09:50:00 UTC-3","senne lammens,courtois,thibaut courtois,lammens,goleiro da belgica,goleiro da bélgica,goleiro courtois,koen casteels","./explore?q=senne%20lammens&geo=BR"
"mulher","20 mil+","7 de julho de 2026 às 06:00:00 UTC-3","9 de julho de 2026 às 03:30:00 UTC-3","mulher","./explore?q=mulher&geo=BR"
"morreu bonnie tyler","20 mil+","9 de julho de 2026 às 11:10:00 UTC-3","10 de julho de 2026 às 00:40:00 UTC-3","morreu bonnie tyler,herdeiro,cantora bonnie tyler,bonnie,bonnie tyler morreu,bonnie tyler morreu de que,cantora que morreu hoje,bonie tyler,bonnie taylor,bonnie tyler causa da morte,cantora que morreu,bonnie tyler faleceu,noticias de hoje","./explore?q=morreu%20bonnie%20tyler&geo=BR"
"honda fit","10 mil+","9 de julho de 2026 às 16:30:00 UTC-3","11 de julho de 2026 às 15:50:00 UTC-3","honda fit","./explore?q=honda%20fit&geo=BR"
"damares alves","10 mil+","12 de julho de 2026 às 12:10:00 UTC-3","12 de julho de 2026 às 16:40:00 UTC-3","damares alves","./explore?q=damares%20alves&geo=BR"
"pix","50 mil+","7 de julho de 2026 às 19:30:00 UTC-3","8 de julho de 2026 às 09:50:00 UTC-3","pix,pix pensão,pix pensao","./explore?q=pix&geo=BR"
"erika leal record","20 mil+","8 de julho de 2026 às 17:50:00 UTC-3","10 de julho de 2026 às 12:20:00 UTC-3","erika leal record,erika leal","./explore?q=erika%20leal%20record&geo=BR"
"paramount","10 mil+","11 de julho de 2026 às 18:00:00 UTC-3","12 de julho de 2026 às 02:40:00 UTC-3","paramount,california","./explore?q=paramount&geo=BR"
"spain vs belgium","50 mil+","10 de julho de 2026 às 15:10:00 UTC-3","11 de julho de 2026 às 03:20:00 UTC-3","spain vs belgium,spain vs belgium world cup 2026,charles de ketelaere,de ketelaere,cubarsi,pedro porro,fabian ruiz,joaquin seys,ketelaere,spain x belgium,mike penders,alexis saelemaekers,semi final","./explore?q=spain%20vs%20belgium&geo=BR"
"cd projekt","10 mil+","11 de julho de 2026 às 00:20:00 UTC-3","11 de julho de 2026 às 20:00:00 UTC-3","cd projekt","./explore?q=cd%20projekt&geo=BR"
"acidente porsche campinas","10 mil+","12 de julho de 2026 às 00:20:00 UTC-3","12 de julho de 2026 às 13:10:00 UTC-3","acidente porsche campinas,fogo","./explore?q=acidente%20porsche%20campinas&geo=BR"
"pepino de capri","5 mil+","11 de julho de 2026 às 10:10:00 UTC-3","12 de julho de 2026 às 08:40:00 UTC-3","pepino de capri","./explore?q=pepino%20de%20capri&geo=BR"
"previsão","20 mil+","8 de julho de 2026 às 12:10:00 UTC-3","9 de julho de 2026 às 10:30:00 UTC-3","previsão,previsão do tempo caxias do sul,tempo porto alegre","./explore?q=previs%C3%A3o&geo=BR"
"avenida brasil","1 mil+","13 de julho de 2026 às 17:50:00 UTC-3","13 de julho de 2026 às 19:30:00 UTC-3","avenida brasil,novela das seis","./explore?q=avenida%20brasil&geo=BR"
"sasha meneghel","10 mil+","9 de julho de 2026 às 16:50:00 UTC-3","11 de julho de 2026 às 08:50:00 UTC-3","sasha meneghel","./explore?q=sasha%20meneghel&geo=BR"
"alcides bernal","2 mil+","13 de julho de 2026 às 07:20:00 UTC-3","13 de julho de 2026 às 11:30:00 UTC-3","alcides bernal,prefeito de campo grande","./explore?q=alcides%20bernal&geo=BR"
"odisseia","10 mil+","12 de julho de 2026 às 14:30:00 UTC-3","13 de julho de 2026 às 13:20:00 UTC-3","odisseia,a odisseia,christopher nolan,filme a odisseia,odisseia nolan","./explore?q=odisseia&geo=BR"
"desembargador","10 mil+","11 de julho de 2026 às 13:40:00 UTC-3","12 de julho de 2026 às 12:20:00 UTC-3","desembargador,vasco,club de regatas vasco da gama,netvasco,de","./explore?q=desembargador&geo=BR"
"jogo da argentina ontem","10 mil+","12 de julho de 2026 às 04:50:00 UTC-3","12 de julho de 2026 às 11:30:00 UTC-3","jogo da argentina ontem,argentina ganhou ontem,jogo argentina ontem,argentina jogou hoje,jogadores da argentina,argentina jogos,quem ganhou ontem argentina,argentina ganhou hoje,argentina ganhou ontem?,argentina ganhou quantas copas,argentina jogo de ontem,argentina.","./explore?q=jogo%20da%20argentina%20ontem&geo=BR"
"belo horizonte","5 mil+","12 de julho de 2026 às 05:50:00 UTC-3","12 de julho de 2026 às 19:30:00 UTC-3","belo horizonte","./explore?q=belo%20horizonte&geo=BR"
"aurelio buta","1 mil+","13 de julho de 2026 às 15:30:00 UTC-3","13 de julho de 2026 às 18:00:00 UTC-3","aurelio buta,aurélio buta","./explore?q=aurelio%20buta&geo=BR"
"fantastico","2 mil+","12 de julho de 2026 às 20:20:00 UTC-3","13 de julho de 2026 às 09:40:00 UTC-3","fantastico,fantástico","./explore?q=fantastico&geo=BR"
"haas f1 team","1 mil+","13 de julho de 2026 às 05:30:00 UTC-3","13 de julho de 2026 às 15:00:00 UTC-3","haas f1 team","./explore?q=haas%20f1%20team&geo=BR"
"jennifer lopez","5 mil+","11 de julho de 2026 às 05:30:00 UTC-3","12 de julho de 2026 às 14:30:00 UTC-3","jennifer lopez","./explore?q=jennifer%20lopez&geo=BR"
"multa","5 mil+","12 de julho de 2026 às 02:30:00 UTC-3","12 de julho de 2026 às 15:00:00 UTC-3","multa","./explore?q=multa&geo=BR"
"noruega fc","20 mil+","11 de julho de 2026 às 18:30:00 UTC-3","11 de julho de 2026 às 21:30:00 UTC-3","noruega fc,noruega vs eng,nico o'reilly,erling,kick tv,burn inglaterra,opta","./explore?q=noruega%20fc&geo=BR"
"partido dos trabalhadores","500+","13 de julho de 2026 às 17:50:00 UTC-3","13 de julho de 2026 às 20:10:00 UTC-3","partido dos trabalhadores","./explore?q=partido%20dos%20trabalhadores&geo=BR"
"colombia","200 mil+","7 de julho de 2026 às 17:40:00 UTC-3","7 de julho de 2026 às 21:20:00 UTC-3","colombia,colombia fc,switzerland vs colombia world cup 2026,switzerland vs colombia,richard rios,colombia vs,richard ríos,luis díaz,luis diaz,juan quintero,yerry mina,jaminton campaz,cedric itten,johan mojica,ardon jashari,ruben vargas,manzambi,zeki amdouni,switzerland","./explore?q=colombia&geo=BR"
"classificações de anápolis futebol clube x maringá futebol clube","5 mil+","12 de julho de 2026 às 19:10:00 UTC-3","13 de julho de 2026 às 07:50:00 UTC-3","classificações de anápolis futebol clube x maringá futebol clube,anápolis x maringá","./explore?q=classifica%C3%A7%C3%B5es%20de%20an%C3%A1polis%20futebol%20clube%20x%20maring%C3%A1%20futebol%20clube&geo=BR"
"tabela do brasileirão","2 mil+","12 de julho de 2026 às 08:00:00 UTC-3","13 de julho de 2026 às 07:50:00 UTC-3","tabela do brasileirão,brasileirão série a","./explore?q=tabela%20do%20brasileir%C3%A3o&geo=BR"
"mato grosso do sul","20 mil+","7 de julho de 2026 às 14:00:00 UTC-3","8 de julho de 2026 às 10:30:00 UTC-3","mato grosso do sul","./explore?q=mato%20grosso%20do%20sul&geo=BR"
"danilo palmeiras","20 mil+","12 de julho de 2026 às 13:50:00 UTC-3","12 de julho de 2026 às 23:30:00 UTC-3","danilo palmeiras,palmeiras,palmeiras feminino,zenit,globo esporte,botafogo futebol clube,botafogo","./explore?q=danilo%20palmeiras&geo=BR"
"boeing 787","500+","13 de julho de 2026 às 17:50:00 UTC-3","13 de julho de 2026 às 19:50:00 UTC-3","boeing 787","./explore?q=boeing%20787&geo=BR"
"julián álvarez","10 mil+","11 de julho de 2026 às 21:30:00 UTC-3","12 de julho de 2026 às 09:00:00 UTC-3","julián álvarez,alexis mac allister","./explore?q=juli%C3%A1n%20%C3%A1lvarez&geo=BR"
"sky","5 mil+","12 de julho de 2026 às 05:20:00 UTC-3","12 de julho de 2026 às 18:20:00 UTC-3","sky","./explore?q=sky&geo=BR"
"apple iphone 18 pro max","5 mil+","12 de julho de 2026 às 01:20:00 UTC-3","12 de julho de 2026 às 15:50:00 UTC-3","apple iphone 18 pro max,novo iphone 18 pro max","./explore?q=apple%20iphone%2018%20pro%20max&geo=BR"
"france vs morocco","50 mil+","9 de julho de 2026 às 16:00:00 UTC-3","10 de julho de 2026 às 01:20:00 UTC-3","france vs morocco,france vs morocco world cup 2026,kylian mbappé,rabiot,mike maignan,upamecano,adrien rabiot,doue,dayot upamecano,bilal el khannouss,kick tv,fra,francia,world cup,sofascore,bradley barcola,france fc","./explore?q=france%20vs%20morocco&geo=BR"
"haaland","100 mil+","9 de julho de 2026 às 11:50:00 UTC-3","10 de julho de 2026 às 02:30:00 UTC-3","haaland,sextou","./explore?q=haaland&geo=BR"
"caminhoneiro","10 mil+","10 de julho de 2026 às 13:20:00 UTC-3","11 de julho de 2026 às 09:20:00 UTC-3","caminhoneiro","./explore?q=caminhoneiro&geo=BR"
"linha 7 da cptm","5 mil+","10 de julho de 2026 às 15:10:00 UTC-3","11 de julho de 2026 às 14:10:00 UTC-3","linha 7 da cptm","./explore?q=linha%207%20da%20cptm&geo=BR"
"breidablik","1 mil+","13 de julho de 2026 às 16:50:00 UTC-3","13 de julho de 2026 às 19:10:00 UTC-3","breidablik","./explore?q=breidablik&geo=BR"
"mick jagger","10 mil+","11 de julho de 2026 às 17:30:00 UTC-3","11 de julho de 2026 às 23:00:00 UTC-3","mick jagger,rolling stones","./explore?q=mick%20jagger&geo=BR"
"david beckham","20 mil+","11 de julho de 2026 às 18:10:00 UTC-3","11 de julho de 2026 às 21:50:00 UTC-3","david beckham,beckham","./explore?q=david%20beckham&geo=BR"
"inglaterra fc","20 mil+","11 de julho de 2026 às 18:40:00 UTC-3","11 de julho de 2026 às 21:20:00 UTC-3","inglaterra fc,fifa world cup brackets,fifa world cup 2026™","./explore?q=inglaterra%20fc&geo=BR"
"china 900 cobras","10 mil+","9 de julho de 2026 às 23:00:00 UTC-3","10 de julho de 2026 às 18:50:00 UTC-3","china 900 cobras,900 cobras,tornado na china","./explore?q=china%20900%20cobras&geo=BR"
"atropelamento","10 mil+","11 de julho de 2026 às 13:00:00 UTC-3","11 de julho de 2026 às 19:30:00 UTC-3","atropelamento","./explore?q=atropelamento&geo=BR"
"palmeiras x flamengo feminino","2 mil+","13 de julho de 2026 às 05:30:00 UTC-3","13 de julho de 2026 às 21:40:00 UTC-3","palmeiras x flamengo feminino,flamengo x palmeiras","./explore?q=palmeiras%20x%20flamengo%20feminino&geo=BR"
"cinema","20 mil+","9 de julho de 2026 às 07:00:00 UTC-3","9 de julho de 2026 às 22:20:00 UTC-3","cinema","./explore?q=cinema&geo=BR"
"mãe","5 mil+","12 de julho de 2026 às 12:50:00 UTC-3","12 de julho de 2026 às 19:40:00 UTC-3","mãe","./explore?q=m%C3%A3e&geo=BR"
"ovnis eua","5 mil+","11 de julho de 2026 às 12:00:00 UTC-3","12 de julho de 2026 às 01:00:00 UTC-3","ovnis eua,eua ovnis","./explore?q=ovnis%20eua&geo=BR"
"josé loreto","10 mil+","8 de julho de 2026 às 21:50:00 UTC-3","10 de julho de 2026 às 22:40:00 UTC-3","josé loreto","./explore?q=jos%C3%A9%20loreto&geo=BR"
"xhaka","10 mil+","11 de julho de 2026 às 21:40:00 UTC-3","12 de julho de 2026 às 01:50:00 UTC-3","xhaka,granit xhaka","./explore?q=xhaka&geo=BR"
"a guerra do amanhã","5 mil+","12 de julho de 2026 às 12:20:00 UTC-3","12 de julho de 2026 às 16:30:00 UTC-3","a guerra do amanhã,guerra do amanhã,filme a guerra do amanhã,temperatura maxima","./explore?q=a%20guerra%20do%20amanh%C3%A3&geo=BR"
"acidente","5 mil+","11 de julho de 2026 às 22:00:00 UTC-3","13 de julho de 2026 às 07:40:00 UTC-3","acidente","./explore?q=acidente&geo=BR"
"final da copa do mundo 2026","5 mil+","11 de julho de 2026 às 22:50:00 UTC-3","12 de julho de 2026 às 15:00:00 UTC-3","final da copa do mundo 2026","./explore?q=final%20da%20copa%20do%20mundo%202026&geo=BR"
"13 de julho","1 mil+","13 de julho de 2026 às 06:10:00 UTC-3","13 de julho de 2026 às 19:50:00 UTC-3","13 de julho","./explore?q=13%20de%20julho&geo=BR"
"patrick berg","10 mil+","11 de julho de 2026 às 17:50:00 UTC-3","11 de julho de 2026 às 21:40:00 UTC-3","patrick berg","./explore?q=patrick%20berg&geo=BR"
"diego forlán","2 mil+","12 de julho de 2026 às 19:00:00 UTC-3","13 de julho de 2026 às 08:00:00 UTC-3","diego forlán","./explore?q=diego%20forl%C3%A1n&geo=BR"
"lamine yamal","20 mil+","10 de julho de 2026 às 16:00:00 UTC-3","10 de julho de 2026 às 19:50:00 UTC-3","lamine yamal,yamal,espanha seleção","./explore?q=lamine%20yamal&geo=BR"
"move brasil","2 mil+","13 de julho de 2026 às 12:40:00 UTC-3","13 de julho de 2026 às 15:40:00 UTC-3","move brasil","./explore?q=move%20brasil&geo=BR"
"kauana bilhar","5 mil+","9 de julho de 2026 às 14:50:00 UTC-3","11 de julho de 2026 às 09:40:00 UTC-3","kauana bilhar","./explore?q=kauana%20bilhar&geo=BR"
"nikolas ferreira","10 mil+","7 de julho de 2026 às 20:40:00 UTC-3","9 de julho de 2026 às 04:20:00 UTC-3","nikolas ferreira","./explore?q=nikolas%20ferreira&geo=BR"
"rope jumping","10 mil+","10 de julho de 2026 às 10:10:00 UTC-3","10 de julho de 2026 às 21:00:00 UTC-3","rope jumping","./explore?q=rope%20jumping&geo=BR"
"sport","20 mil+","10 de julho de 2026 às 19:50:00 UTC-3","11 de julho de 2026 às 06:50:00 UTC-3","sport","./explore?q=sport&geo=BR"
"catherine, princesa de gales","1 mil+","13 de julho de 2026 às 12:00:00 UTC-3","13 de julho de 2026 às 14:10:00 UTC-3","catherine, princesa de gales","./explore?q=catherine%2C%20princesa%20de%20gales&geo=BR"
"davide ancelotti","10 mil+","8 de julho de 2026 às 10:50:00 UTC-3","9 de julho de 2026 às 18:30:00 UTC-3","davide ancelotti","./explore?q=davide%20ancelotti&geo=BR"
"mario bautista","5 mil+","11 de julho de 2026 às 20:10:00 UTC-3","12 de julho de 2026 às 07:50:00 UTC-3","mario bautista,cory sandhagen","./explore?q=mario%20bautista&geo=BR"
"chevrolet tracker","5 mil+","10 de julho de 2026 às 20:10:00 UTC-3","11 de julho de 2026 às 21:20:00 UTC-3","chevrolet tracker","./explore?q=chevrolet%20tracker&geo=BR"
"kansas city","10 mil+","11 de julho de 2026 às 20:40:00 UTC-3","12 de julho de 2026 às 01:40:00 UTC-3","kansas city","./explore?q=kansas%20city&geo=BR"
"manchester united football club","1 mil+","13 de julho de 2026 às 12:30:00 UTC-3","13 de julho de 2026 às 16:10:00 UTC-3","manchester united football club","./explore?q=manchester%20united%20football%20club&geo=BR"
"carteira de identidade nacional","2 mil+","12 de julho de 2026 às 14:20:00 UTC-3","13 de julho de 2026 às 14:10:00 UTC-3","carteira de identidade nacional","./explore?q=carteira%20de%20identidade%20nacional&geo=BR"
"petr4","1 mil+","13 de julho de 2026 às 18:00:00 UTC-3","13 de julho de 2026 às 19:30:00 UTC-3","petr4","./explore?q=petr4&geo=BR"
"cadáver","2 mil+","11 de julho de 2026 às 20:00:00 UTC-3","12 de julho de 2026 às 17:20:00 UTC-3","cadáver","./explore?q=cad%C3%A1ver&geo=BR"
"julian alvarez","5 mil+","11 de julho de 2026 às 22:00:00 UTC-3","12 de julho de 2026 às 04:10:00 UTC-3","julian alvarez","./explore?q=julian%20alvarez&geo=BR"
"starlink","20 mil+","8 de julho de 2026 às 05:20:00 UTC-3","9 de julho de 2026 às 08:20:00 UTC-3","starlink","./explore?q=starlink&geo=BR"
"espelho espacial","1 mil+","13 de julho de 2026 às 00:40:00 UTC-3","13 de julho de 2026 às 10:40:00 UTC-3","espelho espacial","./explore?q=espelho%20espacial&geo=BR"
"piloto de motos","1 mil+","12 de julho de 2026 às 22:40:00 UTC-3","13 de julho de 2026 às 09:20:00 UTC-3","piloto de motos","./explore?q=piloto%20de%20motos&geo=BR"
"botafogo","5 mil+","12 de julho de 2026 às 09:00:00 UTC-3","13 de julho de 2026 às 07:30:00 UTC-3","botafogo","./explore?q=botafogo&geo=BR"
"thiago maia","2 mil+","11 de julho de 2026 às 18:50:00 UTC-3","12 de julho de 2026 às 10:30:00 UTC-3","thiago maia","./explore?q=thiago%20maia&geo=BR"
"misoginia","1 mil+","13 de julho de 2026 às 14:00:00 UTC-3","13 de julho de 2026 às 19:30:00 UTC-3","misoginia","./explore?q=misoginia&geo=BR"
"patixa","2 mil+","12 de julho de 2026 às 00:10:00 UTC-3","13 de julho de 2026 às 01:20:00 UTC-3","patixa","./explore?q=patixa&geo=BR"
"randolfe rodrigues","5 mil+","11 de julho de 2026 às 14:50:00 UTC-3","12 de julho de 2026 às 08:00:00 UTC-3","randolfe rodrigues","./explore?q=randolfe%20rodrigues&geo=BR"
"zaamarah alencar brasil andrade","10 mil+","8 de julho de 2026 às 11:50:00 UTC-3","10 de julho de 2026 às 08:30:00 UTC-3","zaamarah alencar brasil andrade","./explore?q=zaamarah%20alencar%20brasil%20andrade&geo=BR"
"catherine, princesa de gales","5 mil+","11 de julho de 2026 às 05:40:00 UTC-3","11 de julho de 2026 às 16:50:00 UTC-3","catherine, princesa de gales","./explore?q=catherine%2C%20princesa%20de%20gales&geo=BR"
"sao bernardo fc","5 mil+","12 de julho de 2026 às 13:00:00 UTC-3","12 de julho de 2026 às 19:20:00 UTC-3","sao bernardo fc,cuiaba fc,sao bernardo x,sao bernardo x cuiaba","./explore?q=sao%20bernardo%20fc&geo=BR"
"inglaterra tem quantas copas do mundo","5 mil+","11 de julho de 2026 às 18:00:00 UTC-3","12 de julho de 2026 às 12:20:00 UTC-3","inglaterra tem quantas copas do mundo,jude bellingham namora","./explore?q=inglaterra%20tem%20quantas%20copas%20do%20mundo&geo=BR"
"the noite com danilo gentili","2 mil+","12 de julho de 2026 às 13:50:00 UTC-3","12 de julho de 2026 às 20:40:00 UTC-3","the noite com danilo gentili,juliana oliveira","./explore?q=the%20noite%20com%20danilo%20gentili&geo=BR"
"renda fixa","5 mil+","10 de julho de 2026 às 07:50:00 UTC-3","11 de julho de 2026 às 08:00:00 UTC-3","renda fixa","./explore?q=renda%20fixa&geo=BR"
"boletim focus","1 mil+","13 de julho de 2026 às 11:50:00 UTC-3","13 de julho de 2026 às 15:00:00 UTC-3","boletim focus,ipca","./explore?q=boletim%20focus&geo=BR"
"polícia rodoviária federal","5 mil+","10 de julho de 2026 às 06:30:00 UTC-3","11 de julho de 2026 às 12:00:00 UTC-3","polícia rodoviária federal","./explore?q=pol%C3%ADcia%20rodovi%C3%A1ria%20federal&geo=BR"
"andrey santos","5 mil+","13 de julho de 2026 às 10:50:00 UTC-3","13 de julho de 2026 às 13:30:00 UTC-3","andrey santos","./explore?q=andrey%20santos&geo=BR"
"connor murphy","10 mil+","7 de julho de 2026 às 21:20:00 UTC-3","10 de julho de 2026 às 03:30:00 UTC-3","connor murphy","./explore?q=connor%20murphy&geo=BR"
"marcio correia de oliveira","10 mil+","11 de julho de 2026 às 07:10:00 UTC-3","11 de julho de 2026 às 18:40:00 UTC-3","marcio correia de oliveira,marcio canella,marcio canella prefeito","./explore?q=marcio%20correia%20de%20oliveira&geo=BR"
"espancamento","10 mil+","9 de julho de 2026 às 16:30:00 UTC-3","10 de julho de 2026 às 10:40:00 UTC-3","espancamento,pai,bom dia","./explore?q=espancamento&geo=BR"
"uma casa na pradaria","2 mil+","12 de julho de 2026 às 16:10:00 UTC-3","13 de julho de 2026 às 00:20:00 UTC-3","uma casa na pradaria","./explore?q=uma%20casa%20na%20pradaria&geo=BR"
"cazé tv","10 mil+","11 de julho de 2026 às 18:00:00 UTC-3","12 de julho de 2026 às 01:10:00 UTC-3","cazé tv,caze tv ao vivo","./explore?q=caz%C3%A9%20tv&geo=BR"
"caminhão","2 mil+","12 de julho de 2026 às 06:30:00 UTC-3","12 de julho de 2026 às 19:20:00 UTC-3","caminhão","./explore?q=caminh%C3%A3o&geo=BR"
"s27","2 mil+","12 de julho de 2026 às 15:30:00 UTC-3","12 de julho de 2026 às 21:00:00 UTC-3","s27","./explore?q=s27&geo=BR"
"gama x porto velho","2 mil+","12 de julho de 2026 às 15:50:00 UTC-3","12 de julho de 2026 às 20:10:00 UTC-3","gama x porto velho,jogo do gama","./explore?q=gama%20x%20porto%20velho&geo=BR"
"ferias","2 mil+","13 de julho de 2026 às 07:10:00 UTC-3","13 de julho de 2026 às 10:10:00 UTC-3","ferias","./explore?q=ferias&geo=BR"
"incêndio","5 mil+","12 de julho de 2026 às 09:50:00 UTC-3","12 de julho de 2026 às 14:20:00 UTC-3","incêndio,incendio predio curitiba,incêndio curitiba","./explore?q=inc%C3%AAndio&geo=BR"
"sao paulo","2 mil+","12 de julho de 2026 às 15:50:00 UTC-3","13 de julho de 2026 às 07:30:00 UTC-3","sao paulo","./explore?q=sao%20paulo&geo=BR"
"lautaro martínez","5 mil+","11 de julho de 2026 às 23:50:00 UTC-3","12 de julho de 2026 às 10:00:00 UTC-3","lautaro martínez,lautaro","./explore?q=lautaro%20mart%C3%ADnez&geo=BR"
"isover - santo amaro, sp","5 mil+","10 de julho de 2026 às 05:10:00 UTC-3","11 de julho de 2026 às 13:50:00 UTC-3","isover - santo amaro, sp","./explore?q=isover%20-%20santo%20amaro%2C%20sp&geo=BR"
"douglas souza","10 mil+","9 de julho de 2026 às 05:30:00 UTC-3","10 de julho de 2026 às 07:50:00 UTC-3","douglas souza","./explore?q=douglas%20souza&geo=BR"
"ann widdecombe","5 mil+","10 de julho de 2026 às 16:50:00 UTC-3","11 de julho de 2026 às 08:10:00 UTC-3","ann widdecombe,no","./explore?q=ann%20widdecombe&geo=BR"
"lilibeth monteiro de carvalho","10 mil+","8 de julho de 2026 às 14:30:00 UTC-3","9 de julho de 2026 às 14:00:00 UTC-3","lilibeth monteiro de carvalho,rita lee,rita lee e roberto de carvalho","./explore?q=lilibeth%20monteiro%20de%20carvalho&geo=BR"
"furto","5 mil+","11 de julho de 2026 às 07:40:00 UTC-3","11 de julho de 2026 às 15:50:00 UTC-3","furto","./explore?q=furto&geo=BR"
"matt damon","10 mil+","7 de julho de 2026 às 16:10:00 UTC-3","8 de julho de 2026 às 15:10:00 UTC-3","matt damon","./explore?q=matt%20damon&geo=BR"
"defesa civil do estado de santa catarina","20 mil+","10 de julho de 2026 às 17:40:00 UTC-3","10 de julho de 2026 às 20:20:00 UTC-3","defesa civil do estado de santa catarina,previsão do tempo para hoje,previsao do tempo hoje,previsão do tempo florianopolis","./explore?q=defesa%20civil%20do%20estado%20de%20santa%20catarina&geo=BR"
"ituano x ferroviária","2 mil+","12 de julho de 2026 às 15:40:00 UTC-3","12 de julho de 2026 às 19:30:00 UTC-3","ituano x ferroviária","./explore?q=ituano%20x%20ferrovi%C3%A1ria&geo=BR"
"mbappe","50 mil+","9 de julho de 2026 às 17:20:00 UTC-3","9 de julho de 2026 às 20:40:00 UTC-3","mbappe,artilheiro da copa do mundo 2026,jogo frança hoje,artilharia da copa do mundo 2026,artilharia copa do mundo 2026,maiores artilheiros da copa do mundo,artilheiros da copa do mundo 2026,artilharia da copa,artilheiros copa do mundo 2026,artilheiro da copa do mundo,bola de ouro,artilheiros da copa","./explore?q=mbappe&geo=BR"
"campo grande news","2 mil+","13 de julho de 2026 às 07:50:00 UTC-3","13 de julho de 2026 às 10:50:00 UTC-3","campo grande news","./explore?q=campo%20grande%20news&geo=BR"
"angélica","10 mil+","8 de julho de 2026 às 07:00:00 UTC-3","9 de julho de 2026 às 09:40:00 UTC-3","angélica","./explore?q=ang%C3%A9lica&geo=BR"
"pix","10 mil+","11 de julho de 2026 às 19:00:00 UTC-3","11 de julho de 2026 às 21:00:00 UTC-3","pix","./explore?q=pix&geo=BR"
"preta gil","2 mil+","11 de julho de 2026 às 21:30:00 UTC-3","13 de julho de 2026 às 22:50:00 UTC-3","preta gil","./explore?q=preta%20gil&geo=BR"
"mauro vieira","10 mil+","10 de julho de 2026 às 09:50:00 UTC-3","10 de julho de 2026 às 19:40:00 UTC-3","mauro vieira,crise diplomática,operação militar","./explore?q=mauro%20vieira&geo=BR"
"breno bidon","2 mil+","12 de julho de 2026 às 14:00:00 UTC-3","13 de julho de 2026 às 07:20:00 UTC-3","breno bidon","./explore?q=breno%20bidon&geo=BR"
"paulo bilynskyj","1 mil+","13 de julho de 2026 às 07:40:00 UTC-3","13 de julho de 2026 às 11:00:00 UTC-3","paulo bilynskyj","./explore?q=paulo%20bilynskyj&geo=BR"
"roubo","2 mil+","12 de julho de 2026 às 06:00:00 UTC-3","13 de julho de 2026 às 05:40:00 UTC-3","roubo","./explore?q=roubo&geo=BR"
"santos futebol clube","20 mil+","8 de julho de 2026 às 05:10:00 UTC-3","9 de julho de 2026 às 08:20:00 UTC-3","santos futebol clube,ge,jogo hoje","./explore?q=santos%20futebol%20clube&geo=BR"
"xuxa","2 mil+","11 de julho de 2026 às 11:50:00 UTC-3","12 de julho de 2026 às 00:10:00 UTC-3","xuxa","./explore?q=xuxa&geo=BR"
"racing x peñarol","2 mil+","12 de julho de 2026 às 17:50:00 UTC-3","12 de julho de 2026 às 21:30:00 UTC-3","racing x peñarol","./explore?q=racing%20x%20pe%C3%B1arol&geo=BR"
"midiamax","1 mil+","13 de julho de 2026 às 07:30:00 UTC-3","13 de julho de 2026 às 10:50:00 UTC-3","midiamax","./explore?q=midiamax&geo=BR"
"sigrid undset","10 mil+","9 de julho de 2026 às 11:20:00 UTC-3","10 de julho de 2026 às 05:40:00 UTC-3","sigrid undset","./explore?q=sigrid%20undset&geo=BR"
"adoção","5 mil+","11 de julho de 2026 às 13:20:00 UTC-3","11 de julho de 2026 às 22:10:00 UTC-3","adoção","./explore?q=ado%C3%A7%C3%A3o&geo=BR"
"bisão","1 mil+","12 de julho de 2026 às 20:10:00 UTC-3","13 de julho de 2026 às 21:20:00 UTC-3","bisão","./explore?q=bis%C3%A3o&geo=BR"
"pedro emanuel","10 mil+","10 de julho de 2026 às 11:30:00 UTC-3","11 de julho de 2026 às 00:10:00 UTC-3","pedro emanuel,pedro emanuel treinador,pedro emanuel tecnico,pedro emanuel técnico vasco,novo treinador do vasco pedro emanuel,vasco","./explore?q=pedro%20emanuel&geo=BR"
"gianni infantino","10 mil+","7 de julho de 2026 às 15:00:00 UTC-3","9 de julho de 2026 às 19:40:00 UTC-3","gianni infantino","./explore?q=gianni%20infantino&geo=BR"
"linda nosková","10 mil+","11 de julho de 2026 às 12:10:00 UTC-3","11 de julho de 2026 às 17:30:00 UTC-3","linda nosková,muchova,venus williams,linda noskova,marta kostyuk,win","./explore?q=linda%20noskov%C3%A1&geo=BR"
"ferroviário x imperatriz","2 mil+","12 de julho de 2026 às 16:50:00 UTC-3","12 de julho de 2026 às 20:50:00 UTC-3","ferroviário x imperatriz","./explore?q=ferrovi%C3%A1rio%20x%20imperatriz&geo=BR"
"mordida","5 mil+","10 de julho de 2026 às 13:40:00 UTC-3","11 de julho de 2026 às 08:00:00 UTC-3","mordida","./explore?q=mordida&geo=BR"
"restituição","10 mil+","8 de julho de 2026 às 04:20:00 UTC-3","8 de julho de 2026 às 21:00:00 UTC-3","restituição,consulta cashback receita federal,imposto,cashback imposto de renda","./explore?q=restitui%C3%A7%C3%A3o&geo=BR"
"ubs mata virgem","500+","13 de julho de 2026 às 19:00:00 UTC-3","13 de julho de 2026 às 20:00:00 UTC-3","ubs mata virgem","./explore?q=ubs%20mata%20virgem&geo=BR"
"ipca","10 mil+","10 de julho de 2026 às 09:00:00 UTC-3","10 de julho de 2026 às 20:10:00 UTC-3","ipca,ibovespa,infomoney,ibovespa hoje,ibge ipca junho,ipca tesouro,ibov","./explore?q=ipca&geo=BR"
"lotomania 2949","2 mil+","13 de julho de 2026 às 21:40:00 UTC-3","13 de julho de 2026 às 22:10:00 UTC-3","lotomania 2949,lotomania,lotomania 2948,lotomania 2947,resultado da lotomania,resultado lotomania","./explore?q=lotomania%202949&geo=BR"
"capital x nacional","2 mil+","12 de julho de 2026 às 17:00:00 UTC-3","12 de julho de 2026 às 20:50:00 UTC-3","capital x nacional,campeonato brasileiro de futebol - série d","./explore?q=capital%20x%20nacional&geo=BR"
"assassins creed black flag resynced","5 mil+","11 de julho de 2026 às 06:50:00 UTC-3","11 de julho de 2026 às 22:20:00 UTC-3","assassins creed black flag resynced,twitch","./explore?q=assassins%20creed%20black%20flag%20resynced&geo=BR"
"vacina","5 mil+","10 de julho de 2026 às 13:50:00 UTC-3","11 de julho de 2026 às 09:00:00 UTC-3","vacina,ciro gomes","./explore?q=vacina&geo=BR"
"emiliano martínez","5 mil+","11 de julho de 2026 às 21:50:00 UTC-3","12 de julho de 2026 às 01:50:00 UTC-3","emiliano martínez,dibu martinez","./explore?q=emiliano%20mart%C3%ADnez&geo=BR"
"netinho de paula","2 mil+","12 de julho de 2026 às 17:30:00 UTC-3","12 de julho de 2026 às 21:30:00 UTC-3","netinho de paula","./explore?q=netinho%20de%20paula&geo=BR"
"real madrid club de fútbol","5 mil+","11 de julho de 2026 às 05:10:00 UTC-3","11 de julho de 2026 às 15:40:00 UTC-3","real madrid club de fútbol","./explore?q=real%20madrid%20club%20de%20f%C3%BAtbol&geo=BR"
"jogo ceara","5 mil+","13 de julho de 2026 às 22:30:00 UTC-3","13 de julho de 2026 às 22:50:00 UTC-3","jogo ceara,boca juniors,boca juniors x athletico-pr,atletico pr,atlético paranaense","./explore?q=jogo%20ceara&geo=BR"
"jogo do cruzeiro hoje","2 mil+","12 de julho de 2026 às 16:00:00 UTC-3","12 de julho de 2026 às 20:20:00 UTC-3","jogo do cruzeiro hoje,jogo cruzeiro hoje","./explore?q=jogo%20do%20cruzeiro%20hoje&geo=BR"
"lisandro martínez","5 mil+","11 de julho de 2026 às 22:10:00 UTC-3","12 de julho de 2026 às 01:50:00 UTC-3","lisandro martínez,nahuel molina,argentina suiza,lautaro martinez","./explore?q=lisandro%20mart%C3%ADnez&geo=BR"
"de paul","5 mil+","11 de julho de 2026 às 22:00:00 UTC-3","12 de julho de 2026 às 01:50:00 UTC-3","de paul,rodrigo de paul","./explore?q=de%20paul&geo=BR"
"paramount plus","2 mil+","11 de julho de 2026 às 19:30:00 UTC-3","12 de julho de 2026 às 02:00:00 UTC-3","paramount plus","./explore?q=paramount%20plus&geo=BR"
"daniella marques","2 mil+","12 de julho de 2026 às 07:40:00 UTC-3","12 de julho de 2026 às 15:10:00 UTC-3","daniella marques","./explore?q=daniella%20marques&geo=BR"
"enquete casa do patrão","2 mil+","10 de julho de 2026 às 23:30:00 UTC-3","11 de julho de 2026 às 23:40:00 UTC-3","enquete casa do patrão,casa do patrão","./explore?q=enquete%20casa%20do%20patr%C3%A3o&geo=BR"
"uberlândia x serra branca","2 mil+","12 de julho de 2026 às 15:50:00 UTC-3","12 de julho de 2026 às 19:40:00 UTC-3","uberlândia x serra branca","./explore?q=uberl%C3%A2ndia%20x%20serra%20branca&geo=BR"
"caxias x floresta","5 mil+","11 de julho de 2026 às 10:20:00 UTC-3","11 de julho de 2026 às 15:00:00 UTC-3","caxias x floresta,caxias,caxias floresta 11/07/2026","./explore?q=caxias%20x%20floresta&geo=BR"
"leandro paredes","5 mil+","11 de julho de 2026 às 21:50:00 UTC-3","12 de julho de 2026 às 01:40:00 UTC-3","leandro paredes,paredes,paredes argentina","./explore?q=leandro%20paredes&geo=BR"
"tv cazé","10 mil+","11 de julho de 2026 às 18:00:00 UTC-3","12 de julho de 2026 às 01:10:00 UTC-3","tv cazé,cazétv,caze,caze tv,tv caze,cazetv","./explore?q=tv%20caz%C3%A9&geo=BR"
"españa - bélgica","10 mil+","10 de julho de 2026 às 15:10:00 UTC-3","10 de julho de 2026 às 21:40:00 UTC-3","españa - bélgica,españa vs,españa vs belgica,españa belgica","./explore?q=espa%C3%B1a%20-%20b%C3%A9lgica&geo=BR"
"pec ipva","20 mil+","8 de julho de 2026 às 14:10:00 UTC-3","10 de julho de 2026 às 10:10:00 UTC-3","pec ipva,veículo,ipva,nova pec do ipva","./explore?q=pec%20ipva&geo=BR"
"próximo jogo da copa","2 mil+","12 de julho de 2026 às 01:00:00 UTC-3","12 de julho de 2026 às 16:10:00 UTC-3","próximo jogo da copa","./explore?q=pr%C3%B3ximo%20jogo%20da%20copa&geo=BR"
"triângulo amoroso","10 mil+","7 de julho de 2026 às 18:50:00 UTC-3","8 de julho de 2026 às 13:30:00 UTC-3","triângulo amoroso,de bruyne,kevin de bruyne,courtois e de bruyne,de bruyne e courtois","./explore?q=tri%C3%A2ngulo%20amoroso&geo=BR"
"soroterapia","10 mil+","7 de julho de 2026 às 13:20:00 UTC-3","9 de julho de 2026 às 08:30:00 UTC-3","soroterapia","./explore?q=soroterapia&geo=BR"
"alana cabral","2 mil+","10 de julho de 2026 às 12:50:00 UTC-3","11 de julho de 2026 às 08:50:00 UTC-3","alana cabral","./explore?q=alana%20cabral&geo=BR"
"mac allister","5 mil+","11 de julho de 2026 às 22:00:00 UTC-3","12 de julho de 2026 às 01:50:00 UTC-3","mac allister,argentine – suisse,ndoye,a. mac allister","./explore?q=mac%20allister&geo=BR"
"portuguesa x marcílio dias","5 mil+","11 de julho de 2026 às 15:20:00 UTC-3","11 de julho de 2026 às 20:00:00 UTC-3","portuguesa x marcílio dias,portuguesa","./explore?q=portuguesa%20x%20marc%C3%ADlio%20dias&geo=BR"
"pickford","5 mil+","11 de julho de 2026 às 18:30:00 UTC-3","11 de julho de 2026 às 21:40:00 UTC-3","pickford,jordan pickford","./explore?q=pickford&geo=BR"
"frança vs marrocos","10 mil+","9 de julho de 2026 às 14:10:00 UTC-3","10 de julho de 2026 às 00:30:00 UTC-3","frança vs marrocos","./explore?q=fran%C3%A7a%20vs%20marrocos&geo=BR"
"asa x ivinhema","2 mil+","12 de julho de 2026 às 16:50:00 UTC-3","12 de julho de 2026 às 20:10:00 UTC-3","asa x ivinhema,classificação serie c,asa","./explore?q=asa%20x%20ivinhema&geo=BR"
"classificação da série c","1 mil+","12 de julho de 2026 às 12:10:00 UTC-3","13 de julho de 2026 às 07:30:00 UTC-3","classificação da série c","./explore?q=classifica%C3%A7%C3%A3o%20da%20s%C3%A9rie%20c&geo=BR"
"kléberson","500+","13 de julho de 2026 às 18:30:00 UTC-3","13 de julho de 2026 às 20:10:00 UTC-3","kléberson","./explore?q=kl%C3%A9berson&geo=BR"
"sociedade esportiva palmeiras","2 mil+","12 de julho de 2026 às 06:00:00 UTC-3","12 de julho de 2026 às 10:10:00 UTC-3","sociedade esportiva palmeiras","./explore?q=sociedade%20esportiva%20palmeiras&geo=BR"
"semifinal","2 mil+","11 de julho de 2026 às 20:50:00 UTC-3","12 de julho de 2026 às 14:50:00 UTC-3","semifinal,quantas copa a argentina tem","./explore?q=semifinal&geo=BR"
"ldu","2 mil+","12 de julho de 2026 às 14:20:00 UTC-3","12 de julho de 2026 às 17:10:00 UTC-3","ldu","./explore?q=ldu&geo=BR"
"classificações de inter de limeira x amazonas fc","2 mil+","12 de julho de 2026 às 14:20:00 UTC-3","12 de julho de 2026 às 17:00:00 UTC-3","classificações de inter de limeira x amazonas fc,inter de limeira","./explore?q=classifica%C3%A7%C3%B5es%20de%20inter%20de%20limeira%20x%20amazonas%20fc&geo=BR"
"sargento","5 mil+","7 de julho de 2026 às 20:10:00 UTC-3","8 de julho de 2026 às 20:20:00 UTC-3","sargento","./explore?q=sargento&geo=BR"
"mansão","5 mil+","8 de julho de 2026 às 17:30:00 UTC-3","9 de julho de 2026 às 14:00:00 UTC-3","mansão","./explore?q=mans%C3%A3o&geo=BR"
"idoso","20 mil+","9 de julho de 2026 às 13:10:00 UTC-3","9 de julho de 2026 às 17:30:00 UTC-3","idoso","./explore?q=idoso&geo=BR"
"rumble moraes","5 mil+","8 de julho de 2026 às 15:30:00 UTC-3","9 de julho de 2026 às 09:00:00 UTC-3","rumble moraes,metropoles","./explore?q=rumble%20moraes&geo=BR"
"akanji","5 mil+","11 de julho de 2026 às 22:00:00 UTC-3","12 de julho de 2026 às 01:40:00 UTC-3","akanji,remo freuler","./explore?q=akanji&geo=BR"
"ator","2 mil+","11 de julho de 2026 às 04:20:00 UTC-3","11 de julho de 2026 às 14:10:00 UTC-3","ator,marcos oliveira","./explore?q=ator&geo=BR"
"tate mcrae","2 mil+","10 de julho de 2026 às 16:00:00 UTC-3","11 de julho de 2026 às 06:00:00 UTC-3","tate mcrae","./explore?q=tate%20mcrae&geo=BR"
"prouni 2026","5 mil+","10 de julho de 2026 às 11:00:00 UTC-3","11 de julho de 2026 às 01:00:00 UTC-3","prouni 2026,prouni inscrição,inscrição prouni,salario minimo 2026","./explore?q=prouni%202026&geo=BR"
"centro-direita","2 mil+","11 de julho de 2026 às 14:00:00 UTC-3","12 de julho de 2026 às 09:20:00 UTC-3","centro-direita","./explore?q=centro-direita&geo=BR"
"rodrigo bocardi","1 mil+","12 de julho de 2026 às 19:20:00 UTC-3","13 de julho de 2026 às 10:10:00 UTC-3","rodrigo bocardi","./explore?q=rodrigo%20bocardi&geo=BR"
"sport recife","5 mil+","10 de julho de 2026 às 18:40:00 UTC-3","11 de julho de 2026 às 07:10:00 UTC-3","sport recife","./explore?q=sport%20recife&geo=BR"
"dan ndoye","5 mil+","11 de julho de 2026 às 21:40:00 UTC-3","12 de julho de 2026 às 01:20:00 UTC-3","dan ndoye","./explore?q=dan%20ndoye&geo=BR"
"gregor kobel","2 mil+","11 de julho de 2026 às 21:50:00 UTC-3","12 de julho de 2026 às 01:40:00 UTC-3","gregor kobel","./explore?q=gregor%20kobel&geo=BR"
"semifinal da copa do mundo","5 mil+","12 de julho de 2026 às 00:40:00 UTC-3","12 de julho de 2026 às 10:50:00 UTC-3","semifinal da copa do mundo,semi final copa,porque a globo não vai transmitir jogo hoje?,porque a globo não vai transmitir jogo hoje,a globo vai transmitir qual jogo hoje,qual canal vai passar o jogo da noruega,noruega x inglaterra vai passar no sbt,cazetv copa do mundo","./explore?q=semifinal%20da%20copa%20do%20mundo&geo=BR"
"enzo fernandez","5 mil+","11 de julho de 2026 às 22:00:00 UTC-3","12 de julho de 2026 às 01:30:00 UTC-3","enzo fernandez,enzo fernández","./explore?q=enzo%20fernandez&geo=BR"
"sony playstation plus","10 mil+","7 de julho de 2026 às 20:10:00 UTC-3","8 de julho de 2026 às 10:00:00 UTC-3","sony playstation plus","./explore?q=sony%20playstation%20plus&geo=BR"
"maradona","5 mil+","11 de julho de 2026 às 22:10:00 UTC-3","12 de julho de 2026 às 01:40:00 UTC-3","maradona,selecao inglaterra","./explore?q=maradona&geo=BR"
"sorteio loteria federal","20 mil+","11 de julho de 2026 às 21:30:00 UTC-3","12 de julho de 2026 às 01:20:00 UTC-3","sorteio loteria federal,loteria federal,resultado da loteria federal de hoje,resultado da federal de hoje,resultado federal hoje,resultado da loteria federal,federal de hoje,federal hoje,resultado federal,resultado da federal do dia 11 07 2026,resultado federal hoje 20h,resultado da loteria federal do dia 08 07 2026,resultado do jogo da federal de hoje,resultado da federal,loteria federal de hoje","./explore?q=sorteio%20loteria%20federal&geo=BR"
"família real","5 mil+","9 de julho de 2026 às 18:20:00 UTC-3","10 de julho de 2026 às 09:00:00 UTC-3","família real,príncipe harry, duque de sussex","./explore?q=fam%C3%ADlia%20real&geo=BR"
"simaria mendes","2 mil+","10 de julho de 2026 às 13:50:00 UTC-3","11 de julho de 2026 às 08:50:00 UTC-3","simaria mendes","./explore?q=simaria%20mendes&geo=BR"
"airbus a350","2 mil+","10 de julho de 2026 às 22:50:00 UTC-3","11 de julho de 2026 às 15:10:00 UTC-3","airbus a350","./explore?q=airbus%20a350&geo=BR"
"pix","2 mil+","13 de julho de 2026 às 06:40:00 UTC-3","13 de julho de 2026 às 07:30:00 UTC-3","pix","./explore?q=pix&geo=BR"
"liniker","2 mil+","11 de julho de 2026 às 17:00:00 UTC-3","12 de julho de 2026 às 11:10:00 UTC-3","liniker,bye bye caju","./explore?q=liniker&geo=BR"
"fernanda torres","5 mil+","7 de julho de 2026 às 22:50:00 UTC-3","9 de julho de 2026 às 02:40:00 UTC-3","fernanda torres,fernanda montenegro,eunice paiva","./explore?q=fernanda%20torres&geo=BR"
"supertufão bavi","5 mil+","10 de julho de 2026 às 11:20:00 UTC-3","10 de julho de 2026 às 18:40:00 UTC-3","supertufão bavi,super tufão,tufão","./explore?q=supertuf%C3%A3o%20bavi&geo=BR"
"quem ganhou","2 mil+","11 de julho de 2026 às 20:00:00 UTC-3","12 de julho de 2026 às 09:40:00 UTC-3","quem ganhou,r7 com votação hoje casa do patrão","./explore?q=quem%20ganhou&geo=BR"
"previsão do tempo rio de janeiro","2 mil+","12 de julho de 2026 às 00:20:00 UTC-3","12 de julho de 2026 às 06:00:00 UTC-3","previsão do tempo rio de janeiro,previsão do tempo rj,tempo rj,tempo rio de janeiro,climatempo rj","./explore?q=previs%C3%A3o%20do%20tempo%20rio%20de%20janeiro&geo=BR"
"nota parana","5 mil+","9 de julho de 2026 às 13:00:00 UTC-3","10 de julho de 2026 às 15:20:00 UTC-3","nota parana","./explore?q=nota%20parana&geo=BR"
"ciro nogueira","2 mil+","10 de julho de 2026 às 17:50:00 UTC-3","11 de julho de 2026 às 13:40:00 UTC-3","ciro nogueira","./explore?q=ciro%20nogueira&geo=BR"
"trânsito","200+","13 de julho de 2026 às 18:50:00 UTC-3","13 de julho de 2026 às 19:40:00 UTC-3","trânsito","./explore?q=tr%C3%A2nsito&geo=BR"
"maría corina machado","5 mil+","7 de julho de 2026 às 19:00:00 UTC-3","8 de julho de 2026 às 08:50:00 UTC-3","maría corina machado","./explore?q=mar%C3%ADa%20corina%20machado&geo=BR"
"daniel vorcaro","5 mil+","12 de julho de 2026 às 06:00:00 UTC-3","12 de julho de 2026 às 09:20:00 UTC-3","daniel vorcaro,thiago miranda,miami,diário da região,milton maluhy","./explore?q=daniel%20vorcaro&geo=BR"
"argentina vs egypt","20 mil+","7 de julho de 2026 às 12:00:00 UTC-3","7 de julho de 2026 às 19:10:00 UTC-3","argentina vs egypt,argentina vs egypt world cup 2026,lionel messi,cristian romero,argentin,argentina vs egipto,egypt,egypt x argentina,hamdy fathy,argentina vs,ibrahim","./explore?q=argentina%20vs%20egypt&geo=BR"
"flamengo fc","5 mil+","11 de julho de 2026 às 15:50:00 UTC-3","11 de julho de 2026 às 19:00:00 UTC-3","flamengo fc,benfica e flamengo,everton cebolinha","./explore?q=flamengo%20fc&geo=BR"
"declan rice","5 mil+","11 de julho de 2026 às 18:00:00 UTC-3","11 de julho de 2026 às 21:10:00 UTC-3","declan rice,john stones,reece james,rice","./explore?q=declan%20rice&geo=BR"
"jason statham","2 mil+","11 de julho de 2026 às 19:00:00 UTC-3","12 de julho de 2026 às 15:00:00 UTC-3","jason statham","./explore?q=jason%20statham&geo=BR"
"jobe bellingham","2 mil+","11 de julho de 2026 às 18:20:00 UTC-3","12 de julho de 2026 às 02:00:00 UTC-3","jobe bellingham","./explore?q=jobe%20bellingham&geo=BR"
"elliot anderson","2 mil+","11 de julho de 2026 às 17:40:00 UTC-3","11 de julho de 2026 às 21:30:00 UTC-3","elliot anderson","./explore?q=elliot%20anderson&geo=BR"
"di maria","2 mil+","11 de julho de 2026 às 22:20:00 UTC-3","12 de julho de 2026 às 01:50:00 UTC-3","di maria","./explore?q=di%20maria&geo=BR"
"luciana gimenez","2 mil+","12 de julho de 2026 às 15:50:00 UTC-3","13 de julho de 2026 às 00:10:00 UTC-3","luciana gimenez","./explore?q=luciana%20gimenez&geo=BR"
"bidu","2 mil+","12 de julho de 2026 às 23:00:00 UTC-3","13 de julho de 2026 às 00:20:00 UTC-3","bidu","./explore?q=bidu&geo=BR"
"kansas","2 mil+","11 de julho de 2026 às 20:50:00 UTC-3","12 de julho de 2026 às 01:20:00 UTC-3","kansas","./explore?q=kansas&geo=BR"
"tracy cortez","2 mil+","11 de julho de 2026 às 19:10:00 UTC-3","12 de julho de 2026 às 05:10:00 UTC-3","tracy cortez","./explore?q=tracy%20cortez&geo=BR"
"reforma","2 mil+","12 de julho de 2026 às 08:40:00 UTC-3","12 de julho de 2026 às 16:10:00 UTC-3","reforma","./explore?q=reforma&geo=BR"
"programação globo","10 mil+","11 de julho de 2026 às 17:40:00 UTC-3","11 de julho de 2026 às 19:00:00 UTC-3","programação globo,programacao globo,programação da globo,globo programação","./explore?q=programa%C3%A7%C3%A3o%20globo&geo=BR"
"agressão","5 mil+","10 de julho de 2026 às 13:20:00 UTC-3","10 de julho de 2026 às 21:20:00 UTC-3","agressão,advogado","./explore?q=agress%C3%A3o&geo=BR"
"irmão","5 mil+","10 de julho de 2026 às 14:20:00 UTC-3","10 de julho de 2026 às 19:30:00 UTC-3","irmão,importunação sexual","./explore?q=irm%C3%A3o&geo=BR"
"motogp","2 mil+","12 de julho de 2026 às 08:10:00 UTC-3","12 de julho de 2026 às 12:00:00 UTC-3","motogp,moto gp","./explore?q=motogp&geo=BR"
"acerte ou caia!","500+","13 de julho de 2026 às 07:00:00 UTC-3","13 de julho de 2026 às 09:50:00 UTC-3","acerte ou caia!","./explore?q=acerte%20ou%20caia!&geo=BR"
"omie","500+","13 de julho de 2026 às 08:20:00 UTC-3","13 de julho de 2026 às 10:00:00 UTC-3","omie","./explore?q=omie&geo=BR"
"king green","2 mil+","11 de julho de 2026 às 21:50:00 UTC-3","12 de julho de 2026 às 01:50:00 UTC-3","king green,terrance mckinney","./explore?q=king%20green&geo=BR"
"classificações de brasileirão série d","1 mil+","12 de julho de 2026 às 16:50:00 UTC-3","12 de julho de 2026 às 21:10:00 UTC-3","classificações de brasileirão série d","./explore?q=classifica%C3%A7%C3%B5es%20de%20brasileir%C3%A3o%20s%C3%A9rie%20d&geo=BR"
"lua nova","2 mil+","12 de julho de 2026 às 23:30:00 UTC-3","13 de julho de 2026 às 00:40:00 UTC-3","lua nova,fase da lua hoje,lua minguante","./explore?q=lua%20nova&geo=BR"
"thiago almada","2 mil+","12 de julho de 2026 às 00:00:00 UTC-3","12 de julho de 2026 às 07:20:00 UTC-3","thiago almada","./explore?q=thiago%20almada&geo=BR"
"outlook 365","500+","13 de julho de 2026 às 07:40:00 UTC-3","13 de julho de 2026 às 09:20:00 UTC-3","outlook 365","./explore?q=outlook%20365&geo=BR"
"china","5 mil+","11 de julho de 2026 às 05:40:00 UTC-3","11 de julho de 2026 às 10:10:00 UTC-3","china","./explore?q=china&geo=BR"
"arthur fery","10 mil+","8 de julho de 2026 às 11:50:00 UTC-3","9 de julho de 2026 às 08:10:00 UTC-3","arthur fery,alexander zverev,zverev,taylor fritz","./explore?q=arthur%20fery&geo=BR"
"gable steveson","2 mil+","11 de julho de 2026 às 20:00:00 UTC-3","12 de julho de 2026 às 02:00:00 UTC-3","gable steveson,elisha ellison","./explore?q=gable%20steveson&geo=BR"
"francia - marruecos","10 mil+","9 de julho de 2026 às 16:10:00 UTC-3","9 de julho de 2026 às 21:10:00 UTC-3","francia - marruecos,francia vs,francia vs marruecos,francia marruecos","./explore?q=francia%20-%20marruecos&geo=BR"
"caetano veloso","2 mil+","11 de julho de 2026 às 13:50:00 UTC-3","12 de julho de 2026 às 11:20:00 UTC-3","caetano veloso","./explore?q=caetano%20veloso&geo=BR"
"benefício","10 mil+","9 de julho de 2026 às 17:40:00 UTC-3","9 de julho de 2026 às 21:00:00 UTC-3","benefício,décimo terceiro salário","./explore?q=benef%C3%ADcio&geo=BR"
"android","2 mil+","9 de julho de 2026 às 10:30:00 UTC-3","10 de julho de 2026 às 07:10:00 UTC-3","android","./explore?q=android&geo=BR"
"éder militão","500+","13 de julho de 2026 às 12:00:00 UTC-3","13 de julho de 2026 às 14:30:00 UTC-3","éder militão","./explore?q=%C3%A9der%20milit%C3%A3o&geo=BR"
"hoje é feriado em são paulo","5 mil+","9 de julho de 2026 às 05:30:00 UTC-3","9 de julho de 2026 às 17:10:00 UTC-3","hoje é feriado em são paulo,hoje e feriado em sao paulo,quinta-feira é feriado do quê,feriado 09/07","./explore?q=hoje%20%C3%A9%20feriado%20em%20s%C3%A3o%20paulo&geo=BR"
"byd dolphin g híbrido plug in","5 mil+","13 de julho de 2026 às 12:10:00 UTC-3","13 de julho de 2026 às 13:40:00 UTC-3","byd dolphin g híbrido plug in,g","./explore?q=byd%20dolphin%20g%20h%C3%ADbrido%20plug%20in&geo=BR"
"quantas copas a frança tem","10 mil+","9 de julho de 2026 às 17:20:00 UTC-3","9 de julho de 2026 às 20:40:00 UTC-3","quantas copas a frança tem,quantas copas do mundo tem a frança,quantas copas tem a frança,franca tem quantas copa,quantos titulos tem a frança copa do mundo,frança tem quantas copas do mundo,copa do mundo 2018,quantos títulos tem a frança,quantas copas tem a franca,frança tem quantas copas,quantas copa tem a frança,quantas copa a frança tem","./explore?q=quantas%20copas%20a%20fran%C3%A7a%20tem&geo=BR"
"incendios florestais espanha","5 mil+","10 de julho de 2026 às 19:50:00 UTC-3","11 de julho de 2026 às 01:50:00 UTC-3","incendios florestais espanha,incêndio,incendio espanha,incendio na espanha,almeria espanha,incendio florestal espanha,incêndio na espanha","./explore?q=incendios%20florestais%20espanha&geo=BR"
"china","10 mil+","7 de julho de 2026 às 04:30:00 UTC-3","7 de julho de 2026 às 14:00:00 UTC-3","china","./explore?q=china&geo=BR"
"noni madueke","2 mil+","11 de julho de 2026 às 17:30:00 UTC-3","11 de julho de 2026 às 20:50:00 UTC-3","noni madueke,eze,eberechi eze","./explore?q=noni%20madueke&geo=BR"
"matias moreno","500+","13 de julho de 2026 às 13:50:00 UTC-3","13 de julho de 2026 às 15:00:00 UTC-3","matias moreno","./explore?q=matias%20moreno&geo=BR"
"picada de cobra","2 mil+","11 de julho de 2026 às 05:00:00 UTC-3","11 de julho de 2026 às 17:50:00 UTC-3","picada de cobra","./explore?q=picada%20de%20cobra&geo=BR"
"karolína muchová","5 mil+","11 de julho de 2026 às 12:10:00 UTC-3","11 de julho de 2026 às 15:50:00 UTC-3","karolína muchová,noskova,torneio de wimbledon","./explore?q=karol%C3%ADna%20muchov%C3%A1&geo=BR"
"ponte anita garibaldi","5 mil+","10 de julho de 2026 às 06:00:00 UTC-3","10 de julho de 2026 às 20:00:00 UTC-3","ponte anita garibaldi,br-101,ponte","./explore?q=ponte%20anita%20garibaldi&geo=BR"
"correios","20 mil+","9 de julho de 2026 às 10:30:00 UTC-3","9 de julho de 2026 às 14:30:00 UTC-3","correios,reestruturação","./explore?q=correios&geo=BR"
"apostador","10 mil+","7 de julho de 2026 às 11:10:00 UTC-3","7 de julho de 2026 às 21:00:00 UTC-3","apostador,resultado lotofacil 3728","./explore?q=apostador&geo=BR"
"congresso","2 mil+","10 de julho de 2026 às 19:10:00 UTC-3","11 de julho de 2026 às 10:30:00 UTC-3","congresso","./explore?q=congresso&geo=BR"
"jogos futebol hoje ao vivo","5 mil+","11 de julho de 2026 às 18:30:00 UTC-3","11 de julho de 2026 às 21:00:00 UTC-3","jogos futebol hoje ao vivo,jogos de brasileirão série b,quem venceu o jogo de hoje","./explore?q=jogos%20futebol%20hoje%20ao%20vivo&geo=BR"
"seleção italiana de futebol","500+","13 de julho de 2026 às 05:30:00 UTC-3","13 de julho de 2026 às 08:30:00 UTC-3","seleção italiana de futebol","./explore?q=sele%C3%A7%C3%A3o%20italiana%20de%20futebol&geo=BR"
"split payment","500+","13 de julho de 2026 às 14:50:00 UTC-3","13 de julho de 2026 às 19:20:00 UTC-3","split payment","./explore?q=split%20payment&geo=BR"
"altas horas altas horas","2 mil+","11 de julho de 2026 às 08:10:00 UTC-3","11 de julho de 2026 às 21:40:00 UTC-3","altas horas altas horas,altas horas","./explore?q=altas%20horas%20altas%20horas&geo=BR"
"djibril sow","2 mil+","11 de julho de 2026 às 21:10:00 UTC-3","12 de julho de 2026 às 01:20:00 UTC-3","djibril sow","./explore?q=djibril%20sow&geo=BR"
"brandon royval","2 mil+","11 de julho de 2026 às 22:00:00 UTC-3","12 de julho de 2026 às 00:40:00 UTC-3","brandon royval,lone'er kavanagh,kavanagh","./explore?q=brandon%20royval&geo=BR"
"fabián ruiz","5 mil+","10 de julho de 2026 às 16:20:00 UTC-3","10 de julho de 2026 às 19:10:00 UTC-3","fabián ruiz,gavi","./explore?q=fabi%C3%A1n%20ruiz&geo=BR"
"griezmann","5 mil+","9 de julho de 2026 às 17:10:00 UTC-3","10 de julho de 2026 às 03:40:00 UTC-3","griezmann,antoine griezmann,griezman","./explore?q=griezmann&geo=BR"
"motorola edge 70 max","2 mil+","10 de julho de 2026 às 17:00:00 UTC-3","11 de julho de 2026 às 01:50:00 UTC-3","motorola edge 70 max,edge 70 max","./explore?q=motorola%20edge%2070%20max&geo=BR"
"leandro paredes","5 mil+","7 de julho de 2026 às 13:00:00 UTC-3","8 de julho de 2026 às 12:00:00 UTC-3","leandro paredes,paredes","./explore?q=leandro%20paredes&geo=BR"
"geraldo alckmin","2 mil+","10 de julho de 2026 às 05:10:00 UTC-3","10 de julho de 2026 às 14:20:00 UTC-3","geraldo alckmin,terras-raras","./explore?q=geraldo%20alckmin&geo=BR"
"james norton","500+","12 de julho de 2026 às 23:00:00 UTC-3","13 de julho de 2026 às 02:30:00 UTC-3","james norton","./explore?q=james%20norton&geo=BR"
"artilharia da copa do mundo 2026","10 mil+","11 de julho de 2026 às 20:10:00 UTC-3","12 de julho de 2026 às 01:40:00 UTC-3","artilharia da copa do mundo 2026,ousmane dembélé,artilheiro da copa do mundo 2026,artilharia copa do mundo 2026,artilheiros da copa,artilheiros da copa do mundo 2026,artilharia da copa,artilheiros da copa 2026,artilheiros copa do mundo 2026","./explore?q=artilharia%20da%20copa%20do%20mundo%202026&geo=BR"
"kobel","5 mil+","11 de julho de 2026 às 23:40:00 UTC-3","12 de julho de 2026 às 01:30:00 UTC-3","kobel,kobel goleiro,goleiro da suiça,goleiro da suica","./explore?q=kobel&geo=BR"
"luisa stefani","1 mil+","12 de julho de 2026 às 08:50:00 UTC-3","12 de julho de 2026 às 13:10:00 UTC-3","luisa stefani","./explore?q=luisa%20stefani&geo=BR"
"novak djokovic","10 mil+","7 de julho de 2026 às 14:20:00 UTC-3","7 de julho de 2026 às 20:40:00 UTC-3","novak djokovic","./explore?q=novak%20djokovic&geo=BR"
"mark zuckerberg","2 mil+","9 de julho de 2026 às 21:50:00 UTC-3","10 de julho de 2026 às 13:40:00 UTC-3","mark zuckerberg","./explore?q=mark%20zuckerberg&geo=BR"
"marcos leonardo","2 mil+","9 de julho de 2026 às 16:20:00 UTC-3","10 de julho de 2026 às 08:30:00 UTC-3","marcos leonardo","./explore?q=marcos%20leonardo&geo=BR"
"advogado","2 mil+","11 de julho de 2026 às 05:30:00 UTC-3","11 de julho de 2026 às 11:00:00 UTC-3","advogado","./explore?q=advogado&geo=BR"
"jogo do flamengo","10 mil+","8 de julho de 2026 às 17:00:00 UTC-3","8 de julho de 2026 às 19:50:00 UTC-3","jogo do flamengo","./explore?q=jogo%20do%20flamengo&geo=BR"
"br-381","2 mil+","10 de julho de 2026 às 12:30:00 UTC-3","10 de julho de 2026 às 20:00:00 UTC-3","br-381","./explore?q=br-381&geo=BR"
"naegleria","2 mil+","8 de julho de 2026 às 18:30:00 UTC-3","9 de julho de 2026 às 09:30:00 UTC-3","naegleria","./explore?q=naegleria&geo=BR"
"cuba","500+","12 de julho de 2026 às 18:10:00 UTC-3","13 de julho de 2026 às 07:00:00 UTC-3","cuba","./explore?q=cuba&geo=BR"
"lamine yamal namorada","2 mil+","10 de julho de 2026 às 19:10:00 UTC-3","11 de julho de 2026 às 09:30:00 UTC-3","lamine yamal namorada","./explore?q=lamine%20yamal%20namorada&geo=BR"
"benoît saint denis","2 mil+","11 de julho de 2026 às 22:30:00 UTC-3","12 de julho de 2026 às 01:40:00 UTC-3","benoît saint denis","./explore?q=beno%C3%AEt%20saint%20denis&geo=BR"
"chery tiggo 5x","2 mil+","10 de julho de 2026 às 09:50:00 UTC-3","10 de julho de 2026 às 19:50:00 UTC-3","chery tiggo 5x","./explore?q=chery%20tiggo%205x&geo=BR"
"argentina - egipto","10 mil+","7 de julho de 2026 às 12:00:00 UTC-3","7 de julho de 2026 às 18:50:00 UTC-3","argentina - egipto,lisandro martínez","./explore?q=argentina%20-%20egipto&geo=BR"
"aviao azul emergencia","2 mil+","11 de julho de 2026 às 18:00:00 UTC-3","11 de julho de 2026 às 21:50:00 UTC-3","aviao azul emergencia,aeronave,airbus a320neo","./explore?q=aviao%20azul%20emergencia&geo=BR"
"jogo do fluminense","5 mil+","8 de julho de 2026 às 18:50:00 UTC-3","9 de julho de 2026 às 08:50:00 UTC-3","jogo do fluminense,flu","./explore?q=jogo%20do%20fluminense&geo=BR"
"ajax x aek larnaca","20 mil+","10 de julho de 2026 às 12:10:00 UTC-3","10 de julho de 2026 às 17:00:00 UTC-3","ajax x aek larnaca,uol","./explore?q=ajax%20x%20aek%20larnaca&geo=BR"
"jeff machado","5 mil+","8 de julho de 2026 às 13:50:00 UTC-3","9 de julho de 2026 às 21:40:00 UTC-3","jeff machado,caso jeff machado","./explore?q=jeff%20machado&geo=BR"
"alem do tempo","2 mil+","13 de julho de 2026 às 15:30:00 UTC-3","13 de julho de 2026 às 16:10:00 UTC-3","alem do tempo,novela alem do tempo","./explore?q=alem%20do%20tempo&geo=BR"
"jogo da copa amanhã","5 mil+","10 de julho de 2026 às 17:50:00 UTC-3","11 de julho de 2026 às 00:10:00 UTC-3","jogo da copa amanhã,jogos da copa amanhã","./explore?q=jogo%20da%20copa%20amanh%C3%A3&geo=BR"
"herb dean","1 mil+","11 de julho de 2026 às 10:00:00 UTC-3","11 de julho de 2026 às 18:50:00 UTC-3","herb dean","./explore?q=herb%20dean&geo=BR"
"england","2 mil+","11 de julho de 2026 às 18:30:00 UTC-3","11 de julho de 2026 às 21:50:00 UTC-3","england","./explore?q=england&geo=BR"
"magnus carlsen","5 mil+","11 de julho de 2026 às 19:30:00 UTC-3","11 de julho de 2026 às 21:00:00 UTC-3","magnus carlsen","./explore?q=magnus%20carlsen&geo=BR"
"drew starkey","2 mil+","8 de julho de 2026 às 00:00:00 UTC-3","8 de julho de 2026 às 16:10:00 UTC-3","drew starkey","./explore?q=drew%20starkey&geo=BR"
"governador interino","2 mil+","10 de julho de 2026 às 07:20:00 UTC-3","10 de julho de 2026 às 14:10:00 UTC-3","governador interino","./explore?q=governador%20interino&geo=BR"
"ldu quito","1 mil+","12 de julho de 2026 às 14:10:00 UTC-3","12 de julho de 2026 às 17:10:00 UTC-3","ldu quito","./explore?q=ldu%20quito&geo=BR"
"financial times","200+","13 de julho de 2026 às 18:10:00 UTC-3","13 de julho de 2026 às 19:00:00 UTC-3","financial times","./explore?q=financial%20times&geo=BR"
"olise","10 mil+","9 de julho de 2026 às 17:40:00 UTC-3","9 de julho de 2026 às 20:00:00 UTC-3","olise,michael olise,olise jogador","./explore?q=olise&geo=BR"
"br-040","5 mil+","9 de julho de 2026 às 10:00:00 UTC-3","9 de julho de 2026 às 20:10:00 UTC-3","br-040","./explore?q=br-040&geo=BR"
"trabalhador","1 mil+","12 de julho de 2026 às 17:20:00 UTC-3","12 de julho de 2026 às 19:40:00 UTC-3","trabalhador","./explore?q=trabalhador&geo=BR"
"saka","2 mil+","11 de julho de 2026 às 19:00:00 UTC-3","11 de julho de 2026 às 21:30:00 UTC-3","saka,bukayo saka","./explore?q=saka&geo=BR"
"pixar","2 mil+","9 de julho de 2026 às 16:50:00 UTC-3","10 de julho de 2026 às 02:00:00 UTC-3","pixar","./explore?q=pixar&geo=BR"
"almada","2 mil+","12 de julho de 2026 às 00:00:00 UTC-3","12 de julho de 2026 às 01:50:00 UTC-3","almada","./explore?q=almada&geo=BR"
"lei rouanet","2 mil+","9 de julho de 2026 às 11:20:00 UTC-3","10 de julho de 2026 às 06:40:00 UTC-3","lei rouanet","./explore?q=lei%20rouanet&geo=BR"
"donald trump","5 mil+","8 de julho de 2026 às 16:20:00 UTC-3","8 de julho de 2026 às 21:30:00 UTC-3","donald trump,brasileiro,estadao,americanas,oglobo,mapeia","./explore?q=donald%20trump&geo=BR"
"noriega","2 mil+","11 de julho de 2026 às 18:20:00 UTC-3","11 de julho de 2026 às 21:50:00 UTC-3","noriega","./explore?q=noriega&geo=BR"
"aposentadoria","2 mil+","12 de julho de 2026 às 18:40:00 UTC-3","12 de julho de 2026 às 19:40:00 UTC-3","aposentadoria","./explore?q=aposentadoria&geo=BR"
"tjsp","1 mil+","13 de julho de 2026 às 11:50:00 UTC-3","13 de julho de 2026 às 12:40:00 UTC-3","tjsp","./explore?q=tjsp&geo=BR"
"quantas copas tem argentina","10 mil+","7 de julho de 2026 às 14:10:00 UTC-3","7 de julho de 2026 às 21:10:00 UTC-3","quantas copas tem argentina,quantas copas a argentina tem","./explore?q=quantas%20copas%20tem%20argentina&geo=BR"
"suiza - colombia","10 mil+","7 de julho de 2026 às 16:10:00 UTC-3","7 de julho de 2026 às 21:40:00 UTC-3","suiza - colombia,camilo vargas,colombia vs suiza,rubén vargas,daniel muñoz","./explore?q=suiza%20-%20colombia&geo=BR"
"san luis x universidad católica","2 mil+","11 de julho de 2026 às 18:10:00 UTC-3","11 de julho de 2026 às 21:50:00 UTC-3","san luis x universidad católica","./explore?q=san%20luis%20x%20universidad%20cat%C3%B3lica&geo=BR"
"argentina tem quantas copas do mundo","5 mil+","11 de julho de 2026 às 22:20:00 UTC-3","12 de julho de 2026 às 01:50:00 UTC-3","argentina tem quantas copas do mundo,quantas copas argentina tem,jogos das quartas de final da copa do mundo,quantas copas do mundo a frança tem,a argentina tem quantas copas do mundo,a frança tem quantas copas do mundo,quantas copas do mundo tem a frança,ganhadores da copa do mundo,quem tem mais copa do mundo","./explore?q=argentina%20tem%20quantas%20copas%20do%20mundo&geo=BR"
"visa","500+","13 de julho de 2026 às 12:30:00 UTC-3","13 de julho de 2026 às 13:30:00 UTC-3","visa","./explore?q=visa&geo=BR"
"oscar bobb","2 mil+","11 de julho de 2026 às 19:30:00 UTC-3","11 de julho de 2026 às 21:20:00 UTC-3","oscar bobb","./explore?q=oscar%20bobb&geo=BR"
"noruega x inglaterra cazetv","2 mil+","11 de julho de 2026 às 18:10:00 UTC-3","11 de julho de 2026 às 21:40:00 UTC-3","noruega x inglaterra cazetv,argentina x suíça cazétv,maior canal do youtube no brasil","./explore?q=noruega%20x%20inglaterra%20cazetv&geo=BR"
"jogo da argentina hoje","20 mil+","7 de julho de 2026 às 13:40:00 UTC-3","7 de julho de 2026 às 16:50:00 UTC-3","jogo da argentina hoje,placar jogo argentina,próximo jogo da argentina,argentina perdeu,placar jogo da argentina,jogo da argentina placar,placar da argentina hoje","./explore?q=jogo%20da%20argentina%20hoje&geo=BR"
"chuvas","2 mil+","12 de julho de 2026 às 10:00:00 UTC-3","12 de julho de 2026 às 12:10:00 UTC-3","chuvas,clima sp,clima em são paulo,climatempo são paulo,temperatura em são paulo,previsao do tempo sp,tempo sp","./explore?q=chuvas&geo=BR"
"br-116","2 mil+","8 de julho de 2026 às 17:40:00 UTC-3","9 de julho de 2026 às 08:40:00 UTC-3","br-116","./explore?q=br-116&geo=BR"
"jacaré","2 mil+","10 de julho de 2026 às 05:10:00 UTC-3","10 de julho de 2026 às 09:30:00 UTC-3","jacaré","./explore?q=jacar%C3%A9&geo=BR"
"celso portiolli","1 mil+","12 de julho de 2026 às 15:00:00 UTC-3","13 de julho de 2026 às 07:10:00 UTC-3","celso portiolli","./explore?q=celso%20portiolli&geo=BR"
"luiza brunet","1 mil+","12 de julho de 2026 às 21:20:00 UTC-3","12 de julho de 2026 às 22:40:00 UTC-3","luiza brunet","./explore?q=luiza%20brunet&geo=BR"
"bodo","1 mil+","12 de julho de 2026 às 09:00:00 UTC-3","12 de julho de 2026 às 12:50:00 UTC-3","bodo,bodo glimt","./explore?q=bodo&geo=BR"
"pouso forçado","2 mil+","10 de julho de 2026 às 12:30:00 UTC-3","11 de julho de 2026 às 08:20:00 UTC-3","pouso forçado","./explore?q=pouso%20for%C3%A7ado&geo=BR"
"ranking atp","1 mil+","12 de julho de 2026 às 13:00:00 UTC-3","12 de julho de 2026 às 17:10:00 UTC-3","ranking atp","./explore?q=ranking%20atp&geo=BR"
"axel witsel","5 mil+","10 de julho de 2026 às 17:10:00 UTC-3","10 de julho de 2026 às 20:00:00 UTC-3","axel witsel,witsel","./explore?q=axel%20witsel&geo=BR"
"analista tributário da receita federal do brasil","2 mil+","7 de julho de 2026 às 15:50:00 UTC-3","8 de julho de 2026 às 13:00:00 UTC-3","analista tributário da receita federal do brasil","./explore?q=analista%20tribut%C3%A1rio%20da%20receita%20federal%20do%20brasil&geo=BR"
"palestino x club de deportes santa cruz","2 mil+","11 de julho de 2026 às 15:30:00 UTC-3","11 de julho de 2026 às 19:00:00 UTC-3","palestino x club de deportes santa cruz","./explore?q=palestino%20x%20club%20de%20deportes%20santa%20cruz&geo=BR"
"ryan gosling","2 mil+","11 de julho de 2026 às 18:10:00 UTC-3","11 de julho de 2026 às 21:50:00 UTC-3","ryan gosling","./explore?q=ryan%20gosling&geo=BR"
"boeing 787","2 mil+","9 de julho de 2026 às 18:50:00 UTC-3","11 de julho de 2026 às 13:00:00 UTC-3","boeing 787","./explore?q=boeing%20787&geo=BR"
"noruega e","2 mil+","11 de julho de 2026 às 18:10:00 UTC-3","11 de julho de 2026 às 21:50:00 UTC-3","noruega e,fredrik aursnes","./explore?q=noruega%20e&geo=BR"
"ldu","5 mil+","8 de julho de 2026 às 22:00:00 UTC-3","9 de julho de 2026 às 07:40:00 UTC-3","ldu,ldu quito","./explore?q=ldu&geo=BR"
"javier milei","1 mil+","11 de julho de 2026 às 11:00:00 UTC-3","12 de julho de 2026 às 14:40:00 UTC-3","javier milei","./explore?q=javier%20milei&geo=BR"
"julian ryerson","2 mil+","11 de julho de 2026 às 18:30:00 UTC-3","11 de julho de 2026 às 20:30:00 UTC-3","julian ryerson","./explore?q=julian%20ryerson&geo=BR"
"odegaard","2 mil+","11 de julho de 2026 às 19:40:00 UTC-3","11 de julho de 2026 às 21:10:00 UTC-3","odegaard","./explore?q=odegaard&geo=BR"
"william, príncipe de gales","2 mil+","7 de julho de 2026 às 21:10:00 UTC-3","8 de julho de 2026 às 14:20:00 UTC-3","william, príncipe de gales","./explore?q=william%2C%20pr%C3%ADncipe%20de%20gales&geo=BR"
"republicanos","200+","13 de julho de 2026 às 04:20:00 UTC-3","13 de julho de 2026 às 08:10:00 UTC-3","republicanos","./explore?q=republicanos&geo=BR"
"messi é autista","2 mil+","11 de julho de 2026 às 23:50:00 UTC-3","12 de julho de 2026 às 01:10:00 UTC-3","messi é autista,messi é autista?,messi e autista,messi e autista?","./explore?q=messi%20%C3%A9%20autista&geo=BR"
"black ops 2 ps5","2 mil+","9 de julho de 2026 às 20:20:00 UTC-3","10 de julho de 2026 às 08:00:00 UTC-3","black ops 2 ps5,black ops 1 ps5,call of duty black ops 2 ps5","./explore?q=black%20ops%202%20ps5&geo=BR"
"a. schjelderup","2 mil+","11 de julho de 2026 às 18:30:00 UTC-3","11 de julho de 2026 às 21:10:00 UTC-3","a. schjelderup,quem marcou o gol da noruega","./explore?q=a.%20schjelderup&geo=BR"
"zodíaco","2 mil+","10 de julho de 2026 às 07:40:00 UTC-3","10 de julho de 2026 às 15:20:00 UTC-3","zodíaco,11 de julho","./explore?q=zod%C3%ADaco&geo=BR"
"terror","2 mil+","10 de julho de 2026 às 13:40:00 UTC-3","10 de julho de 2026 às 19:50:00 UTC-3","terror","./explore?q=terror&geo=BR"
"nicolás gonzález","2 mil+","11 de julho de 2026 às 23:30:00 UTC-3","12 de julho de 2026 às 01:30:00 UTC-3","nicolás gonzález,nico gonzález,nico gonzález argentina","./explore?q=nicol%C3%A1s%20gonz%C3%A1lez&geo=BR"
"serviço secreto dos estados unidos","2 mil+","10 de julho de 2026 às 02:50:00 UTC-3","10 de julho de 2026 às 11:20:00 UTC-3","serviço secreto dos estados unidos,turquia,força aérea um","./explore?q=servi%C3%A7o%20secreto%20dos%20estados%20unidos&geo=BR"
"programação sbt","2 mil+","11 de julho de 2026 às 17:10:00 UTC-3","11 de julho de 2026 às 22:40:00 UTC-3","programação sbt","./explore?q=programa%C3%A7%C3%A3o%20sbt&geo=BR"
"carro-forte","1 mil+","11 de julho de 2026 às 15:10:00 UTC-3","11 de julho de 2026 às 19:40:00 UTC-3","carro-forte","./explore?q=carro-forte&geo=BR"
"ufc hoje resultado","1 mil+","11 de julho de 2026 às 22:50:00 UTC-3","12 de julho de 2026 às 02:30:00 UTC-3","ufc hoje resultado","./explore?q=ufc%20hoje%20resultado&geo=BR"
"caze tv","20 mil+","7 de julho de 2026 às 13:40:00 UTC-3","7 de julho de 2026 às 15:40:00 UTC-3","caze tv,cazé tv,caze tv youtube","./explore?q=caze%20tv&geo=BR"
"nusa","2 mil+","11 de julho de 2026 às 19:40:00 UTC-3","11 de julho de 2026 às 21:20:00 UTC-3","nusa,gonzalo montiel,xhaka jogador","./explore?q=nusa&geo=BR"
"mateta","10 mil+","9 de julho de 2026 às 18:30:00 UTC-3","9 de julho de 2026 às 20:10:00 UTC-3","mateta,jean-philippe mateta","./explore?q=mateta&geo=BR"
"sommer","2 mil+","11 de julho de 2026 às 22:50:00 UTC-3","12 de julho de 2026 às 01:20:00 UTC-3","sommer","./explore?q=sommer&geo=BR"
"quem fez o gol da argentina hoje","2 mil+","11 de julho de 2026 às 22:10:00 UTC-3","12 de julho de 2026 às 01:20:00 UTC-3","quem fez o gol da argentina hoje,gols da argentina hoje,estatísticas de copa do mundo","./explore?q=quem%20fez%20o%20gol%20da%20argentina%20hoje&geo=BR"
"zverev","2 mil+","10 de julho de 2026 às 10:10:00 UTC-3","10 de julho de 2026 às 15:40:00 UTC-3","zverev","./explore?q=zverev&geo=BR"
"cristian romero","1 mil+","11 de julho de 2026 às 22:30:00 UTC-3","12 de julho de 2026 às 01:30:00 UTC-3","cristian romero","./explore?q=cristian%20romero&geo=BR"
"quantos anos tem harry kane","1 mil+","11 de julho de 2026 às 18:20:00 UTC-3","11 de julho de 2026 às 21:50:00 UTC-3","quantos anos tem harry kane","./explore?q=quantos%20anos%20tem%20harry%20kane&geo=BR"
"ligia bahia","2 mil+","8 de julho de 2026 às 13:50:00 UTC-3","9 de julho de 2026 às 04:50:00 UTC-3","ligia bahia","./explore?q=ligia%20bahia&geo=BR"
"camera","5 mil+","8 de julho de 2026 às 06:50:00 UTC-3","9 de julho de 2026 às 09:40:00 UTC-3","camera","./explore?q=camera&geo=BR"
"robert whittaker","2 mil+","11 de julho de 2026 às 21:10:00 UTC-3","11 de julho de 2026 às 23:30:00 UTC-3","robert whittaker,nikita krylov","./explore?q=robert%20whittaker&geo=BR"
"tony ramos","1 mil+","12 de julho de 2026 às 15:00:00 UTC-3","12 de julho de 2026 às 16:10:00 UTC-3","tony ramos","./explore?q=tony%20ramos&geo=BR"
"spfc","500+","12 de julho de 2026 às 17:50:00 UTC-3","13 de julho de 2026 às 08:00:00 UTC-3","spfc","./explore?q=spfc&geo=BR"
"fernanda paes leme","2 mil+","9 de julho de 2026 às 14:10:00 UTC-3","9 de julho de 2026 às 21:30:00 UTC-3","fernanda paes leme","./explore?q=fernanda%20paes%20leme&geo=BR"
"quem joga amanhã na copa do mundo","5 mil+","10 de julho de 2026 às 18:10:00 UTC-3","10 de julho de 2026 às 22:40:00 UTC-3","quem joga amanhã na copa do mundo,jogo copa amanha,jogos da copa amanha,jogo amanha copa,jogos de amanhã da copa do mundo","./explore?q=quem%20joga%20amanh%C3%A3%20na%20copa%20do%20mundo&geo=BR"
"veja","5 mil+","8 de julho de 2026 às 12:20:00 UTC-3","8 de julho de 2026 às 19:40:00 UTC-3","veja","./explore?q=veja&geo=BR"
"helicóptero","5 mil+","9 de julho de 2026 às 05:50:00 UTC-3","9 de julho de 2026 às 10:30:00 UTC-3","helicóptero","./explore?q=helic%C3%B3ptero&geo=BR"
"pedri","2 mil+","10 de julho de 2026 às 16:00:00 UTC-3","10 de julho de 2026 às 19:00:00 UTC-3","pedri,eurocopa","./explore?q=pedri&geo=BR"
"hoje tem jogo da copa do mundo","5 mil+","8 de julho de 2026 às 12:00:00 UTC-3","8 de julho de 2026 às 17:10:00 UTC-3","hoje tem jogo da copa do mundo,quem joga hoje na copa do mundo 2026","./explore?q=hoje%20tem%20jogo%20da%20copa%20do%20mundo&geo=BR"
"rússia","2 mil+","10 de julho de 2026 às 17:30:00 UTC-3","10 de julho de 2026 às 21:20:00 UTC-3","rússia","./explore?q=r%C3%BAssia&geo=BR"
"openai","2 mil+","8 de julho de 2026 às 06:30:00 UTC-3","9 de julho de 2026 às 09:20:00 UTC-3","openai","./explore?q=openai&geo=BR"
"sevilla x juventud torremolinos","1 mil+","11 de julho de 2026 às 15:40:00 UTC-3","11 de julho de 2026 às 18:50:00 UTC-3","sevilla x juventud torremolinos","./explore?q=sevilla%20x%20juventud%20torremolinos&geo=BR"
"deborah evelyn","500+","12 de julho de 2026 às 18:50:00 UTC-3","12 de julho de 2026 às 20:50:00 UTC-3","deborah evelyn","./explore?q=deborah%20evelyn&geo=BR"
"algarve","1 mil+","11 de julho de 2026 às 15:50:00 UTC-3","11 de julho de 2026 às 19:30:00 UTC-3","algarve","./explore?q=algarve&geo=BR"
"chatgpt","20 mil+","8 de julho de 2026 às 15:40:00 UTC-3","8 de julho de 2026 às 18:40:00 UTC-3","chatgpt","./explore?q=chatgpt&geo=BR"
"faetec","2 mil+","10 de julho de 2026 às 06:10:00 UTC-3","10 de julho de 2026 às 14:50:00 UTC-3","faetec","./explore?q=faetec&geo=BR"
"br-277","2 mil+","7 de julho de 2026 às 16:50:00 UTC-3","8 de julho de 2026 às 08:20:00 UTC-3","br-277","./explore?q=br-277&geo=BR"
"reino unido","1 mil+","11 de julho de 2026 às 18:20:00 UTC-3","11 de julho de 2026 às 21:50:00 UTC-3","reino unido","./explore?q=reino%20unido&geo=BR"
"manchester city","1 mil+","11 de julho de 2026 às 18:00:00 UTC-3","11 de julho de 2026 às 21:50:00 UTC-3","manchester city","./explore?q=manchester%20city&geo=BR"
"vale3","5 mil+","8 de julho de 2026 às 11:10:00 UTC-3","9 de julho de 2026 às 06:20:00 UTC-3","vale3","./explore?q=vale3&geo=BR"
"selecao espanha","2 mil+","10 de julho de 2026 às 16:30:00 UTC-3","10 de julho de 2026 às 19:40:00 UTC-3","selecao espanha","./explore?q=selecao%20espanha&geo=BR"
"edson celulari","2 mil+","11 de julho de 2026 às 08:40:00 UTC-3","11 de julho de 2026 às 12:10:00 UTC-3","edson celulari","./explore?q=edson%20celulari&geo=BR"
"alice carvalho","1 mil+","11 de julho de 2026 às 19:50:00 UTC-3","12 de julho de 2026 às 06:40:00 UTC-3","alice carvalho","./explore?q=alice%20carvalho&geo=BR"
"ferrugem","2 mil+","8 de julho de 2026 às 06:10:00 UTC-3","9 de julho de 2026 às 07:40:00 UTC-3","ferrugem","./explore?q=ferrugem&geo=BR"
"eliana","1 mil+","12 de julho de 2026 às 14:40:00 UTC-3","12 de julho de 2026 às 16:20:00 UTC-3","eliana","./explore?q=eliana&geo=BR"
"djed spence","2 mil+","11 de julho de 2026 às 19:40:00 UTC-3","11 de julho de 2026 às 21:40:00 UTC-3","djed spence","./explore?q=djed%20spence&geo=BR"
"unai simón","2 mil+","10 de julho de 2026 às 16:10:00 UTC-3","10 de julho de 2026 às 19:00:00 UTC-3","unai simón,unai simon","./explore?q=unai%20sim%C3%B3n&geo=BR"
"previsão do tempo campinas","1 mil+","11 de julho de 2026 às 23:40:00 UTC-3","12 de julho de 2026 às 08:50:00 UTC-3","previsão do tempo campinas,previsão do tempo piracicaba","./explore?q=previs%C3%A3o%20do%20tempo%20campinas&geo=BR"
"ucrânia","1 mil+","12 de julho de 2026 às 11:40:00 UTC-3","12 de julho de 2026 às 14:00:00 UTC-3","ucrânia,refinaria","./explore?q=ucr%C3%A2nia&geo=BR"
"cabo daciolo","200+","13 de julho de 2026 às 05:30:00 UTC-3","13 de julho de 2026 às 07:50:00 UTC-3","cabo daciolo","./explore?q=cabo%20daciolo&geo=BR"
"o convite","2 mil+","10 de julho de 2026 às 20:10:00 UTC-3","11 de julho de 2026 às 00:30:00 UTC-3","o convite,comédia,olivia wilde","./explore?q=o%20convite&geo=BR"
"irma do haaland","1 mil+","11 de julho de 2026 às 18:20:00 UTC-3","11 de julho de 2026 às 21:20:00 UTC-3","irma do haaland","./explore?q=irma%20do%20haaland&geo=BR"
"grêmio foot-ball porto alegrense","2 mil+","9 de julho de 2026 às 17:10:00 UTC-3","9 de julho de 2026 às 20:50:00 UTC-3","grêmio foot-ball porto alegrense","./explore?q=gr%C3%AAmio%20foot-ball%20porto%20alegrense&geo=BR"
"governador de são paulo","200+","13 de julho de 2026 às 19:50:00 UTC-3","13 de julho de 2026 às 20:10:00 UTC-3","governador de são paulo","./explore?q=governador%20de%20s%C3%A3o%20paulo&geo=BR"
"chris pratt","500+","12 de julho de 2026 às 13:00:00 UTC-3","12 de julho de 2026 às 15:30:00 UTC-3","chris pratt","./explore?q=chris%20pratt&geo=BR"
"corinthias","500+","12 de julho de 2026 às 16:50:00 UTC-3","12 de julho de 2026 às 19:10:00 UTC-3","corinthias","./explore?q=corinthias&geo=BR"
"juliano floss","500+","12 de julho de 2026 às 19:00:00 UTC-3","12 de julho de 2026 às 20:50:00 UTC-3","juliano floss","./explore?q=juliano%20floss&geo=BR"
"gakuran codes","1 mil+","11 de julho de 2026 às 13:50:00 UTC-3","12 de julho de 2026 às 02:30:00 UTC-3","gakuran codes","./explore?q=gakuran%20codes&geo=BR"
"ciclismo","1 mil+","9 de julho de 2026 às 20:10:00 UTC-3","10 de julho de 2026 às 08:10:00 UTC-3","ciclismo","./explore?q=ciclismo&geo=BR"
"revisão criminal","2 mil+","10 de julho de 2026 às 06:10:00 UTC-3","10 de julho de 2026 às 13:40:00 UTC-3","revisão criminal","./explore?q=revis%C3%A3o%20criminal&geo=BR"
"halland","10 mil+","9 de julho de 2026 às 12:30:00 UTC-3","9 de julho de 2026 às 16:00:00 UTC-3","halland","./explore?q=halland&geo=BR"
"domingo","500+","12 de julho de 2026 às 07:20:00 UTC-3","12 de julho de 2026 às 10:40:00 UTC-3","domingo","./explore?q=domingo&geo=BR"
"técnico judiciário","500+","12 de julho de 2026 às 13:40:00 UTC-3","12 de julho de 2026 às 15:40:00 UTC-3","técnico judiciário","./explore?q=t%C3%A9cnico%20judici%C3%A1rio&geo=BR"
"fenerbahçe x pogoń szczecin","1 mil+","11 de julho de 2026 às 14:10:00 UTC-3","11 de julho de 2026 às 17:30:00 UTC-3","fenerbahçe x pogoń szczecin","./explore?q=fenerbah%C3%A7e%20x%20pogo%C5%84%20szczecin&geo=BR"
"internacional","1 mil+","12 de julho de 2026 às 19:40:00 UTC-3","12 de julho de 2026 às 21:00:00 UTC-3","internacional","./explore?q=internacional&geo=BR"
"a morte do demonio em chamas","2 mil+","9 de julho de 2026 às 18:50:00 UTC-3","10 de julho de 2026 às 02:30:00 UTC-3","a morte do demonio em chamas","./explore?q=a%20morte%20do%20demonio%20em%20chamas&geo=BR"
"katy perry","500+","12 de julho de 2026 às 17:30:00 UTC-3","12 de julho de 2026 às 22:40:00 UTC-3","katy perry","./explore?q=katy%20perry&geo=BR"
"wagner leonardo","2 mil+","9 de julho de 2026 às 17:20:00 UTC-3","10 de julho de 2026 às 07:40:00 UTC-3","wagner leonardo","./explore?q=wagner%20leonardo&geo=BR"
"nico elvedi","1 mil+","11 de julho de 2026 às 21:50:00 UTC-3","12 de julho de 2026 às 01:20:00 UTC-3","nico elvedi","./explore?q=nico%20elvedi&geo=BR"
"josue caicedo","200+","13 de julho de 2026 às 14:50:00 UTC-3","13 de julho de 2026 às 15:40:00 UTC-3","josue caicedo","./explore?q=josue%20caicedo&geo=BR"
"escorpiões","200+","13 de julho de 2026 às 07:10:00 UTC-3","13 de julho de 2026 às 08:50:00 UTC-3","escorpiões","./explore?q=escorpi%C3%B5es&geo=BR"
"sr. sinistro","2 mil+","9 de julho de 2026 às 06:50:00 UTC-3","9 de julho de 2026 às 15:30:00 UTC-3","sr. sinistro,wagner moura,wagner moura x men","./explore?q=sr.%20sinistro&geo=BR"
"apostador","2 mil+","9 de julho de 2026 às 05:20:00 UTC-3","9 de julho de 2026 às 10:30:00 UTC-3","apostador","./explore?q=apostador&geo=BR"
"mikel oyarzabal","2 mil+","10 de julho de 2026 às 16:30:00 UTC-3","10 de julho de 2026 às 18:30:00 UTC-3","mikel oyarzabal","./explore?q=mikel%20oyarzabal&geo=BR"
"norway x england","1 mil+","11 de julho de 2026 às 18:40:00 UTC-3","11 de julho de 2026 às 21:40:00 UTC-3","norway x england","./explore?q=norway%20x%20england&geo=BR"
"cela","500+","12 de julho de 2026 às 15:00:00 UTC-3","12 de julho de 2026 às 21:00:00 UTC-3","cela","./explore?q=cela&geo=BR"
"o'higgins ñublense 12/07/2026","500+","12 de julho de 2026 às 21:30:00 UTC-3","12 de julho de 2026 às 23:20:00 UTC-3","o'higgins ñublense 12/07/2026","./explore?q=o%27higgins%20%C3%B1ublense%2012%2F07%2F2026&geo=BR"
"dani olmo","2 mil+","10 de julho de 2026 às 16:10:00 UTC-3","10 de julho de 2026 às 18:30:00 UTC-3","dani olmo","./explore?q=dani%20olmo&geo=BR"
"capotamento","500+","12 de julho de 2026 às 07:20:00 UTC-3","12 de julho de 2026 às 09:50:00 UTC-3","capotamento","./explore?q=capotamento&geo=BR"
"rodri","2 mil+","10 de julho de 2026 às 16:10:00 UTC-3","10 de julho de 2026 às 19:00:00 UTC-3","rodri","./explore?q=rodri&geo=BR"
"ezri konsa","1 mil+","11 de julho de 2026 às 17:30:00 UTC-3","11 de julho de 2026 às 20:40:00 UTC-3","ezri konsa,konsa","./explore?q=ezri%20konsa&geo=BR"
"mikel merino","2 mil+","10 de julho de 2026 às 17:40:00 UTC-3","10 de julho de 2026 às 19:30:00 UTC-3","mikel merino","./explore?q=mikel%20merino&geo=BR"
"antonio ubaldo rattín","2 mil+","11 de julho de 2026 às 22:20:00 UTC-3","12 de julho de 2026 às 00:30:00 UTC-3","antonio ubaldo rattín,argentina luto,argentina de luto,antonio rattín","./explore?q=antonio%20ubaldo%20ratt%C3%ADn&geo=BR"
"ronald sotto","2 mil+","10 de julho de 2026 às 17:20:00 UTC-3","10 de julho de 2026 às 21:10:00 UTC-3","ronald sotto","./explore?q=ronald%20sotto&geo=BR"
"sergey vladimirovich cherkasov","2 mil+","10 de julho de 2026 às 07:30:00 UTC-3","10 de julho de 2026 às 14:20:00 UTC-3","sergey vladimirovich cherkasov,donald trump brasil","./explore?q=sergey%20vladimirovich%20cherkasov&geo=BR"
"athletico pr","2 mil+","8 de julho de 2026 às 20:50:00 UTC-3","9 de julho de 2026 às 08:00:00 UTC-3","athletico pr,athletico,athletico paranaense","./explore?q=athletico%20pr&geo=BR"
"yassine bounou","5 mil+","9 de julho de 2026 às 17:20:00 UTC-3","9 de julho de 2026 às 19:30:00 UTC-3","yassine bounou,bounou","./explore?q=yassine%20bounou&geo=BR"
"hotel","2 mil+","8 de julho de 2026 às 06:40:00 UTC-3","9 de julho de 2026 às 06:00:00 UTC-3","hotel","./explore?q=hotel&geo=BR"
"caixa seguridade","2 mil+","9 de julho de 2026 às 13:10:00 UTC-3","10 de julho de 2026 às 06:50:00 UTC-3","caixa seguridade","./explore?q=caixa%20seguridade&geo=BR"
"gregor kobel","5 mil+","7 de julho de 2026 às 17:00:00 UTC-3","7 de julho de 2026 às 21:00:00 UTC-3","gregor kobel,kobel","./explore?q=gregor%20kobel&geo=BR"
"chemsdine talbi","2 mil+","9 de julho de 2026 às 16:00:00 UTC-3","9 de julho de 2026 às 19:30:00 UTC-3","chemsdine talbi","./explore?q=chemsdine%20talbi&geo=BR"
"pau cubarsí","2 mil+","10 de julho de 2026 às 16:10:00 UTC-3","10 de julho de 2026 às 19:00:00 UTC-3","pau cubarsí","./explore?q=pau%20cubars%C3%AD&geo=BR"
"mg-444","2 mil+","8 de julho de 2026 às 20:30:00 UTC-3","9 de julho de 2026 às 09:00:00 UTC-3","mg-444","./explore?q=mg-444&geo=BR"
"rsc-287","200+","12 de julho de 2026 às 21:00:00 UTC-3","13 de julho de 2026 às 07:50:00 UTC-3","rsc-287","./explore?q=rsc-287&geo=BR"
"digger","200+","13 de julho de 2026 às 12:00:00 UTC-3","13 de julho de 2026 às 13:10:00 UTC-3","digger","./explore?q=digger&geo=BR"
"dan stulbach","2 mil+","9 de julho de 2026 às 21:10:00 UTC-3","10 de julho de 2026 às 10:40:00 UTC-3","dan stulbach,mariana ximenes,chay suede","./explore?q=dan%20stulbach&geo=BR"
"tyler herro","1 mil+","10 de julho de 2026 às 22:50:00 UTC-3","11 de julho de 2026 às 10:30:00 UTC-3","tyler herro","./explore?q=tyler%20herro&geo=BR"
"mbappe namorada","5 mil+","9 de julho de 2026 às 17:20:00 UTC-3","9 de julho de 2026 às 20:00:00 UTC-3","mbappe namorada,namorada do mbappe,namorada mbappe,namorada de mbappé","./explore?q=mbappe%20namorada&geo=BR"
"rafaela pimenta","1 mil+","13 de julho de 2026 às 11:40:00 UTC-3","13 de julho de 2026 às 12:20:00 UTC-3","rafaela pimenta","./explore?q=rafaela%20pimenta&geo=BR"
"rotten tomatoes","500+","12 de julho de 2026 às 05:50:00 UTC-3","12 de julho de 2026 às 10:00:00 UTC-3","rotten tomatoes","./explore?q=rotten%20tomatoes&geo=BR"
"désiré doué","2 mil+","9 de julho de 2026 às 16:50:00 UTC-3","9 de julho de 2026 às 20:00:00 UTC-3","désiré doué,france – maroc","./explore?q=d%C3%A9sir%C3%A9%20dou%C3%A9&geo=BR"
"manu koné","2 mil+","9 de julho de 2026 às 16:30:00 UTC-3","9 de julho de 2026 às 19:50:00 UTC-3","manu koné,kone frança,manu kone","./explore?q=manu%20kon%C3%A9&geo=BR"
"penhora","2 mil+","8 de julho de 2026 às 05:10:00 UTC-3","8 de julho de 2026 às 14:50:00 UTC-3","penhora","./explore?q=penhora&geo=BR"
"dan burn","2 mil+","11 de julho de 2026 às 20:30:00 UTC-3","11 de julho de 2026 às 21:50:00 UTC-3","dan burn","./explore?q=dan%20burn&geo=BR"
"pizza","2 mil+","10 de julho de 2026 às 18:40:00 UTC-3","10 de julho de 2026 às 22:20:00 UTC-3","pizza","./explore?q=pizza&geo=BR"
"james rodríguez","5 mil+","7 de julho de 2026 às 17:20:00 UTC-3","7 de julho de 2026 às 20:50:00 UTC-3","james rodríguez","./explore?q=james%20rodr%C3%ADguez&geo=BR"
"quantas copas do mundo tem a argentina","10 mil+","7 de julho de 2026 às 13:50:00 UTC-3","7 de julho de 2026 às 21:10:00 UTC-3","quantas copas do mundo tem a argentina,quantos titulos tem a argentina copa do mundo,quantas copas tem a argentina,quantas copas argentina tem,quantas copas do mundo a argentina tem,quantas copa tem a argentina","./explore?q=quantas%20copas%20do%20mundo%20tem%20a%20argentina&geo=BR"
"justiça 2","5 mil+","9 de julho de 2026 às 23:20:00 UTC-3","10 de julho de 2026 às 01:10:00 UTC-3","justiça 2,justica 2","./explore?q=justi%C3%A7a%202&geo=BR"
"call of duty black ops 1 ps5","2 mil+","9 de julho de 2026 às 17:40:00 UTC-3","9 de julho de 2026 às 21:10:00 UTC-3","call of duty black ops 1 ps5","./explore?q=call%20of%20duty%20black%20ops%201%20ps5&geo=BR"
"pesquisa eleitoral governo pernambuco","1 mil+","11 de julho de 2026 às 13:10:00 UTC-3","11 de julho de 2026 às 16:30:00 UTC-3","pesquisa eleitoral governo pernambuco","./explore?q=pesquisa%20eleitoral%20governo%20pernambuco&geo=BR"
"lívia andrade","1 mil+","12 de julho de 2026 às 20:10:00 UTC-3","12 de julho de 2026 às 21:20:00 UTC-3","lívia andrade,familhão,livia andrade","./explore?q=l%C3%ADvia%20andrade&geo=BR"
"canção nova","200+","13 de julho de 2026 às 06:10:00 UTC-3","13 de julho de 2026 às 20:00:00 UTC-3","canção nova","./explore?q=can%C3%A7%C3%A3o%20nova&geo=BR"
"microsoft","5 mil+","8 de julho de 2026 às 07:00:00 UTC-3","9 de julho de 2026 às 05:00:00 UTC-3","microsoft","./explore?q=microsoft&geo=BR"
"bts","2 mil+","10 de julho de 2026 às 08:50:00 UTC-3","10 de julho de 2026 às 12:10:00 UTC-3","bts","./explore?q=bts&geo=BR"
"universitario x millonarios","1 mil+","11 de julho de 2026 às 17:20:00 UTC-3","11 de julho de 2026 às 19:50:00 UTC-3","universitario x millonarios,universitario de deportes millonarios 11/07/2026","./explore?q=universitario%20x%20millonarios&geo=BR"
"polícia civil do estado do rio de janeiro","500+","12 de julho de 2026 às 08:10:00 UTC-3","12 de julho de 2026 às 11:30:00 UTC-3","polícia civil do estado do rio de janeiro","./explore?q=pol%C3%ADcia%20civil%20do%20estado%20do%20rio%20de%20janeiro&geo=BR"
"musica da inglaterra na copa","2 mil+","11 de julho de 2026 às 20:40:00 UTC-3","11 de julho de 2026 às 21:50:00 UTC-3","musica da inglaterra na copa,musica inglaterra copa,porque a torcida da inglaterra canta wonderwall","./explore?q=musica%20da%20inglaterra%20na%20copa&geo=BR"
"victoria beckham","1 mil+","11 de julho de 2026 às 18:10:00 UTC-3","11 de julho de 2026 às 21:50:00 UTC-3","victoria beckham","./explore?q=victoria%20beckham&geo=BR"
"samir xaud","1 mil+","9 de julho de 2026 às 22:20:00 UTC-3","10 de julho de 2026 às 09:20:00 UTC-3","samir xaud","./explore?q=samir%20xaud&geo=BR"
"adeyemi","1 mil+","10 de julho de 2026 às 13:50:00 UTC-3","11 de julho de 2026 às 01:10:00 UTC-3","adeyemi","./explore?q=adeyemi&geo=BR"
"lukaku","5 mil+","10 de julho de 2026 às 17:40:00 UTC-3","10 de julho de 2026 às 18:40:00 UTC-3","lukaku,uol noticias","./explore?q=lukaku&geo=BR"
"ronaldo caiado","1 mil+","11 de julho de 2026 às 07:00:00 UTC-3","11 de julho de 2026 às 09:40:00 UTC-3","ronaldo caiado","./explore?q=ronaldo%20caiado&geo=BR"
"the rock","2 mil+","11 de julho de 2026 às 17:20:00 UTC-3","11 de julho de 2026 às 18:50:00 UTC-3","the rock","./explore?q=the%20rock&geo=BR"
"ayyoub bouaddi","2 mil+","9 de julho de 2026 às 16:40:00 UTC-3","9 de julho de 2026 às 19:20:00 UTC-3","ayyoub bouaddi,bouaddi","./explore?q=ayyoub%20bouaddi&geo=BR"
"acessório","1 mil+","11 de julho de 2026 às 06:40:00 UTC-3","11 de julho de 2026 às 10:10:00 UTC-3","acessório","./explore?q=acess%C3%B3rio&geo=BR"
"torbjorn heggem","1 mil+","11 de julho de 2026 às 19:10:00 UTC-3","11 de julho de 2026 às 21:00:00 UTC-3","torbjorn heggem","./explore?q=torbjorn%20heggem&geo=BR"
"tst","200+","13 de julho de 2026 às 10:40:00 UTC-3","13 de julho de 2026 às 15:30:00 UTC-3","tst","./explore?q=tst&geo=BR"
"anne hathaway","500+","12 de julho de 2026 às 22:00:00 UTC-3","12 de julho de 2026 às 23:10:00 UTC-3","anne hathaway","./explore?q=anne%20hathaway&geo=BR"
"piloto avião","2 mil+","9 de julho de 2026 às 15:30:00 UTC-3","9 de julho de 2026 às 19:50:00 UTC-3","piloto avião","./explore?q=piloto%20avi%C3%A3o&geo=BR"
"marília mendonça","2 mil+","7 de julho de 2026 às 12:10:00 UTC-3","7 de julho de 2026 às 20:30:00 UTC-3","marília mendonça","./explore?q=mar%C3%ADlia%20mendon%C3%A7a&geo=BR"
"donald trump","2 mil+","10 de julho de 2026 às 06:10:00 UTC-3","10 de julho de 2026 às 10:00:00 UTC-3","donald trump","./explore?q=donald%20trump&geo=BR"
"bella camero","500+","12 de julho de 2026 às 18:10:00 UTC-3","12 de julho de 2026 às 19:30:00 UTC-3","bella camero","./explore?q=bella%20camero&geo=BR"
"lucas jagger","1 mil+","12 de julho de 2026 às 23:00:00 UTC-3","13 de julho de 2026 às 00:10:00 UTC-3","lucas jagger,mick jagger pé frio","./explore?q=lucas%20jagger&geo=BR"
"casa do patrão enquetes","5 mil+","9 de julho de 2026 às 02:10:00 UTC-3","9 de julho de 2026 às 09:00:00 UTC-3","casa do patrão enquetes,enquete casa do patrao,enquete casa do patrão,casa do patrão,quem sai hoje da casa do patrão,votação casa do patrão,quem sai da casa do patrão hoje,quem saiu da casa do patrão,enquete bianca jackson sheila","./explore?q=casa%20do%20patr%C3%A3o%20enquetes&geo=BR"
"the odyssey","500+","12 de julho de 2026 às 22:00:00 UTC-3","12 de julho de 2026 às 23:20:00 UTC-3","the odyssey","./explore?q=the%20odyssey&geo=BR"
"sumo","500+","12 de julho de 2026 às 23:00:00 UTC-3","13 de julho de 2026 às 00:10:00 UTC-3","sumo,sumô","./explore?q=sumo&geo=BR"
"tubarões","500+","12 de julho de 2026 às 12:50:00 UTC-3","12 de julho de 2026 às 15:40:00 UTC-3","tubarões","./explore?q=tubar%C3%B5es&geo=BR"
"eldorado do sul","2 mil+","11 de julho de 2026 às 15:20:00 UTC-3","11 de julho de 2026 às 17:20:00 UTC-3","eldorado do sul,previsão do tempo porto alegre,tempo porto alegre,clima em porto alegre","./explore?q=eldorado%20do%20sul&geo=BR"
"penarol","500+","12 de julho de 2026 às 18:50:00 UTC-3","12 de julho de 2026 às 21:00:00 UTC-3","penarol","./explore?q=penarol&geo=BR"
"karolína muchová","2 mil+","9 de julho de 2026 às 10:20:00 UTC-3","9 de julho de 2026 às 16:00:00 UTC-3","karolína muchová,coco gauff,muchova","./explore?q=karol%C3%ADna%20muchov%C3%A1&geo=BR"
"quantas copas tem a espanha","2 mil+","11 de julho de 2026 às 20:50:00 UTC-3","12 de julho de 2026 às 01:50:00 UTC-3","quantas copas tem a espanha,espanha tem quantas copas do mundo,quantas copas a espanha tem","./explore?q=quantas%20copas%20tem%20a%20espanha&geo=BR"
"olimpiadas","1 mil+","11 de julho de 2026 às 22:40:00 UTC-3","12 de julho de 2026 às 00:00:00 UTC-3","olimpiadas,olimpíadas","./explore?q=olimpiadas&geo=BR"
"br-280","2 mil+","7 de julho de 2026 às 15:50:00 UTC-3","7 de julho de 2026 às 21:30:00 UTC-3","br-280,caminhoneiro","./explore?q=br-280&geo=BR"
"carteira de motorista","2 mil+","9 de julho de 2026 às 05:30:00 UTC-3","9 de julho de 2026 às 14:20:00 UTC-3","carteira de motorista,sest senat","./explore?q=carteira%20de%20motorista&geo=BR"
"marina ruy barbosa","500+","12 de julho de 2026 às 22:00:00 UTC-3","12 de julho de 2026 às 23:10:00 UTC-3","marina ruy barbosa","./explore?q=marina%20ruy%20barbosa&geo=BR"
"miro muheim","1 mil+","11 de julho de 2026 às 23:40:00 UTC-3","12 de julho de 2026 às 01:30:00 UTC-3","miro muheim","./explore?q=miro%20muheim&geo=BR"
"edital tcdf","2 mil+","9 de julho de 2026 às 09:00:00 UTC-3","9 de julho de 2026 às 14:10:00 UTC-3","edital tcdf,tcdf,edital,tcdf concurso,concurso tcdf,qconcursos","./explore?q=edital%20tcdf&geo=BR"
"ajax","1 mil+","10 de julho de 2026 às 13:10:00 UTC-3","10 de julho de 2026 às 16:30:00 UTC-3","ajax","./explore?q=ajax&geo=BR"
"feira fc","500+","12 de julho de 2026 às 15:40:00 UTC-3","12 de julho de 2026 às 18:00:00 UTC-3","feira fc","./explore?q=feira%20fc&geo=BR"
"thiago monteiro","1 mil+","11 de julho de 2026 às 07:30:00 UTC-3","11 de julho de 2026 às 10:50:00 UTC-3","thiago monteiro","./explore?q=thiago%20monteiro&geo=BR"
"denzel washington","1 mil+","11 de julho de 2026 às 06:20:00 UTC-3","11 de julho de 2026 às 10:20:00 UTC-3","denzel washington","./explore?q=denzel%20washington&geo=BR"
"feyenoord x club brugge","1 mil+","11 de julho de 2026 às 07:00:00 UTC-3","11 de julho de 2026 às 10:30:00 UTC-3","feyenoord x club brugge","./explore?q=feyenoord%20x%20club%20brugge&geo=BR"
"engavetamento","500+","12 de julho de 2026 às 18:50:00 UTC-3","12 de julho de 2026 às 20:10:00 UTC-3","engavetamento","./explore?q=engavetamento&geo=BR"
"connor","500+","12 de julho de 2026 às 00:40:00 UTC-3","12 de julho de 2026 às 04:50:00 UTC-3","connor","./explore?q=connor&geo=BR"
"almeria","2 mil+","10 de julho de 2026 às 15:50:00 UTC-3","10 de julho de 2026 às 17:20:00 UTC-3","almeria","./explore?q=almeria&geo=BR"
"onça-parda","2 mil+","8 de julho de 2026 às 11:50:00 UTC-3","8 de julho de 2026 às 15:00:00 UTC-3","onça-parda","./explore?q=on%C3%A7a-parda&geo=BR"
"jeniffer nascimento","2 mil+","8 de julho de 2026 às 13:10:00 UTC-3","8 de julho de 2026 às 21:20:00 UTC-3","jeniffer nascimento","./explore?q=jeniffer%20nascimento&geo=BR"
"marc cucurella","1 mil+","10 de julho de 2026 às 16:00:00 UTC-3","10 de julho de 2026 às 18:50:00 UTC-3","marc cucurella","./explore?q=marc%20cucurella&geo=BR"
"michelle randolph","2 mil+","8 de julho de 2026 às 06:30:00 UTC-3","8 de julho de 2026 às 12:50:00 UTC-3","michelle randolph","./explore?q=michelle%20randolph&geo=BR"
"previsão do tempo são paulo","2 mil+","11 de julho de 2026 às 23:50:00 UTC-3","12 de julho de 2026 às 00:50:00 UTC-3","previsão do tempo são paulo,tempo são paulo,tempo sp,temperatura sp","./explore?q=previs%C3%A3o%20do%20tempo%20s%C3%A3o%20paulo&geo=BR"
"news","1 mil+","8 de julho de 2026 às 06:40:00 UTC-3","9 de julho de 2026 às 07:50:00 UTC-3","news","./explore?q=news&geo=BR"
"olimpiadas 2028","1 mil+","11 de julho de 2026 às 22:40:00 UTC-3","12 de julho de 2026 às 00:00:00 UTC-3","olimpiadas 2028","./explore?q=olimpiadas%202028&geo=BR"
"music","1 mil+","8 de julho de 2026 às 06:30:00 UTC-3","9 de julho de 2026 às 05:50:00 UTC-3","music","./explore?q=music&geo=BR"
"azul linhas aereas","100+","13 de julho de 2026 às 04:10:00 UTC-3","13 de julho de 2026 às 06:20:00 UTC-3","azul linhas aereas","./explore?q=azul%20linhas%20aereas&geo=BR"
"previsao","2 mil+","13 de julho de 2026 às 06:40:00 UTC-3","13 de julho de 2026 às 07:40:00 UTC-3","previsao,previsão do tempo curitiba,temperatura curitiba,tempo curitiba","./explore?q=previsao&geo=BR"
"férias","200+","13 de julho de 2026 às 07:50:00 UTC-3","13 de julho de 2026 às 09:00:00 UTC-3","férias","./explore?q=f%C3%A9rias&geo=BR"
"patrick mahomes","1 mil+","11 de julho de 2026 às 22:30:00 UTC-3","11 de julho de 2026 às 23:40:00 UTC-3","patrick mahomes","./explore?q=patrick%20mahomes&geo=BR"
"gabriel medina","1 mil+","10 de julho de 2026 às 23:50:00 UTC-3","11 de julho de 2026 às 15:20:00 UTC-3","gabriel medina","./explore?q=gabriel%20medina&geo=BR"
"achraf hakimi","2 mil+","9 de julho de 2026 às 16:50:00 UTC-3","9 de julho de 2026 às 19:30:00 UTC-3","achraf hakimi","./explore?q=achraf%20hakimi&geo=BR"
"hey jude","1 mil+","11 de julho de 2026 às 20:20:00 UTC-3","11 de julho de 2026 às 22:00:00 UTC-3","hey jude","./explore?q=hey%20jude&geo=BR"
"mensagem","1 mil+","10 de julho de 2026 às 06:50:00 UTC-3","10 de julho de 2026 às 11:40:00 UTC-3","mensagem","./explore?q=mensagem&geo=BR"
"alessandro costa","500+","11 de julho de 2026 às 18:10:00 UTC-3","11 de julho de 2026 às 22:00:00 UTC-3","alessandro costa","./explore?q=alessandro%20costa&geo=BR"
"santos x américa de cali","1 mil+","9 de julho de 2026 às 22:00:00 UTC-3","10 de julho de 2026 às 08:00:00 UTC-3","santos x américa de cali","./explore?q=santos%20x%20am%C3%A9rica%20de%20cali&geo=BR"
"azzedine ounahi","2 mil+","9 de julho de 2026 às 16:10:00 UTC-3","9 de julho de 2026 às 19:20:00 UTC-3","azzedine ounahi","./explore?q=azzedine%20ounahi&geo=BR"
"bruna marques duarte medicina londrina","500+","12 de julho de 2026 às 20:30:00 UTC-3","12 de julho de 2026 às 21:40:00 UTC-3","bruna marques duarte medicina londrina","./explore?q=bruna%20marques%20duarte%20medicina%20londrina&geo=BR"
"papa","1 mil+","11 de julho de 2026 às 22:40:00 UTC-3","11 de julho de 2026 às 23:50:00 UTC-3","papa,papa leao","./explore?q=papa&geo=BR"
"madueke","1 mil+","11 de julho de 2026 às 18:00:00 UTC-3","11 de julho de 2026 às 19:30:00 UTC-3","madueke","./explore?q=madueke&geo=BR"
"new york weather","1 mil+","8 de julho de 2026 às 06:30:00 UTC-3","9 de julho de 2026 às 04:50:00 UTC-3","new york weather","./explore?q=new%20york%20weather&geo=BR"
"simulação","1 mil+","10 de julho de 2026 às 15:50:00 UTC-3","10 de julho de 2026 às 19:50:00 UTC-3","simulação","./explore?q=simula%C3%A7%C3%A3o&geo=BR"
"shakira","5 mil+","9 de julho de 2026 às 17:30:00 UTC-3","9 de julho de 2026 às 18:40:00 UTC-3","shakira,justin bieber","./explore?q=shakira&geo=BR"
"esquema de fraudes no inss","5 mil+","9 de julho de 2026 às 12:20:00 UTC-3","9 de julho de 2026 às 16:20:00 UTC-3","esquema de fraudes no inss,instituto nacional do seguro social","./explore?q=esquema%20de%20fraudes%20no%20inss&geo=BR"
"diário oficial da união","2 mil+","9 de julho de 2026 às 11:20:00 UTC-3","9 de julho de 2026 às 14:10:00 UTC-3","diário oficial da união","./explore?q=di%C3%A1rio%20oficial%20da%20uni%C3%A3o&geo=BR"
"colombia copa","5 mil+","7 de julho de 2026 às 19:00:00 UTC-3","7 de julho de 2026 às 21:20:00 UTC-3","colombia copa","./explore?q=colombia%20copa&geo=BR"
"palmeiras x","500+","12 de julho de 2026 às 17:00:00 UTC-3","12 de julho de 2026 às 18:50:00 UTC-3","palmeiras x","./explore?q=palmeiras%20x&geo=BR"
"nico williams","2 mil+","10 de julho de 2026 às 17:30:00 UTC-3","10 de julho de 2026 às 18:50:00 UTC-3","nico williams","./explore?q=nico%20williams&geo=BR"
"taxa selic","1 mil+","10 de julho de 2026 às 09:00:00 UTC-3","10 de julho de 2026 às 15:10:00 UTC-3","taxa selic","./explore?q=taxa%20selic&geo=BR"
"globo esporte","10 mil+","7 de julho de 2026 às 14:50:00 UTC-3","7 de julho de 2026 às 16:10:00 UTC-3","globo esporte,jogo agora,jogo copa do mundo,jogo agora da copa,jogo de hoje copa,jogo copa do mundo hoje,jogo de hoje copa do mundo,jogo copa hj,jogos copa do mundo 2026,jogo agora copa,jogos copa do mundo,jogos copa,jogo hoje copa do mundo,jogo hoje copa,copa do mundo hoje,jogos da copa do mundo 2026 hoje,jogos da copa de hoje,jogo da copa hj","./explore?q=globo%20esporte&geo=BR"
"que horas tem jogo da copa do mundo hoje","2 mil+","9 de julho de 2026 às 12:50:00 UTC-3","9 de julho de 2026 às 17:10:00 UTC-3","que horas tem jogo da copa do mundo hoje","./explore?q=que%20horas%20tem%20jogo%20da%20copa%20do%20mundo%20hoje&geo=BR"
"nusa noruega","1 mil+","11 de julho de 2026 às 19:50:00 UTC-3","11 de julho de 2026 às 21:20:00 UTC-3","nusa noruega","./explore?q=nusa%20noruega&geo=BR"
"lateral","1 mil+","9 de julho de 2026 às 16:50:00 UTC-3","9 de julho de 2026 às 20:50:00 UTC-3","lateral","./explore?q=lateral&geo=BR"
"ana paula arósio","200+","12 de julho de 2026 às 22:00:00 UTC-3","12 de julho de 2026 às 23:10:00 UTC-3","ana paula arósio","./explore?q=ana%20paula%20ar%C3%B3sio&geo=BR"
"nba","2 mil+","8 de julho de 2026 às 07:00:00 UTC-3","9 de julho de 2026 às 05:10:00 UTC-3","nba","./explore?q=nba&geo=BR"
"tesla","1 mil+","8 de julho de 2026 às 06:40:00 UTC-3","9 de julho de 2026 às 06:00:00 UTC-3","tesla","./explore?q=tesla&geo=BR"
"ester expósito","2 mil+","9 de julho de 2026 às 17:30:00 UTC-3","9 de julho de 2026 às 19:40:00 UTC-3","ester expósito,ester exposito","./explore?q=ester%20exp%C3%B3sito&geo=BR"
"tiago leifert","2 mil+","7 de julho de 2026 às 07:20:00 UTC-3","7 de julho de 2026 às 11:50:00 UTC-3","tiago leifert,jogo da copa ontem,copa do mundo agora,penalti,chaves da copa do mundo 2026","./explore?q=tiago%20leifert&geo=BR"
"gordon inglaterra","500+","11 de julho de 2026 às 18:30:00 UTC-3","11 de julho de 2026 às 20:30:00 UTC-3","gordon inglaterra","./explore?q=gordon%20inglaterra&geo=BR"
"norvège – angleterre","500+","11 de julho de 2026 às 17:30:00 UTC-3","11 de julho de 2026 às 19:50:00 UTC-3","norvège – angleterre","./explore?q=norv%C3%A8ge%20%E2%80%93%20angleterre&geo=BR"
"serena williams","1 mil+","11 de julho de 2026 às 18:10:00 UTC-3","11 de julho de 2026 às 19:20:00 UTC-3","serena williams","./explore?q=serena%20williams&geo=BR"
"jogo da copa","10 mil+","7 de julho de 2026 às 14:00:00 UTC-3","7 de julho de 2026 às 16:10:00 UTC-3","jogo da copa,copa hoje","./explore?q=jogo%20da%20copa&geo=BR"
"jorge messias","500+","12 de julho de 2026 às 18:50:00 UTC-3","12 de julho de 2026 às 20:20:00 UTC-3","jorge messias","./explore?q=jorge%20messias&geo=BR"
"papa francisco","1 mil+","11 de julho de 2026 às 22:40:00 UTC-3","11 de julho de 2026 às 23:50:00 UTC-3","papa francisco","./explore?q=papa%20francisco&geo=BR"
"alcaraz","500+","12 de julho de 2026 às 15:50:00 UTC-3","12 de julho de 2026 às 17:20:00 UTC-3","alcaraz","./explore?q=alcaraz&geo=BR"
"picape","1 mil+","9 de julho de 2026 às 16:50:00 UTC-3","9 de julho de 2026 às 21:30:00 UTC-3","picape","./explore?q=picape&geo=BR"
"stock market today","1 mil+","8 de julho de 2026 às 06:40:00 UTC-3","9 de julho de 2026 às 06:00:00 UTC-3","stock market today","./explore?q=stock%20market%20today&geo=BR"
"ouro","500+","11 de julho de 2026 às 13:50:00 UTC-3","11 de julho de 2026 às 17:50:00 UTC-3","ouro","./explore?q=ouro&geo=BR"
"outlook","5 mil+","8 de julho de 2026 às 15:40:00 UTC-3","8 de julho de 2026 às 19:20:00 UTC-3","outlook","./explore?q=outlook&geo=BR"
"conflito","2 mil+","13 de julho de 2026 às 00:50:00 UTC-3","13 de julho de 2026 às 05:30:00 UTC-3","conflito,petr4","./explore?q=conflito&geo=BR"
"luis suárez","5 mil+","7 de julho de 2026 às 16:50:00 UTC-3","7 de julho de 2026 às 20:10:00 UTC-3","luis suárez,quintero,quintero colombia","./explore?q=luis%20su%C3%A1rez&geo=BR"
"jérémy doku","1 mil+","10 de julho de 2026 às 16:00:00 UTC-3","10 de julho de 2026 às 18:30:00 UTC-3","jérémy doku,jeremy doku","./explore?q=j%C3%A9r%C3%A9my%20doku&geo=BR"
"kaka","1 mil+","11 de julho de 2026 às 19:20:00 UTC-3","11 de julho de 2026 às 20:30:00 UTC-3","kaka,kaká","./explore?q=kaka&geo=BR"
"club deportivo leones del norte x universidad católica","1 mil+","10 de julho de 2026 às 18:20:00 UTC-3","10 de julho de 2026 às 21:00:00 UTC-3","club deportivo leones del norte x universidad católica","./explore?q=club%20deportivo%20leones%20del%20norte%20x%20universidad%20cat%C3%B3lica&geo=BR"
"subsídio","500+","11 de julho de 2026 às 07:50:00 UTC-3","11 de julho de 2026 às 11:10:00 UTC-3","subsídio","./explore?q=subs%C3%ADdio&geo=BR"
"diney borges","1 mil+","9 de julho de 2026 às 06:20:00 UTC-3","9 de julho de 2026 às 12:30:00 UTC-3","diney borges","./explore?q=diney%20borges&geo=BR"
"remo","1 mil+","8 de julho de 2026 às 19:50:00 UTC-3","9 de julho de 2026 às 07:30:00 UTC-3","remo","./explore?q=remo&geo=BR"
"ponte preta x","2 mil+","8 de julho de 2026 às 19:40:00 UTC-3","8 de julho de 2026 às 23:20:00 UTC-3","ponte preta x","./explore?q=ponte%20preta%20x&geo=BR"
"viking fk","500+","12 de julho de 2026 às 14:40:00 UTC-3","12 de julho de 2026 às 16:40:00 UTC-3","viking fk","./explore?q=viking%20fk&geo=BR"
"dybala","500+","11 de julho de 2026 às 23:40:00 UTC-3","12 de julho de 2026 às 01:30:00 UTC-3","dybala","./explore?q=dybala&geo=BR"
"sofi stadium","1 mil+","10 de julho de 2026 às 16:00:00 UTC-3","10 de julho de 2026 às 18:30:00 UTC-3","sofi stadium","./explore?q=sofi%20stadium&geo=BR"
"zendaya","500+","12 de julho de 2026 às 22:10:00 UTC-3","12 de julho de 2026 às 23:10:00 UTC-3","zendaya","./explore?q=zendaya&geo=BR"
"ryan gandra","500+","11 de julho de 2026 às 18:10:00 UTC-3","11 de julho de 2026 às 20:10:00 UTC-3","ryan gandra","./explore?q=ryan%20gandra&geo=BR"
"aposentadoria especial","200+","13 de julho de 2026 às 13:20:00 UTC-3","13 de julho de 2026 às 13:50:00 UTC-3","aposentadoria especial","./explore?q=aposentadoria%20especial&geo=BR"
"richard ríos","500+","11 de julho de 2026 às 06:30:00 UTC-3","11 de julho de 2026 às 09:50:00 UTC-3","richard ríos","./explore?q=richard%20r%C3%ADos&geo=BR"
"unión la calera coquimbo unido 08/07/2026","2 mil+","8 de julho de 2026 às 20:10:00 UTC-3","8 de julho de 2026 às 22:50:00 UTC-3","unión la calera coquimbo unido 08/07/2026,coquimbo unido","./explore?q=uni%C3%B3n%20la%20calera%20coquimbo%20unido%2008%2F07%2F2026&geo=BR"
"marquito","1 mil+","10 de julho de 2026 às 08:50:00 UTC-3","10 de julho de 2026 às 14:00:00 UTC-3","marquito","./explore?q=marquito&geo=BR"
"sport fc","1 mil+","10 de julho de 2026 às 20:20:00 UTC-3","10 de julho de 2026 às 23:10:00 UTC-3","sport fc","./explore?q=sport%20fc&geo=BR"
"programação da globo hoje","1 mil+","11 de julho de 2026 às 17:40:00 UTC-3","11 de julho de 2026 às 19:00:00 UTC-3","programação da globo hoje,programacao globo hoje","./explore?q=programa%C3%A7%C3%A3o%20da%20globo%20hoje&geo=BR"
"gordon","500+","11 de julho de 2026 às 18:30:00 UTC-3","11 de julho de 2026 às 20:10:00 UTC-3","gordon","./explore?q=gordon&geo=BR"
"cody garbrandt","1 mil+","11 de julho de 2026 às 20:30:00 UTC-3","11 de julho de 2026 às 22:00:00 UTC-3","cody garbrandt,adrian yanez","./explore?q=cody%20garbrandt&geo=BR"
"mushoku tensei 3 temporada ep 3","500+","12 de julho de 2026 às 11:50:00 UTC-3","12 de julho de 2026 às 14:10:00 UTC-3","mushoku tensei 3 temporada ep 3","./explore?q=mushoku%20tensei%203%20temporada%20ep%203&geo=BR"
"resultado do jogo do estados unidos","2 mil+","7 de julho de 2026 às 03:50:00 UTC-3","7 de julho de 2026 às 08:00:00 UTC-3","resultado do jogo do estados unidos,resultado do jogo estados unidos e bélgica,resultado do jogo da bélgica,quanto foi o jogo do estados unidos,resultado do estados unidos e bélgica","./explore?q=resultado%20do%20jogo%20do%20estados%20unidos&geo=BR"
"jogo do juventude","1 mil+","10 de julho de 2026 às 19:10:00 UTC-3","10 de julho de 2026 às 22:10:00 UTC-3","jogo do juventude","./explore?q=jogo%20do%20juventude&geo=BR"
"coração de mãe","500+","11 de julho de 2026 às 06:10:00 UTC-3","11 de julho de 2026 às 09:10:00 UTC-3","coração de mãe","./explore?q=cora%C3%A7%C3%A3o%20de%20m%C3%A3e&geo=BR"
"enzo fernandez","5 mil+","7 de julho de 2026 às 13:00:00 UTC-3","7 de julho de 2026 às 16:40:00 UTC-3","enzo fernandez,enzo fernández,argentino,julián álvarez,lautaro martínez","./explore?q=enzo%20fernandez&geo=BR"
"saa","200+","13 de julho de 2026 às 09:00:00 UTC-3","13 de julho de 2026 às 10:00:00 UTC-3","saa","./explore?q=saa&geo=BR"
"assassins creed black flag resynced","2 mil+","9 de julho de 2026 às 17:50:00 UTC-3","9 de julho de 2026 às 21:10:00 UTC-3","assassins creed black flag resynced,ubisoft","./explore?q=assassins%20creed%20black%20flag%20resynced&geo=BR"
"danubio x nacional","500+","11 de julho de 2026 às 14:20:00 UTC-3","11 de julho de 2026 às 16:20:00 UTC-3","danubio x nacional","./explore?q=danubio%20x%20nacional&geo=BR"
"teste","200+","13 de julho de 2026 às 05:30:00 UTC-3","13 de julho de 2026 às 06:30:00 UTC-3","teste","./explore?q=teste&geo=BR"
"emmy indicados","2 mil+","8 de julho de 2026 às 15:00:00 UTC-3","8 de julho de 2026 às 19:10:00 UTC-3","emmy indicados,indicados emmy 2026,emmy 2026,prêmios","./explore?q=emmy%20indicados&geo=BR"
"vikings","1 mil+","11 de julho de 2026 às 18:50:00 UTC-3","11 de julho de 2026 às 19:40:00 UTC-3","vikings","./explore?q=vikings&geo=BR"
"tv caze","5 mil+","7 de julho de 2026 às 13:40:00 UTC-3","7 de julho de 2026 às 15:40:00 UTC-3","tv caze,cazetv","./explore?q=tv%20caze&geo=BR"
"damian pinas","500+","11 de julho de 2026 às 18:50:00 UTC-3","11 de julho de 2026 às 20:40:00 UTC-3","damian pinas","./explore?q=damian%20pinas&geo=BR"
"carrascal","2 mil+","7 de julho de 2026 às 17:00:00 UTC-3","7 de julho de 2026 às 20:50:00 UTC-3","carrascal,jhon arias,john arias","./explore?q=carrascal&geo=BR"
"passagem aerea","500+","12 de julho de 2026 às 13:30:00 UTC-3","13 de julho de 2026 às 01:20:00 UTC-3","passagem aerea","./explore?q=passagem%20aerea&geo=BR"
"vacina","1 mil+","9 de julho de 2026 às 17:20:00 UTC-3","9 de julho de 2026 às 20:10:00 UTC-3","vacina","./explore?q=vacina&geo=BR"
"seattle seahawks","200+","12 de julho de 2026 às 10:50:00 UTC-3","12 de julho de 2026 às 12:40:00 UTC-3","seattle seahawks","./explore?q=seattle%20seahawks&geo=BR"
"david beckham esposa","500+","11 de julho de 2026 às 20:10:00 UTC-3","11 de julho de 2026 às 21:50:00 UTC-3","david beckham esposa","./explore?q=david%20beckham%20esposa&geo=BR"
"club técnico universitario x macará","500+","10 de julho de 2026 às 20:50:00 UTC-3","10 de julho de 2026 às 23:40:00 UTC-3","club técnico universitario x macará","./explore?q=club%20t%C3%A9cnico%20universitario%20x%20macar%C3%A1&geo=BR"
"brasil e egito","2 mil+","7 de julho de 2026 às 13:50:00 UTC-3","7 de julho de 2026 às 16:00:00 UTC-3","brasil e egito","./explore?q=brasil%20e%20egito&geo=BR"
"horoscopo do dia","200+","13 de julho de 2026 às 06:40:00 UTC-3","13 de julho de 2026 às 07:30:00 UTC-3","horoscopo do dia","./explore?q=horoscopo%20do%20dia&geo=BR"
"20:20","200+","12 de julho de 2026 às 20:20:00 UTC-3","12 de julho de 2026 às 21:20:00 UTC-3","20:20","./explore?q=20%3A20&geo=BR"
"defeso eleitoral","500+","10 de julho de 2026 às 01:10:00 UTC-3","10 de julho de 2026 às 10:20:00 UTC-3","defeso eleitoral","./explore?q=defeso%20eleitoral&geo=BR"
"xabi alonso","500+","11 de julho de 2026 às 23:30:00 UTC-3","12 de julho de 2026 às 00:40:00 UTC-3","xabi alonso","./explore?q=xabi%20alonso&geo=BR"
"abate animal","1 mil+","9 de julho de 2026 às 07:00:00 UTC-3","9 de julho de 2026 às 14:00:00 UTC-3","abate animal","./explore?q=abate%20animal&geo=BR"
"jorge carrascal","2 mil+","7 de julho de 2026 às 17:00:00 UTC-3","7 de julho de 2026 às 20:40:00 UTC-3","jorge carrascal","./explore?q=jorge%20carrascal&geo=BR"
"morgan rogers","500+","11 de julho de 2026 às 20:00:00 UTC-3","11 de julho de 2026 às 21:20:00 UTC-3","morgan rogers","./explore?q=morgan%20rogers&geo=BR"
"ozempic","200+","12 de julho de 2026 às 20:40:00 UTC-3","12 de julho de 2026 às 21:40:00 UTC-3","ozempic","./explore?q=ozempic&geo=BR"
"aymeric laporte","1 mil+","10 de julho de 2026 às 16:00:00 UTC-3","10 de julho de 2026 às 18:50:00 UTC-3","aymeric laporte","./explore?q=aymeric%20laporte&geo=BR"
"g1","2 mil+","8 de julho de 2026 às 16:00:00 UTC-3","8 de julho de 2026 às 19:40:00 UTC-3","g1","./explore?q=g1&geo=BR"
"governo do estado do rio de janeiro","1 mil+","9 de julho de 2026 às 10:10:00 UTC-3","9 de julho de 2026 às 16:10:00 UTC-3","governo do estado do rio de janeiro","./explore?q=governo%20do%20estado%20do%20rio%20de%20janeiro&geo=BR"
"kristoffer ajer","500+","11 de julho de 2026 às 20:30:00 UTC-3","11 de julho de 2026 às 21:40:00 UTC-3","kristoffer ajer","./explore?q=kristoffer%20ajer&geo=BR"
"goleiro da argentina","500+","11 de julho de 2026 às 23:20:00 UTC-3","12 de julho de 2026 às 01:00:00 UTC-3","goleiro da argentina,goleiro argentina","./explore?q=goleiro%20da%20argentina&geo=BR"
"playstation","5 mil+","7 de julho de 2026 às 19:30:00 UTC-3","7 de julho de 2026 às 21:00:00 UTC-3","playstation","./explore?q=playstation&geo=BR"
"maxim de cuyper","2 mil+","10 de julho de 2026 às 15:50:00 UTC-3","10 de julho de 2026 às 17:50:00 UTC-3","maxim de cuyper,fabian rieder,mateta frança,mateta franca","./explore?q=maxim%20de%20cuyper&geo=BR"
"tielemans","1 mil+","10 de julho de 2026 às 15:50:00 UTC-3","10 de julho de 2026 às 17:10:00 UTC-3","tielemans","./explore?q=tielemans&geo=BR"
"censura","500+","10 de julho de 2026 às 05:20:00 UTC-3","10 de julho de 2026 às 08:50:00 UTC-3","censura","./explore?q=censura&geo=BR"
"césar almeida","500+","11 de julho de 2026 às 18:50:00 UTC-3","11 de julho de 2026 às 20:40:00 UTC-3","césar almeida","./explore?q=c%C3%A9sar%20almeida&geo=BR"
"cucurella","2 mil+","10 de julho de 2026 às 17:40:00 UTC-3","10 de julho de 2026 às 18:40:00 UTC-3","cucurella","./explore?q=cucurella&geo=BR"
"pape thiaw","200+","12 de julho de 2026 às 21:50:00 UTC-3","12 de julho de 2026 às 23:00:00 UTC-3","pape thiaw","./explore?q=pape%20thiaw&geo=BR"
"alzheimer","200+","12 de julho de 2026 às 21:50:00 UTC-3","12 de julho de 2026 às 23:00:00 UTC-3","alzheimer","./explore?q=alzheimer&geo=BR"
"mauricio de sousa","1 mil+","10 de julho de 2026 às 12:10:00 UTC-3","11 de julho de 2026 às 02:40:00 UTC-3","mauricio de sousa","./explore?q=mauricio%20de%20sousa&geo=BR"
"nene","1 mil+","9 de julho de 2026 às 16:10:00 UTC-3","10 de julho de 2026 às 00:30:00 UTC-3","nene,nene jogador","./explore?q=nene&geo=BR"
"notícias","100+","13 de julho de 2026 às 06:20:00 UTC-3","13 de julho de 2026 às 07:30:00 UTC-3","notícias","./explore?q=not%C3%ADcias&geo=BR"
"proximo feriado","100+","13 de julho de 2026 às 07:30:00 UTC-3","13 de julho de 2026 às 08:20:00 UTC-3","proximo feriado","./explore?q=proximo%20feriado&geo=BR"
"novo teaser homem aranha","500+","10 de julho de 2026 às 21:40:00 UTC-3","11 de julho de 2026 às 00:10:00 UTC-3","novo teaser homem aranha","./explore?q=novo%20teaser%20homem%20aranha&geo=BR"
"semaglutide","1 mil+","10 de julho de 2026 às 14:40:00 UTC-3","10 de julho de 2026 às 17:00:00 UTC-3","semaglutide","./explore?q=semaglutide&geo=BR"
"montiel","500+","11 de julho de 2026 às 23:40:00 UTC-3","12 de julho de 2026 às 01:30:00 UTC-3","montiel","./explore?q=montiel&geo=BR"
"anitta","500+","11 de julho de 2026 às 18:50:00 UTC-3","12 de julho de 2026 às 00:00:00 UTC-3","anitta","./explore?q=anitta&geo=BR"
"javier bardem","1 mil+","10 de julho de 2026 às 15:50:00 UTC-3","10 de julho de 2026 às 17:10:00 UTC-3","javier bardem","./explore?q=javier%20bardem&geo=BR"
"jogador bellingham","500+","11 de julho de 2026 às 20:10:00 UTC-3","11 de julho de 2026 às 21:50:00 UTC-3","jogador bellingham","./explore?q=jogador%20bellingham&geo=BR"
"show do milhão","200+","12 de julho de 2026 às 23:40:00 UTC-3","13 de julho de 2026 às 00:40:00 UTC-3","show do milhão","./explore?q=show%20do%20milh%C3%A3o&geo=BR"
"agência reguladora","200+","12 de julho de 2026 às 06:00:00 UTC-3","12 de julho de 2026 às 09:50:00 UTC-3","agência reguladora","./explore?q=ag%C3%AAncia%20reguladora&geo=BR"
"dundalk drogheda united 10/07/2026","1 mil+","10 de julho de 2026 às 16:10:00 UTC-3","10 de julho de 2026 às 18:10:00 UTC-3","dundalk drogheda united 10/07/2026","./explore?q=dundalk%20drogheda%20united%2010%2F07%2F2026&geo=BR"
"espagne – belgique","1 mil+","10 de julho de 2026 às 15:50:00 UTC-3","10 de julho de 2026 às 18:20:00 UTC-3","espagne – belgique","./explore?q=espagne%20%E2%80%93%20belgique&geo=BR"
"copa mundial de fútbol de 2026","500+","11 de julho de 2026 às 20:40:00 UTC-3","12 de julho de 2026 às 01:40:00 UTC-3","copa mundial de fútbol de 2026","./explore?q=copa%20mundial%20de%20f%C3%BAtbol%20de%202026&geo=BR"
"pedro alves quem ama cuida","2 mil+","7 de julho de 2026 às 22:10:00 UTC-3","8 de julho de 2026 às 08:30:00 UTC-3","pedro alves quem ama cuida,pedro alves,neto da dina,pedro alves ator","./explore?q=pedro%20alves%20quem%20ama%20cuida&geo=BR"
"aucas","1 mil+","7 de julho de 2026 às 19:50:00 UTC-3","8 de julho de 2026 às 00:20:00 UTC-3","aucas","./explore?q=aucas&geo=BR"
"mario kempes","500+","11 de julho de 2026 às 22:00:00 UTC-3","11 de julho de 2026 às 23:10:00 UTC-3","mario kempes","./explore?q=mario%20kempes&geo=BR"
"roger silva","1 mil+","7 de julho de 2026 às 22:50:00 UTC-3","8 de julho de 2026 às 13:30:00 UTC-3","roger silva","./explore?q=roger%20silva&geo=BR"
"ricardo couto","1 mil+","9 de julho de 2026 às 11:10:00 UTC-3","9 de julho de 2026 às 14:30:00 UTC-3","ricardo couto","./explore?q=ricardo%20couto&geo=BR"
"dinamo de kiev","1 mil+","9 de julho de 2026 às 14:40:00 UTC-3","9 de julho de 2026 às 17:10:00 UTC-3","dinamo de kiev,dinamo kiev","./explore?q=dinamo%20de%20kiev&geo=BR"
"antony gordon","500+","11 de julho de 2026 às 18:10:00 UTC-3","11 de julho de 2026 às 19:50:00 UTC-3","antony gordon","./explore?q=antony%20gordon&geo=BR"
"jaminton campaz","1 mil+","10 de julho de 2026 às 20:20:00 UTC-3","10 de julho de 2026 às 22:00:00 UTC-3","jaminton campaz","./explore?q=jaminton%20campaz&geo=BR"
"suarez","500+","11 de julho de 2026 às 19:40:00 UTC-3","11 de julho de 2026 às 20:50:00 UTC-3","suarez","./explore?q=suarez&geo=BR"
"athletic","2 mil+","7 de julho de 2026 às 19:50:00 UTC-3","7 de julho de 2026 às 23:00:00 UTC-3","athletic,hartford athletic,orange county sc","./explore?q=athletic&geo=BR"
"jogos da copa do mundo 2026","10 mil+","7 de julho de 2026 às 15:10:00 UTC-3","7 de julho de 2026 às 16:10:00 UTC-3","jogos da copa do mundo 2026,tabela copa","./explore?q=jogos%20da%20copa%20do%20mundo%202026&geo=BR"
"ifc","200+","11 de julho de 2026 às 23:50:00 UTC-3","12 de julho de 2026 às 01:50:00 UTC-3","ifc","./explore?q=ifc&geo=BR"
"roberto baggio","500+","11 de julho de 2026 às 22:10:00 UTC-3","11 de julho de 2026 às 23:20:00 UTC-3","roberto baggio","./explore?q=roberto%20baggio&geo=BR"
"santos laguna","1 mil+","9 de julho de 2026 às 22:30:00 UTC-3","10 de julho de 2026 às 01:00:00 UTC-3","santos laguna,america de cali","./explore?q=santos%20laguna&geo=BR"
"misoginia","1 mil+","10 de julho de 2026 às 22:30:00 UTC-3","11 de julho de 2026 às 00:00:00 UTC-3","misoginia","./explore?q=misoginia&geo=BR"
"senadora paraguaia","2 mil+","7 de julho de 2026 às 12:50:00 UTC-3","7 de julho de 2026 às 21:00:00 UTC-3","senadora paraguaia","./explore?q=senadora%20paraguaia&geo=BR"
"previsão do tempo hoje","200+","13 de julho de 2026 às 06:20:00 UTC-3","13 de julho de 2026 às 07:10:00 UTC-3","previsão do tempo hoje","./explore?q=previs%C3%A3o%20do%20tempo%20hoje&geo=BR"
"afa","500+","11 de julho de 2026 às 23:50:00 UTC-3","12 de julho de 2026 às 01:40:00 UTC-3","afa","./explore?q=afa&geo=BR"
"cid carvalho","500+","10 de julho de 2026 às 17:50:00 UTC-3","10 de julho de 2026 às 20:20:00 UTC-3","cid carvalho","./explore?q=cid%20carvalho&geo=BR"
"nico paz","500+","12 de julho de 2026 às 00:40:00 UTC-3","12 de julho de 2026 às 01:50:00 UTC-3","nico paz","./explore?q=nico%20paz&geo=BR"
"brad pitt","1 mil+","10 de julho de 2026 às 16:30:00 UTC-3","10 de julho de 2026 às 17:40:00 UTC-3","brad pitt","./explore?q=brad%20pitt&geo=BR"
"nio","2 mil+","7 de julho de 2026 às 20:10:00 UTC-3","7 de julho de 2026 às 23:40:00 UTC-3","nio","./explore?q=nio&geo=BR"
"mma","500+","12 de julho de 2026 às 00:40:00 UTC-3","12 de julho de 2026 às 02:10:00 UTC-3","mma,wang cong","./explore?q=mma&geo=BR"
"maria ribeiro","1 mil+","8 de julho de 2026 às 22:10:00 UTC-3","9 de julho de 2026 às 13:00:00 UTC-3","maria ribeiro","./explore?q=maria%20ribeiro&geo=BR"
"voo","200+","13 de julho de 2026 às 11:50:00 UTC-3","13 de julho de 2026 às 14:50:00 UTC-3","voo","./explore?q=voo&geo=BR"
"tom holland","200+","12 de julho de 2026 às 22:30:00 UTC-3","12 de julho de 2026 às 23:10:00 UTC-3","tom holland","./explore?q=tom%20holland&geo=BR"
"delcy rodríguez","1 mil+","9 de julho de 2026 às 06:20:00 UTC-3","9 de julho de 2026 às 09:40:00 UTC-3","delcy rodríguez","./explore?q=delcy%20rodr%C3%ADguez&geo=BR"
"emam ashour","2 mil+","7 de julho de 2026 às 13:00:00 UTC-3","7 de julho de 2026 às 15:40:00 UTC-3","emam ashour,jogador salah","./explore?q=emam%20ashour&geo=BR"
"temperatura curitiba","200+","13 de julho de 2026 às 06:40:00 UTC-3","13 de julho de 2026 às 07:10:00 UTC-3","temperatura curitiba,previsao tempo","./explore?q=temperatura%20curitiba&geo=BR"
"luke riley","500+","11 de julho de 2026 às 20:00:00 UTC-3","11 de julho de 2026 às 21:30:00 UTC-3","luke riley","./explore?q=luke%20riley&geo=BR"
"baggio","500+","11 de julho de 2026 às 22:10:00 UTC-3","11 de julho de 2026 às 23:20:00 UTC-3","baggio,baggio jogador","./explore?q=baggio&geo=BR"
"ferran torres","1 mil+","10 de julho de 2026 às 17:20:00 UTC-3","10 de julho de 2026 às 18:40:00 UTC-3","ferran torres","./explore?q=ferran%20torres&geo=BR"
"letícia colin","2 mil+","9 de julho de 2026 às 21:30:00 UTC-3","9 de julho de 2026 às 23:10:00 UTC-3","letícia colin,leticia colin","./explore?q=let%C3%ADcia%20colin&geo=BR"
"boca","1 mil+","8 de julho de 2026 às 21:30:00 UTC-3","9 de julho de 2026 às 06:30:00 UTC-3","boca","./explore?q=boca&geo=BR"
"harry cane","500+","11 de julho de 2026 às 18:40:00 UTC-3","11 de julho de 2026 às 21:10:00 UTC-3","harry cane","./explore?q=harry%20cane&geo=BR"
"muquiço","2 mil+","8 de julho de 2026 às 12:10:00 UTC-3","8 de julho de 2026 às 14:50:00 UTC-3","muquiço,avenida brasil","./explore?q=muqui%C3%A7o&geo=BR"
"sbt programação","500+","11 de julho de 2026 às 17:40:00 UTC-3","11 de julho de 2026 às 19:00:00 UTC-3","sbt programação","./explore?q=sbt%20programa%C3%A7%C3%A3o&geo=BR"
"dwayne johnson","500+","11 de julho de 2026 às 17:30:00 UTC-3","11 de julho de 2026 às 18:40:00 UTC-3","dwayne johnson","./explore?q=dwayne%20johnson&geo=BR"
"barcola","2 mil+","9 de julho de 2026 às 18:30:00 UTC-3","9 de julho de 2026 às 19:50:00 UTC-3","barcola","./explore?q=barcola&geo=BR"
"boston","1 mil+","9 de julho de 2026 às 17:10:00 UTC-3","9 de julho de 2026 às 19:10:00 UTC-3","boston","./explore?q=boston&geo=BR"
"12 de julho","200+","12 de julho de 2026 às 07:50:00 UTC-3","12 de julho de 2026 às 11:10:00 UTC-3","12 de julho","./explore?q=12%20de%20julho&geo=BR"
"messi é autista","2 mil+","7 de julho de 2026 às 14:00:00 UTC-3","7 de julho de 2026 às 16:10:00 UTC-3","messi é autista,messi autista,messi tem autismo?","./explore?q=messi%20%C3%A9%20autista&geo=BR"
"wec","200+","12 de julho de 2026 às 11:10:00 UTC-3","12 de julho de 2026 às 12:50:00 UTC-3","wec","./explore?q=wec&geo=BR"
"nascar","200+","12 de julho de 2026 às 22:50:00 UTC-3","12 de julho de 2026 às 23:50:00 UTC-3","nascar","./explore?q=nascar&geo=BR"
"luis suárez","500+","11 de julho de 2026 às 19:40:00 UTC-3","11 de julho de 2026 às 20:50:00 UTC-3","luis suárez","./explore?q=luis%20su%C3%A1rez&geo=BR"
"3","100+","13 de julho de 2026 às 02:30:00 UTC-3","13 de julho de 2026 às 05:30:00 UTC-3","3","./explore?q=3&geo=BR"
"uf","200+","11 de julho de 2026 às 23:50:00 UTC-3","12 de julho de 2026 às 01:40:00 UTC-3","uf","./explore?q=uf&geo=BR"
"jules koundé","1 mil+","9 de julho de 2026 às 17:40:00 UTC-3","9 de julho de 2026 às 19:40:00 UTC-3","jules koundé,kounde","./explore?q=jules%20kound%C3%A9&geo=BR"
"maiara","500+","9 de julho de 2026 às 06:10:00 UTC-3","9 de julho de 2026 às 09:40:00 UTC-3","maiara","./explore?q=maiara&geo=BR"
"mostafa shobeir","2 mil+","7 de julho de 2026 às 13:50:00 UTC-3","7 de julho de 2026 às 16:00:00 UTC-3","mostafa shobeir,goleiro egito,goleiro do egito,shobeir","./explore?q=mostafa%20shobeir&geo=BR"
"galaxy watch ultra 2","1 mil+","8 de julho de 2026 às 20:50:00 UTC-3","8 de julho de 2026 às 23:50:00 UTC-3","galaxy watch ultra 2","./explore?q=galaxy%20watch%20ultra%202&geo=BR"
"airbus a330","500+","10 de julho de 2026 às 18:50:00 UTC-3","10 de julho de 2026 às 21:10:00 UTC-3","airbus a330,voos","./explore?q=airbus%20a330&geo=BR"
"diogo moreira","100+","13 de julho de 2026 às 06:20:00 UTC-3","13 de julho de 2026 às 07:20:00 UTC-3","diogo moreira","./explore?q=diogo%20moreira&geo=BR"
"pedro bial","2 mil+","7 de julho de 2026 às 23:00:00 UTC-3","8 de julho de 2026 às 01:30:00 UTC-3","pedro bial,fernanda torres e pedro bial,pedro bial e fernanda torres","./explore?q=pedro%20bial&geo=BR"
"daniel cady","500+","10 de julho de 2026 às 05:40:00 UTC-3","10 de julho de 2026 às 09:00:00 UTC-3","daniel cady","./explore?q=daniel%20cady&geo=BR"
"james rodriguez","2 mil+","7 de julho de 2026 às 17:50:00 UTC-3","7 de julho de 2026 às 20:50:00 UTC-3","james rodriguez","./explore?q=james%20rodriguez&geo=BR"
"globo reporter hoje","500+","11 de julho de 2026 às 06:50:00 UTC-3","11 de julho de 2026 às 08:40:00 UTC-3","globo reporter hoje","./explore?q=globo%20reporter%20hoje&geo=BR"
"bradesco","2 mil+","9 de julho de 2026 às 17:30:00 UTC-3","9 de julho de 2026 às 18:40:00 UTC-3","bradesco","./explore?q=bradesco&geo=BR"
"zeki amdouni","200+","11 de julho de 2026 às 23:50:00 UTC-3","12 de julho de 2026 às 01:10:00 UTC-3","zeki amdouni","./explore?q=zeki%20amdouni&geo=BR"
"superlua","200+","12 de julho de 2026 às 18:40:00 UTC-3","12 de julho de 2026 às 19:30:00 UTC-3","superlua","./explore?q=superlua&geo=BR"
"new york weather","1 mil+","7 de julho de 2026 às 00:50:00 UTC-3","7 de julho de 2026 às 10:00:00 UTC-3","new york weather","./explore?q=new%20york%20weather&geo=BR"
"concurso público","500+","10 de julho de 2026 às 00:20:00 UTC-3","10 de julho de 2026 às 08:10:00 UTC-3","concurso público","./explore?q=concurso%20p%C3%BAblico&geo=BR"
"egito fc","2 mil+","7 de julho de 2026 às 13:50:00 UTC-3","7 de julho de 2026 às 16:00:00 UTC-3","egito fc,argentina egypt","./explore?q=egito%20fc&geo=BR"
"governo lula","200+","11 de julho de 2026 às 12:50:00 UTC-3","11 de julho de 2026 às 14:50:00 UTC-3","governo lula","./explore?q=governo%20lula&geo=BR"
"band ao vivo","2 mil+","7 de julho de 2026 às 22:20:00 UTC-3","8 de julho de 2026 às 00:40:00 UTC-3","band ao vivo,masterchef 2026","./explore?q=band%20ao%20vivo&geo=BR"
"ucrânia","1 mil+","7 de julho de 2026 às 17:50:00 UTC-3","8 de julho de 2026 às 05:50:00 UTC-3","ucrânia","./explore?q=ucr%C3%A2nia&geo=BR"
"independiente del valle","1 mil+","8 de julho de 2026 às 19:30:00 UTC-3","8 de julho de 2026 às 22:10:00 UTC-3","independiente del valle","./explore?q=independiente%20del%20valle&geo=BR"
"william saliba","1 mil+","9 de julho de 2026 às 17:00:00 UTC-3","9 de julho de 2026 às 19:40:00 UTC-3","william saliba","./explore?q=william%20saliba&geo=BR"
"the rookie","500+","9 de julho de 2026 às 00:10:00 UTC-3","9 de julho de 2026 às 14:00:00 UTC-3","the rookie","./explore?q=the%20rookie&geo=BR"
"lamine yamal idade","500+","10 de julho de 2026 às 16:30:00 UTC-3","10 de julho de 2026 às 18:40:00 UTC-3","lamine yamal idade","./explore?q=lamine%20yamal%20idade&geo=BR"
"eurocopa 2024","500+","10 de julho de 2026 às 16:50:00 UTC-3","10 de julho de 2026 às 19:00:00 UTC-3","eurocopa 2024","./explore?q=eurocopa%202024&geo=BR"
"adriane galisteu","500+","10 de julho de 2026 às 22:20:00 UTC-3","11 de julho de 2026 às 00:10:00 UTC-3","adriane galisteu","./explore?q=adriane%20galisteu&geo=BR"
"xhaka","2 mil+","7 de julho de 2026 às 19:30:00 UTC-3","7 de julho de 2026 às 20:50:00 UTC-3","xhaka,granit xhaka","./explore?q=xhaka&geo=BR"
"jogo do sport hoje","500+","10 de julho de 2026 às 21:00:00 UTC-3","10 de julho de 2026 às 23:10:00 UTC-3","jogo do sport hoje","./explore?q=jogo%20do%20sport%20hoje&geo=BR"
"bobby charlton","500+","11 de julho de 2026 às 19:50:00 UTC-3","11 de julho de 2026 às 21:00:00 UTC-3","bobby charlton","./explore?q=bobby%20charlton&geo=BR"
"margaret qualley","1 mil+","8 de julho de 2026 às 14:00:00 UTC-3","9 de julho de 2026 às 03:00:00 UTC-3","margaret qualley","./explore?q=margaret%20qualley&geo=BR"
"simeone","2 mil+","7 de julho de 2026 às 14:30:00 UTC-3","7 de julho de 2026 às 16:00:00 UTC-3","simeone","./explore?q=simeone&geo=BR"
"motorista","500+","10 de julho de 2026 às 07:00:00 UTC-3","10 de julho de 2026 às 09:00:00 UTC-3","motorista","./explore?q=motorista&geo=BR"
"solange","200+","12 de julho de 2026 às 22:30:00 UTC-3","12 de julho de 2026 às 23:10:00 UTC-3","solange","./explore?q=solange&geo=BR"
"marcio correia de oliveira","1 mil+","7 de julho de 2026 às 17:10:00 UTC-3","7 de julho de 2026 às 20:10:00 UTC-3","marcio correia de oliveira,márcio canella","./explore?q=marcio%20correia%20de%20oliveira&geo=BR"
"oyarzabal","1 mil+","10 de julho de 2026 às 16:40:00 UTC-3","10 de julho de 2026 às 17:50:00 UTC-3","oyarzabal","./explore?q=oyarzabal&geo=BR"
"spence inglaterra","500+","11 de julho de 2026 às 19:50:00 UTC-3","11 de julho de 2026 às 21:00:00 UTC-3","spence inglaterra","./explore?q=spence%20inglaterra&geo=BR"
"dimaria","200+","12 de julho de 2026 às 00:20:00 UTC-3","12 de julho de 2026 às 01:30:00 UTC-3","dimaria","./explore?q=dimaria&geo=BR"
"lateral","200+","12 de julho de 2026 às 18:50:00 UTC-3","12 de julho de 2026 às 19:40:00 UTC-3","lateral","./explore?q=lateral&geo=BR"
"mbappe ditador","1 mil+","9 de julho de 2026 às 17:20:00 UTC-3","9 de julho de 2026 às 19:30:00 UTC-3","mbappe ditador,mbappe ditador meme","./explore?q=mbappe%20ditador&geo=BR"
"alex baena","500+","10 de julho de 2026 às 16:10:00 UTC-3","10 de julho de 2026 às 17:40:00 UTC-3","alex baena","./explore?q=alex%20baena&geo=BR"
"renato góes","1 mil+","8 de julho de 2026 às 19:50:00 UTC-3","9 de julho de 2026 às 08:00:00 UTC-3","renato góes,tata werneck","./explore?q=renato%20g%C3%B3es&geo=BR"
"pmma","200+","11 de julho de 2026 às 07:30:00 UTC-3","11 de julho de 2026 às 09:40:00 UTC-3","pmma","./explore?q=pmma&geo=BR"
"julia roberts","200+","11 de julho de 2026 às 06:30:00 UTC-3","11 de julho de 2026 às 10:20:00 UTC-3","julia roberts","./explore?q=julia%20roberts&geo=BR"
"dynamo kyiv universitatea cluj 09/07/2026","1 mil+","9 de julho de 2026 às 14:10:00 UTC-3","9 de julho de 2026 às 16:20:00 UTC-3","dynamo kyiv universitatea cluj 09/07/2026","./explore?q=dynamo%20kyiv%20universitatea%20cluj%2009%2F07%2F2026&geo=BR"
"kristina mladenovic","200+","12 de julho de 2026 às 10:40:00 UTC-3","12 de julho de 2026 às 11:30:00 UTC-3","kristina mladenovic,guo hanyu","./explore?q=kristina%20mladenovic&geo=BR"
"programacao sbt","500+","11 de julho de 2026 às 17:40:00 UTC-3","11 de julho de 2026 às 18:50:00 UTC-3","programacao sbt","./explore?q=programacao%20sbt&geo=BR"
"fisiculturismo","200+","12 de julho de 2026 às 12:10:00 UTC-3","12 de julho de 2026 às 13:10:00 UTC-3","fisiculturismo","./explore?q=fisiculturismo&geo=BR"
"bragantino","200+","11 de julho de 2026 às 10:50:00 UTC-3","11 de julho de 2026 às 12:50:00 UTC-3","bragantino","./explore?q=bragantino&geo=BR"
"colorado rapids","500+","9 de julho de 2026 às 22:30:00 UTC-3","10 de julho de 2026 às 01:00:00 UTC-3","colorado rapids","./explore?q=colorado%20rapids&geo=BR"
"metal","500+","9 de julho de 2026 às 05:40:00 UTC-3","9 de julho de 2026 às 09:20:00 UTC-3","metal","./explore?q=metal&geo=BR"
"privacidade","1 mil+","7 de julho de 2026 às 04:10:00 UTC-3","7 de julho de 2026 às 10:00:00 UTC-3","privacidade","./explore?q=privacidade&geo=BR"
"ulsan hyundai x jeonbuk hyundai","200+","11 de julho de 2026 às 08:00:00 UTC-3","11 de julho de 2026 às 10:10:00 UTC-3","ulsan hyundai x jeonbuk hyundai","./explore?q=ulsan%20hyundai%20x%20jeonbuk%20hyundai&geo=BR"
"chatgpt","1 mil+","9 de julho de 2026 às 12:40:00 UTC-3","9 de julho de 2026 às 18:10:00 UTC-3","chatgpt,codex,6,gpt","./explore?q=chatgpt&geo=BR"
"avenida brasil","1 mil+","9 de julho de 2026 às 15:50:00 UTC-3","9 de julho de 2026 às 17:20:00 UTC-3","avenida brasil","./explore?q=avenida%20brasil&geo=BR"
"exame nacional de desempenho de estudantes","200+","10 de julho de 2026 às 23:40:00 UTC-3","11 de julho de 2026 às 08:10:00 UTC-3","exame nacional de desempenho de estudantes","./explore?q=exame%20nacional%20de%20desempenho%20de%20estudantes&geo=BR"
"seleção brasileira futebol","500+","9 de julho de 2026 às 15:40:00 UTC-3","9 de julho de 2026 às 17:50:00 UTC-3","seleção brasileira futebol","./explore?q=sele%C3%A7%C3%A3o%20brasileira%20futebol&geo=BR"
"previsão do tempo joinville","100+","13 de julho de 2026 às 06:40:00 UTC-3","13 de julho de 2026 às 07:10:00 UTC-3","previsão do tempo joinville","./explore?q=previs%C3%A3o%20do%20tempo%20joinville&geo=BR"
"defesa civil do estado de são paulo","500+","9 de julho de 2026 às 05:20:00 UTC-3","9 de julho de 2026 às 09:40:00 UTC-3","defesa civil do estado de são paulo","./explore?q=defesa%20civil%20do%20estado%20de%20s%C3%A3o%20paulo&geo=BR"
"maratona new balance porto alegre","500+","12 de julho de 2026 às 09:10:00 UTC-3","12 de julho de 2026 às 10:30:00 UTC-3","maratona new balance porto alegre,maratona de porto alegre 2026,kipchoge,maratona porto alegre 2026","./explore?q=maratona%20new%20balance%20porto%20alegre&geo=BR"
"nathan ngoy","500+","10 de julho de 2026 às 15:50:00 UTC-3","10 de julho de 2026 às 18:00:00 UTC-3","nathan ngoy","./explore?q=nathan%20ngoy&geo=BR"
"v","500+","13 de julho de 2026 às 05:10:00 UTC-3","13 de julho de 2026 às 06:00:00 UTC-3","v,opta","./explore?q=v&geo=BR"
"nico gonzalez","200+","11 de julho de 2026 às 23:50:00 UTC-3","12 de julho de 2026 às 01:00:00 UTC-3","nico gonzalez","./explore?q=nico%20gonzalez&geo=BR"
"rashford","500+","11 de julho de 2026 às 19:50:00 UTC-3","11 de julho de 2026 às 20:50:00 UTC-3","rashford","./explore?q=rashford&geo=BR"
"radio online","1 mil+","10 de julho de 2026 às 07:40:00 UTC-3","10 de julho de 2026 às 09:00:00 UTC-3","radio online","./explore?q=radio%20online&geo=BR"
"goleada","500+","10 de julho de 2026 às 06:10:00 UTC-3","10 de julho de 2026 às 09:00:00 UTC-3","goleada","./explore?q=goleada&geo=BR"
"roger guedes","500+","7 de julho de 2026 às 21:50:00 UTC-3","8 de julho de 2026 às 02:30:00 UTC-3","roger guedes","./explore?q=roger%20guedes&geo=BR"
"ferrolho suiço","200+","12 de julho de 2026 às 00:10:00 UTC-3","12 de julho de 2026 às 01:20:00 UTC-3","ferrolho suiço","./explore?q=ferrolho%20sui%C3%A7o&geo=BR"
"it bag","200+","11 de julho de 2026 às 08:20:00 UTC-3","11 de julho de 2026 às 10:10:00 UTC-3","it bag","./explore?q=it%20bag&geo=BR"
"kairat","1 mil+","8 de julho de 2026 às 12:40:00 UTC-3","8 de julho de 2026 às 15:00:00 UTC-3","kairat","./explore?q=kairat&geo=BR"
"pep guardiola","200+","11 de julho de 2026 às 17:50:00 UTC-3","11 de julho de 2026 às 19:00:00 UTC-3","pep guardiola","./explore?q=pep%20guardiola&geo=BR"
"band","500+","11 de julho de 2026 às 15:50:00 UTC-3","11 de julho de 2026 às 16:50:00 UTC-3","band","./explore?q=band&geo=BR"
"weather","1 mil+","8 de julho de 2026 às 07:00:00 UTC-3","9 de julho de 2026 às 03:20:00 UTC-3","weather","./explore?q=weather&geo=BR"
"raquel lyra","500+","7 de julho de 2026 às 18:40:00 UTC-3","8 de julho de 2026 às 08:10:00 UTC-3","raquel lyra","./explore?q=raquel%20lyra&geo=BR"
"mateus da costa meira","2 mil+","9 de julho de 2026 às 10:40:00 UTC-3","9 de julho de 2026 às 13:00:00 UTC-3","mateus da costa meira,crime,correio da bahia","./explore?q=mateus%20da%20costa%20meira&geo=BR"
"sao bernardo","200+","12 de julho de 2026 às 17:10:00 UTC-3","12 de julho de 2026 às 18:20:00 UTC-3","sao bernardo","./explore?q=sao%20bernardo&geo=BR"
"atletico mg","100+","13 de julho de 2026 às 06:20:00 UTC-3","13 de julho de 2026 às 07:20:00 UTC-3","atletico mg","./explore?q=atletico%20mg&geo=BR"
"flavia","1 mil+","8 de julho de 2026 às 21:10:00 UTC-3","8 de julho de 2026 às 23:10:00 UTC-3","flavia,otaviano costa","./explore?q=flavia&geo=BR"
"camila queiroz","500+","7 de julho de 2026 às 22:00:00 UTC-3","8 de julho de 2026 às 16:20:00 UTC-3","camila queiroz","./explore?q=camila%20queiroz&geo=BR"
"italia","200+","11 de julho de 2026 às 09:10:00 UTC-3","11 de julho de 2026 às 10:40:00 UTC-3","italia","./explore?q=italia&geo=BR"
"valentín barco","200+","12 de julho de 2026 às 00:50:00 UTC-3","12 de julho de 2026 às 01:50:00 UTC-3","valentín barco","./explore?q=valent%C3%ADn%20barco&geo=BR"
"esportes","5 mil+","7 de julho de 2026 às 15:10:00 UTC-3","7 de julho de 2026 às 16:00:00 UTC-3","esportes","./explore?q=esportes&geo=BR"
"ticiane pinheiro","200+","11 de julho de 2026 às 16:30:00 UTC-3","11 de julho de 2026 às 17:40:00 UTC-3","ticiane pinheiro","./explore?q=ticiane%20pinheiro&geo=BR"
"farid basharat","200+","11 de julho de 2026 às 18:40:00 UTC-3","11 de julho de 2026 às 19:40:00 UTC-3","farid basharat","./explore?q=farid%20basharat&geo=BR"
"antonio fagundes","200+","12 de julho de 2026 às 08:50:00 UTC-3","12 de julho de 2026 às 10:00:00 UTC-3","antonio fagundes","./explore?q=antonio%20fagundes&geo=BR"
"brandon mechele","500+","10 de julho de 2026 às 15:50:00 UTC-3","10 de julho de 2026 às 17:50:00 UTC-3","brandon mechele","./explore?q=brandon%20mechele&geo=BR"
"uol","20 mil+","7 de julho de 2026 às 15:20:00 UTC-3","7 de julho de 2026 às 16:00:00 UTC-3","uol","./explore?q=uol&geo=BR"
"nissan","1 mil+","7 de julho de 2026 às 07:50:00 UTC-3","7 de julho de 2026 às 10:50:00 UTC-3","nissan","./explore?q=nissan&geo=BR"
"a noruega perdeu","500+","11 de julho de 2026 às 21:30:00 UTC-3","12 de julho de 2026 às 07:50:00 UTC-3","a noruega perdeu,noruega perdeu a copa","./explore?q=a%20noruega%20perdeu&geo=BR"
"honda wr-v","500+","8 de julho de 2026 às 06:10:00 UTC-3","8 de julho de 2026 às 09:30:00 UTC-3","honda wr-v","./explore?q=honda%20wr-v&geo=BR"
"sevilla","200+","11 de julho de 2026 às 17:00:00 UTC-3","11 de julho de 2026 às 18:20:00 UTC-3","sevilla","./explore?q=sevilla&geo=BR"
"ambulância","1 mil+","8 de julho de 2026 às 13:50:00 UTC-3","8 de julho de 2026 às 20:10:00 UTC-3","ambulância","./explore?q=ambul%C3%A2ncia&geo=BR"
"iphone","1 mil+","7 de julho de 2026 às 00:50:00 UTC-3","7 de julho de 2026 às 03:10:00 UTC-3","iphone","./explore?q=iphone&geo=BR"
"antofagasta x cobresal","200+","12 de julho de 2026 às 14:00:00 UTC-3","12 de julho de 2026 às 14:50:00 UTC-3","antofagasta x cobresal","./explore?q=antofagasta%20x%20cobresal&geo=BR"
"trezeguet","2 mil+","7 de julho de 2026 às 14:50:00 UTC-3","7 de julho de 2026 às 15:40:00 UTC-3","trezeguet","./explore?q=trezeguet&geo=BR"
"assalto","500+","9 de julho de 2026 às 06:30:00 UTC-3","9 de julho de 2026 às 09:00:00 UTC-3","assalto","./explore?q=assalto&geo=BR"
"videos","1 mil+","11 de julho de 2026 às 04:20:00 UTC-3","11 de julho de 2026 às 07:30:00 UTC-3","videos,araujo","./explore?q=videos&geo=BR"
"liverpool","200+","11 de julho de 2026 às 18:50:00 UTC-3","11 de julho de 2026 às 19:50:00 UTC-3","liverpool","./explore?q=liverpool&geo=BR"
"michael oliver","500+","10 de julho de 2026 às 16:30:00 UTC-3","10 de julho de 2026 às 17:40:00 UTC-3","michael oliver","./explore?q=michael%20oliver&geo=BR"
"copa 2014","200+","12 de julho de 2026 às 00:40:00 UTC-3","12 de julho de 2026 às 01:40:00 UTC-3","copa 2014","./explore?q=copa%202014&geo=BR"
"romero argentina","200+","12 de julho de 2026 às 00:10:00 UTC-3","12 de julho de 2026 às 01:20:00 UTC-3","romero argentina","./explore?q=romero%20argentina&geo=BR"
"calendário","1 mil+","10 de julho de 2026 às 17:10:00 UTC-3","10 de julho de 2026 às 18:20:00 UTC-3","calendário","./explore?q=calend%C3%A1rio&geo=BR"
"boeing","500+","10 de julho de 2026 às 18:20:00 UTC-3","10 de julho de 2026 às 19:30:00 UTC-3","boeing","./explore?q=boeing&geo=BR"
"endometriose","500+","9 de julho de 2026 às 23:00:00 UTC-3","10 de julho de 2026 às 07:00:00 UTC-3","endometriose","./explore?q=endometriose&geo=BR"
"palmeiras feminino","500+","9 de julho de 2026 às 19:50:00 UTC-3","9 de julho de 2026 às 22:10:00 UTC-3","palmeiras feminino","./explore?q=palmeiras%20feminino&geo=BR"
"evil dead burn","200+","10 de julho de 2026 às 00:20:00 UTC-3","10 de julho de 2026 às 03:30:00 UTC-3","evil dead burn","./explore?q=evil%20dead%20burn&geo=BR"
"mari gonzalez","500+","9 de julho de 2026 às 07:50:00 UTC-3","9 de julho de 2026 às 12:30:00 UTC-3","mari gonzalez","./explore?q=mari%20gonzalez&geo=BR"
"hotel","1 mil+","7 de julho de 2026 às 02:10:00 UTC-3","7 de julho de 2026 às 13:30:00 UTC-3","hotel","./explore?q=hotel&geo=BR"
"fournier","200+","9 de julho de 2026 às 00:30:00 UTC-3","9 de julho de 2026 às 07:10:00 UTC-3","fournier","./explore?q=fournier&geo=BR"
"previsão do tempo foz do iguaçu","500+","10 de julho de 2026 às 05:00:00 UTC-3","10 de julho de 2026 às 08:20:00 UTC-3","previsão do tempo foz do iguaçu","./explore?q=previs%C3%A3o%20do%20tempo%20foz%20do%20igua%C3%A7u&geo=BR"
"spain","500+","10 de julho de 2026 às 17:50:00 UTC-3","10 de julho de 2026 às 19:10:00 UTC-3","spain","./explore?q=spain&geo=BR"
"flavio cobolli","500+","8 de julho de 2026 às 12:00:00 UTC-3","8 de julho de 2026 às 14:50:00 UTC-3","flavio cobolli","./explore?q=flavio%20cobolli&geo=BR"
"messi autista","200+","11 de julho de 2026 às 23:50:00 UTC-3","12 de julho de 2026 às 01:00:00 UTC-3","messi autista","./explore?q=messi%20autista&geo=BR"
"embolo","1 mil+","7 de julho de 2026 às 17:20:00 UTC-3","7 de julho de 2026 às 19:40:00 UTC-3","embolo","./explore?q=embolo&geo=BR"
"festival italia moderna","200+","11 de julho de 2026 às 12:50:00 UTC-3","11 de julho de 2026 às 14:00:00 UTC-3","festival italia moderna","./explore?q=festival%20italia%20moderna&geo=BR"
"ryerson noruega","200+","11 de julho de 2026 às 19:10:00 UTC-3","11 de julho de 2026 às 20:20:00 UTC-3","ryerson noruega","./explore?q=ryerson%20noruega&geo=BR"
"gustavo puerta","1 mil+","7 de julho de 2026 às 17:40:00 UTC-3","7 de julho de 2026 às 19:10:00 UTC-3","gustavo puerta","./explore?q=gustavo%20puerta&geo=BR"
"resultado da quina de hoje","2 mil+","7 de julho de 2026 às 21:30:00 UTC-3","7 de julho de 2026 às 22:40:00 UTC-3","resultado da quina de hoje,resultado da quina concurso 7058,resultado da quina de ontem","./explore?q=resultado%20da%20quina%20de%20hoje&geo=BR"
"fraternidade sacerdotal de são pio x","100+","13 de julho de 2026 às 10:50:00 UTC-3","13 de julho de 2026 às 11:10:00 UTC-3","fraternidade sacerdotal de são pio x","./explore?q=fraternidade%20sacerdotal%20de%20s%C3%A3o%20pio%20x&geo=BR"
"charles iii","500+","10 de julho de 2026 às 19:00:00 UTC-3","10 de julho de 2026 às 20:30:00 UTC-3","charles iii","./explore?q=charles%20iii&geo=BR"
"beto carrero","500+","9 de julho de 2026 às 22:50:00 UTC-3","10 de julho de 2026 às 00:10:00 UTC-3","beto carrero","./explore?q=beto%20carrero&geo=BR"
"jogadores da inglaterra","200+","11 de julho de 2026 às 20:50:00 UTC-3","11 de julho de 2026 às 21:40:00 UTC-3","jogadores da inglaterra","./explore?q=jogadores%20da%20inglaterra&geo=BR"
"bradesco fora do ar","1 mil+","9 de julho de 2026 às 17:00:00 UTC-3","9 de julho de 2026 às 18:30:00 UTC-3","bradesco fora do ar,app bradesco fora do ar","./explore?q=bradesco%20fora%20do%20ar&geo=BR"
"marco buzzi","1 mil+","8 de julho de 2026 às 10:00:00 UTC-3","8 de julho de 2026 às 12:20:00 UTC-3","marco buzzi","./explore?q=marco%20buzzi&geo=BR"
"luverdense","200+","12 de julho de 2026 às 19:50:00 UTC-3","12 de julho de 2026 às 20:20:00 UTC-3","luverdense,guaporé x luverdense","./explore?q=luverdense&geo=BR"
"horóscopo","1 mil+","7 de julho de 2026 às 05:50:00 UTC-3","7 de julho de 2026 às 08:10:00 UTC-3","horóscopo,zodíaco,horoscopo do dia","./explore?q=hor%C3%B3scopo&geo=BR"
"pique","1 mil+","9 de julho de 2026 às 17:30:00 UTC-3","9 de julho de 2026 às 18:40:00 UTC-3","pique","./explore?q=pique&geo=BR"
"sk brann","200+","12 de julho de 2026 às 13:50:00 UTC-3","12 de julho de 2026 às 14:30:00 UTC-3","sk brann","./explore?q=sk%20brann&geo=BR"
"haissem hassan","500+","7 de julho de 2026 às 13:10:00 UTC-3","7 de julho de 2026 às 16:10:00 UTC-3","haissem hassan","./explore?q=haissem%20hassan&geo=BR"
"franc","500+","9 de julho de 2026 às 17:50:00 UTC-3","9 de julho de 2026 às 19:40:00 UTC-3","franc","./explore?q=franc&geo=BR"
"laporte","500+","10 de julho de 2026 às 17:40:00 UTC-3","10 de julho de 2026 às 18:50:00 UTC-3","laporte","./explore?q=laporte&geo=BR"
"alvarez argentina","200+","12 de julho de 2026 às 00:40:00 UTC-3","12 de julho de 2026 às 01:40:00 UTC-3","alvarez argentina","./explore?q=alvarez%20argentina&geo=BR"
"cupom mercado livre","2 mil+","7 de julho de 2026 às 22:20:00 UTC-3","8 de julho de 2026 às 00:50:00 UTC-3","cupom mercado livre","./explore?q=cupom%20mercado%20livre&geo=BR"
"concurso inss 2026","500+","8 de julho de 2026 às 18:50:00 UTC-3","8 de julho de 2026 às 21:30:00 UTC-3","concurso inss 2026","./explore?q=concurso%20inss%202026&geo=BR"
"leandra leal","500+","9 de julho de 2026 às 19:40:00 UTC-3","9 de julho de 2026 às 21:00:00 UTC-3","leandra leal","./explore?q=leandra%20leal&geo=BR"
"cristina ranzolin","1 mil+","8 de julho de 2026 às 12:10:00 UTC-3","8 de julho de 2026 às 14:00:00 UTC-3","cristina ranzolin","./explore?q=cristina%20ranzolin&geo=BR"
"test","100+","13 de julho de 2026 às 12:00:00 UTC-3","13 de julho de 2026 às 12:20:00 UTC-3","test","./explore?q=test&geo=BR"
"resiliência","500+","9 de julho de 2026 às 05:40:00 UTC-3","9 de julho de 2026 às 12:20:00 UTC-3","resiliência","./explore?q=resili%C3%AAncia&geo=BR"
"david beckham filhos","200+","11 de julho de 2026 às 20:50:00 UTC-3","11 de julho de 2026 às 21:50:00 UTC-3","david beckham filhos","./explore?q=david%20beckham%20filhos&geo=BR"
"martinez argentina","200+","12 de julho de 2026 às 00:40:00 UTC-3","12 de julho de 2026 às 01:40:00 UTC-3","martinez argentina","./explore?q=martinez%20argentina&geo=BR"
"tjsp","2 mil+","8 de julho de 2026 às 16:30:00 UTC-3","8 de julho de 2026 às 18:40:00 UTC-3","tjsp","./explore?q=tjsp&geo=BR"
"psg","500+","9 de julho de 2026 às 17:40:00 UTC-3","9 de julho de 2026 às 19:40:00 UTC-3","psg","./explore?q=psg&geo=BR"
"grupo volkswagen","200+","11 de julho de 2026 às 11:40:00 UTC-3","11 de julho de 2026 às 12:40:00 UTC-3","grupo volkswagen","./explore?q=grupo%20volkswagen&geo=BR"
"marta kostyuk","500+","8 de julho de 2026 às 10:00:00 UTC-3","8 de julho de 2026 às 12:10:00 UTC-3","marta kostyuk","./explore?q=marta%20kostyuk&geo=BR"
"estádio do algarve","200+","11 de julho de 2026 às 17:10:00 UTC-3","11 de julho de 2026 às 18:10:00 UTC-3","estádio do algarve","./explore?q=est%C3%A1dio%20do%20algarve&geo=BR"
"atacante","500+","9 de julho de 2026 às 16:30:00 UTC-3","9 de julho de 2026 às 17:50:00 UTC-3","atacante","./explore?q=atacante&geo=BR"
"king","200+","11 de julho de 2026 às 19:00:00 UTC-3","11 de julho de 2026 às 20:10:00 UTC-3","king","./explore?q=king&geo=BR"
"françois letexier","2 mil+","7 de julho de 2026 às 14:50:00 UTC-3","7 de julho de 2026 às 16:10:00 UTC-3","françois letexier,letexier,argentine – égypte","./explore?q=fran%C3%A7ois%20letexier&geo=BR"
"paramount ufc","200+","12 de julho de 2026 às 00:30:00 UTC-3","12 de julho de 2026 às 01:30:00 UTC-3","paramount ufc","./explore?q=paramount%20ufc&geo=BR"
"flights","100+","13 de julho de 2026 às 14:00:00 UTC-3","13 de julho de 2026 às 14:20:00 UTC-3","flights","./explore?q=flights&geo=BR"
"esporte","100+","12 de julho de 2026 às 05:30:00 UTC-3","12 de julho de 2026 às 08:00:00 UTC-3","esporte","./explore?q=esporte&geo=BR"
"10 de julho","200+","10 de julho de 2026 às 06:00:00 UTC-3","10 de julho de 2026 às 08:50:00 UTC-3","10 de julho","./explore?q=10%20de%20julho&geo=BR"
"detran rn","1 mil+","10 de julho de 2026 às 08:10:00 UTC-3","10 de julho de 2026 às 09:30:00 UTC-3","detran rn","./explore?q=detran%20rn&geo=BR"
"andré luiz frambach","500+","9 de julho de 2026 às 20:10:00 UTC-3","9 de julho de 2026 às 21:20:00 UTC-3","andré luiz frambach,larissa manoela","./explore?q=andr%C3%A9%20luiz%20frambach&geo=BR"
"fenerbahçe","200+","11 de julho de 2026 às 14:50:00 UTC-3","11 de julho de 2026 às 16:00:00 UTC-3","fenerbahçe","./explore?q=fenerbah%C3%A7e&geo=BR"
"apagao","1 mil+","7 de julho de 2026 às 19:10:00 UTC-3","7 de julho de 2026 às 20:50:00 UTC-3","apagao,apagão,falta de energia","./explore?q=apagao&geo=BR"
"mads mikkelsen","1 mil+","7 de julho de 2026 às 18:50:00 UTC-3","7 de julho de 2026 às 20:50:00 UTC-3","mads mikkelsen","./explore?q=mads%20mikkelsen&geo=BR"
"oliver kahn","500+","7 de julho de 2026 às 11:10:00 UTC-3","7 de julho de 2026 às 14:10:00 UTC-3","oliver kahn","./explore?q=oliver%20kahn&geo=BR"
"teams","1 mil+","8 de julho de 2026 às 16:10:00 UTC-3","8 de julho de 2026 às 19:20:00 UTC-3","teams","./explore?q=teams&geo=BR"
"pizza hut","500+","10 de julho de 2026 às 19:40:00 UTC-3","10 de julho de 2026 às 21:00:00 UTC-3","pizza hut","./explore?q=pizza%20hut&geo=BR"
"goat","1 mil+","7 de julho de 2026 às 15:00:00 UTC-3","7 de julho de 2026 às 16:30:00 UTC-3","goat","./explore?q=goat&geo=BR"
"resultado da milionária","500+","12 de julho de 2026 às 06:10:00 UTC-3","12 de julho de 2026 às 07:20:00 UTC-3","resultado da milionária,resultado da federal de ontem,milionária","./explore?q=resultado%20da%20milion%C3%A1ria&geo=BR"
"patrimônio","500+","8 de julho de 2026 às 12:30:00 UTC-3","8 de julho de 2026 às 16:40:00 UTC-3","patrimônio","./explore?q=patrim%C3%B4nio&geo=BR"
"audax italiano","200+","11 de julho de 2026 às 17:10:00 UTC-3","11 de julho de 2026 às 18:20:00 UTC-3","audax italiano","./explore?q=audax%20italiano&geo=BR"
"geovana","500+","10 de julho de 2026 às 12:10:00 UTC-3","10 de julho de 2026 às 14:00:00 UTC-3","geovana","./explore?q=geovana&geo=BR"
"onda de calor","500+","8 de julho de 2026 às 16:10:00 UTC-3","8 de julho de 2026 às 18:10:00 UTC-3","onda de calor","./explore?q=onda%20de%20calor&geo=BR"
"cte","200+","8 de julho de 2026 às 00:40:00 UTC-3","8 de julho de 2026 às 06:10:00 UTC-3","cte","./explore?q=cte&geo=BR"
"cole palmer","500+","11 de julho de 2026 às 18:50:00 UTC-3","11 de julho de 2026 às 20:20:00 UTC-3","cole palmer","./explore?q=cole%20palmer&geo=BR"
"zaire emery","500+","9 de julho de 2026 às 18:30:00 UTC-3","9 de julho de 2026 às 19:40:00 UTC-3","zaire emery,warren zaïre-emery","./explore?q=zaire%20emery&geo=BR"
"rodrigo de paul","1 mil+","7 de julho de 2026 às 13:50:00 UTC-3","7 de julho de 2026 às 15:40:00 UTC-3","rodrigo de paul","./explore?q=rodrigo%20de%20paul&geo=BR"
"jogos futebol hoje ao vivo","1 mil+","7 de julho de 2026 às 14:00:00 UTC-3","7 de julho de 2026 às 16:00:00 UTC-3","jogos futebol hoje ao vivo","./explore?q=jogos%20futebol%20hoje%20ao%20vivo&geo=BR"
"noruega e inglaterra","1 mil+","7 de julho de 2026 às 15:10:00 UTC-3","7 de julho de 2026 às 21:00:00 UTC-3","noruega e inglaterra","./explore?q=noruega%20e%20inglaterra&geo=BR"
"táxi","1 mil+","7 de julho de 2026 às 10:10:00 UTC-3","7 de julho de 2026 às 12:10:00 UTC-3","táxi","./explore?q=t%C3%A1xi&geo=BR"
"mamelodi sundowns","200+","11 de julho de 2026 às 11:40:00 UTC-3","11 de julho de 2026 às 12:50:00 UTC-3","mamelodi sundowns","./explore?q=mamelodi%20sundowns&geo=BR"
"france","500+","9 de julho de 2026 às 18:30:00 UTC-3","9 de julho de 2026 às 19:30:00 UTC-3","france","./explore?q=france&geo=BR"
"r7","500+","8 de julho de 2026 às 16:00:00 UTC-3","8 de julho de 2026 às 19:20:00 UTC-3","r7","./explore?q=r7&geo=BR"
"ibrahimovic","500+","9 de julho de 2026 às 19:30:00 UTC-3","9 de julho de 2026 às 20:30:00 UTC-3","ibrahimovic","./explore?q=ibrahimovic&geo=BR"
"mcdonald's","200+","12 de julho de 2026 às 03:40:00 UTC-3","12 de julho de 2026 às 05:00:00 UTC-3","mcdonald's","./explore?q=mcdonald%27s&geo=BR"
"david s. goyer","100+","12 de julho de 2026 às 16:10:00 UTC-3","12 de julho de 2026 às 17:00:00 UTC-3","david s. goyer","./explore?q=david%20s.%20goyer&geo=BR"
"9","100+","13 de julho de 2026 às 03:50:00 UTC-3","13 de julho de 2026 às 06:30:00 UTC-3","9","./explore?q=9&geo=BR"
"pablo e luizão","500+","7 de julho de 2026 às 22:20:00 UTC-3","8 de julho de 2026 às 00:00:00 UTC-3","pablo e luizão","./explore?q=pablo%20e%20luiz%C3%A3o&geo=BR"
"como","200+","10 de julho de 2026 às 03:40:00 UTC-3","10 de julho de 2026 às 06:50:00 UTC-3","como","./explore?q=como&geo=BR"
"titulos copa do mundo","1 mil+","7 de julho de 2026 às 14:50:00 UTC-3","7 de julho de 2026 às 16:20:00 UTC-3","titulos copa do mundo","./explore?q=titulos%20copa%20do%20mundo&geo=BR"
"gakuran codes","500+","8 de julho de 2026 às 00:00:00 UTC-3","8 de julho de 2026 às 04:40:00 UTC-3","gakuran codes","./explore?q=gakuran%20codes&geo=BR"
"rodovia dos imigrantes","500+","7 de julho de 2026 às 19:50:00 UTC-3","8 de julho de 2026 às 08:10:00 UTC-3","rodovia dos imigrantes","./explore?q=rodovia%20dos%20imigrantes&geo=BR"
"harry kane altura","200+","11 de julho de 2026 às 20:00:00 UTC-3","11 de julho de 2026 às 21:10:00 UTC-3","harry kane altura","./explore?q=harry%20kane%20altura&geo=BR"
"capotamento","1 mil+","7 de julho de 2026 às 13:00:00 UTC-3","7 de julho de 2026 às 14:20:00 UTC-3","capotamento","./explore?q=capotamento&geo=BR"
"reeleição","500+","9 de julho de 2026 às 07:50:00 UTC-3","9 de julho de 2026 às 09:30:00 UTC-3","reeleição","./explore?q=reelei%C3%A7%C3%A3o&geo=BR"
"amazonas fc","200+","12 de julho de 2026 às 12:50:00 UTC-3","12 de julho de 2026 às 13:20:00 UTC-3","amazonas fc","./explore?q=amazonas%20fc&geo=BR"
"ole","200+","12 de julho de 2026 às 01:10:00 UTC-3","12 de julho de 2026 às 02:00:00 UTC-3","ole","./explore?q=ole&geo=BR"
"x men 97","500+","8 de julho de 2026 às 21:10:00 UTC-3","9 de julho de 2026 às 08:50:00 UTC-3","x men 97","./explore?q=x%20men%2097&geo=BR"
"tempo integral","500+","8 de julho de 2026 às 15:10:00 UTC-3","8 de julho de 2026 às 17:40:00 UTC-3","tempo integral","./explore?q=tempo%20integral&geo=BR"
"coco gauff","500+","7 de julho de 2026 às 10:10:00 UTC-3","7 de julho de 2026 às 12:50:00 UTC-3","coco gauff","./explore?q=coco%20gauff&geo=BR"
"halaand","500+","9 de julho de 2026 às 12:10:00 UTC-3","9 de julho de 2026 às 13:20:00 UTC-3","halaand","./explore?q=halaand&geo=BR"
"ônibus","500+","8 de julho de 2026 às 11:50:00 UTC-3","8 de julho de 2026 às 13:30:00 UTC-3","ônibus","./explore?q=%C3%B4nibus&geo=BR"
"marte","500+","9 de julho de 2026 às 12:20:00 UTC-3","9 de julho de 2026 às 13:50:00 UTC-3","marte","./explore?q=marte&geo=BR"
"inglaterra e noruega","500+","9 de julho de 2026 às 18:50:00 UTC-3","9 de julho de 2026 às 20:10:00 UTC-3","inglaterra e noruega","./explore?q=inglaterra%20e%20noruega&geo=BR"
"irmao do bellingham","500+","11 de julho de 2026 às 20:50:00 UTC-3","11 de julho de 2026 às 21:30:00 UTC-3","irmao do bellingham,bellingham irmao","./explore?q=irmao%20do%20bellingham&geo=BR"
"band","500+","8 de julho de 2026 às 16:30:00 UTC-3","8 de julho de 2026 às 18:40:00 UTC-3","band","./explore?q=band&geo=BR"
"previsão do tempo rj","500+","10 de julho de 2026 às 05:40:00 UTC-3","10 de julho de 2026 às 07:00:00 UTC-3","previsão do tempo rj,tempo rio de janeiro,previsao do tempo rio de janeiro","./explore?q=previs%C3%A3o%20do%20tempo%20rj&geo=BR"
"z","100+","12 de julho de 2026 às 03:40:00 UTC-3","12 de julho de 2026 às 05:30:00 UTC-3","z","./explore?q=z&geo=BR"
"mglu3","200+","10 de julho de 2026 às 18:10:00 UTC-3","10 de julho de 2026 às 19:10:00 UTC-3","mglu3","./explore?q=mglu3&geo=BR"
"quem ama cuida elenco","500+","10 de julho de 2026 às 22:00:00 UTC-3","10 de julho de 2026 às 22:50:00 UTC-3","quem ama cuida elenco,isabel teixeira","./explore?q=quem%20ama%20cuida%20elenco&geo=BR"
"thierry henry","500+","9 de julho de 2026 às 19:20:00 UTC-3","9 de julho de 2026 às 20:30:00 UTC-3","thierry henry","./explore?q=thierry%20henry&geo=BR"
"titulos copa do mundo","500+","9 de julho de 2026 às 18:50:00 UTC-3","9 de julho de 2026 às 19:30:00 UTC-3","titulos copa do mundo,espanha ja ganhou copa do mundo","./explore?q=titulos%20copa%20do%20mundo&geo=BR"
"manchester united","200+","10 de julho de 2026 às 17:40:00 UTC-3","10 de julho de 2026 às 18:40:00 UTC-3","manchester united","./explore?q=manchester%20united&geo=BR"
"myles garrett","200+","10 de julho de 2026 às 17:10:00 UTC-3","10 de julho de 2026 às 18:20:00 UTC-3","myles garrett","./explore?q=myles%20garrett&geo=BR"
"júri","200+","10 de julho de 2026 às 19:50:00 UTC-3","10 de julho de 2026 às 21:00:00 UTC-3","júri","./explore?q=j%C3%BAri&geo=BR"
"tce ma","500+","7 de julho de 2026 às 15:50:00 UTC-3","7 de julho de 2026 às 18:00:00 UTC-3","tce ma","./explore?q=tce%20ma&geo=BR"
"falência","100+","11 de julho de 2026 às 04:30:00 UTC-3","11 de julho de 2026 às 06:50:00 UTC-3","falência","./explore?q=fal%C3%AAncia&geo=BR"
"tadalafila","200+","11 de julho de 2026 às 05:10:00 UTC-3","11 de julho de 2026 às 06:30:00 UTC-3","tadalafila","./explore?q=tadalafila&geo=BR"
"01:01","200+","11 de julho de 2026 às 00:50:00 UTC-3","11 de julho de 2026 às 02:00:00 UTC-3","01:01","./explore?q=01%3A01&geo=BR"
"benfica fc","200+","11 de julho de 2026 às 17:20:00 UTC-3","11 de julho de 2026 às 18:00:00 UTC-3","benfica fc","./explore?q=benfica%20fc&geo=BR"
"bets","1 mil+","12 de julho de 2026 às 05:20:00 UTC-3","12 de julho de 2026 às 06:20:00 UTC-3","bets,jogos online","./explore?q=bets&geo=BR"
"quartas de final","500+","9 de julho de 2026 às 19:00:00 UTC-3","9 de julho de 2026 às 19:50:00 UTC-3","quartas de final","./explore?q=quartas%20de%20final&geo=BR"
"hacks","500+","8 de julho de 2026 às 14:20:00 UTC-3","8 de julho de 2026 às 15:40:00 UTC-3","hacks,widows bay,emmy nominations 2026,emmy","./explore?q=hacks&geo=BR"
"sukhoi su-35","500+","9 de julho de 2026 às 09:10:00 UTC-3","9 de julho de 2026 às 10:30:00 UTC-3","sukhoi su-35","./explore?q=sukhoi%20su-35&geo=BR"
"tamanduá","200+","7 de julho de 2026 às 04:50:00 UTC-3","7 de julho de 2026 às 08:20:00 UTC-3","tamanduá","./explore?q=tamandu%C3%A1&geo=BR"
"mina","500+","7 de julho de 2026 às 19:20:00 UTC-3","7 de julho de 2026 às 20:30:00 UTC-3","mina","./explore?q=mina&geo=BR"
"maignan","500+","9 de julho de 2026 às 18:50:00 UTC-3","9 de julho de 2026 às 19:50:00 UTC-3","maignan","./explore?q=maignan&geo=BR"
"kate middleton","200+","12 de julho de 2026 às 16:40:00 UTC-3","12 de julho de 2026 às 17:00:00 UTC-3","kate middleton","./explore?q=kate%20middleton&geo=BR"
"brasil e marrocos","500+","9 de julho de 2026 às 18:20:00 UTC-3","9 de julho de 2026 às 19:20:00 UTC-3","brasil e marrocos","./explore?q=brasil%20e%20marrocos&geo=BR"
"paola oliveira","200+","10 de julho de 2026 às 23:40:00 UTC-3","11 de julho de 2026 às 00:50:00 UTC-3","paola oliveira","./explore?q=paola%20oliveira&geo=BR"
"alexandre borges","500+","8 de julho de 2026 às 21:10:00 UTC-3","8 de julho de 2026 às 22:20:00 UTC-3","alexandre borges","./explore?q=alexandre%20borges&geo=BR"
"letícia colin","500+","7 de julho de 2026 às 21:30:00 UTC-3","7 de julho de 2026 às 22:40:00 UTC-3","letícia colin","./explore?q=let%C3%ADcia%20colin&geo=BR"
"quantas copa tem a argentina","200+","12 de julho de 2026 às 01:00:00 UTC-3","12 de julho de 2026 às 01:40:00 UTC-3","quantas copa tem a argentina","./explore?q=quantas%20copa%20tem%20a%20argentina&geo=BR"
"irmao do yamal","200+","10 de julho de 2026 às 18:00:00 UTC-3","10 de julho de 2026 às 19:00:00 UTC-3","irmao do yamal","./explore?q=irmao%20do%20yamal&geo=BR"
"gilberto kassab","500+","7 de julho de 2026 às 17:50:00 UTC-3","7 de julho de 2026 às 19:50:00 UTC-3","gilberto kassab","./explore?q=gilberto%20kassab&geo=BR"
"aécio neves","200+","9 de julho de 2026 às 16:40:00 UTC-3","9 de julho de 2026 às 17:50:00 UTC-3","aécio neves","./explore?q=a%C3%A9cio%20neves&geo=BR"
"windy","100+","11 de julho de 2026 às 06:10:00 UTC-3","11 de julho de 2026 às 07:40:00 UTC-3","windy","./explore?q=windy&geo=BR"
"mobutu","200+","9 de julho de 2026 às 13:10:00 UTC-3","9 de julho de 2026 às 14:20:00 UTC-3","mobutu","./explore?q=mobutu&geo=BR"
"petroleo brent","500+","8 de julho de 2026 às 08:00:00 UTC-3","8 de julho de 2026 às 09:50:00 UTC-3","petroleo brent","./explore?q=petroleo%20brent&geo=BR"
"j. bellingham","200+","11 de julho de 2026 às 20:40:00 UTC-3","11 de julho de 2026 às 21:10:00 UTC-3","j. bellingham","./explore?q=j.%20bellingham&geo=BR"
"previsão do tempo rj","500+","8 de julho de 2026 às 05:00:00 UTC-3","8 de julho de 2026 às 07:10:00 UTC-3","previsão do tempo rj,maior,previsão do tempo rio de janeiro","./explore?q=previs%C3%A3o%20do%20tempo%20rj&geo=BR"
"genk","200+","11 de julho de 2026 às 08:40:00 UTC-3","11 de julho de 2026 às 09:30:00 UTC-3","genk","./explore?q=genk&geo=BR"
"noussair mazraoui","500+","9 de julho de 2026 às 17:10:00 UTC-3","9 de julho de 2026 às 18:10:00 UTC-3","noussair mazraoui","./explore?q=noussair%20mazraoui&geo=BR"
"vieira","200+","9 de julho de 2026 às 22:10:00 UTC-3","9 de julho de 2026 às 23:20:00 UTC-3","vieira","./explore?q=vieira&geo=BR"
"nacional","200+","11 de julho de 2026 às 16:50:00 UTC-3","11 de julho de 2026 às 17:40:00 UTC-3","nacional","./explore?q=nacional&geo=BR"
"fórmula","500+","7 de julho de 2026 às 16:10:00 UTC-3","7 de julho de 2026 às 17:50:00 UTC-3","fórmula","./explore?q=f%C3%B3rmula&geo=BR"
"metropoles","200+","8 de julho de 2026 às 15:50:00 UTC-3","8 de julho de 2026 às 19:20:00 UTC-3","metropoles","./explore?q=metropoles&geo=BR"
"copa argentina","500+","7 de julho de 2026 às 15:00:00 UTC-3","7 de julho de 2026 às 16:10:00 UTC-3","copa argentina","./explore?q=copa%20argentina&geo=BR"
"barcelona","500+","10 de julho de 2026 às 17:20:00 UTC-3","10 de julho de 2026 às 18:30:00 UTC-3","barcelona","./explore?q=barcelona&geo=BR"
"olympiacos","200+","8 de julho de 2026 às 14:30:00 UTC-3","8 de julho de 2026 às 15:50:00 UTC-3","olympiacos","./explore?q=olympiacos&geo=BR"
"férias escolares","200+","10 de julho de 2026 às 05:40:00 UTC-3","10 de julho de 2026 às 07:30:00 UTC-3","férias escolares","./explore?q=f%C3%A9rias%20escolares&geo=BR"
"campeonato brasileiro","200+","9 de julho de 2026 às 05:10:00 UTC-3","9 de julho de 2026 às 07:40:00 UTC-3","campeonato brasileiro","./explore?q=campeonato%20brasileiro&geo=BR"
"fifa copa do mundo 2026","500+","7 de julho de 2026 às 15:00:00 UTC-3","7 de julho de 2026 às 16:10:00 UTC-3","fifa copa do mundo 2026","./explore?q=fifa%20copa%20do%20mundo%202026&geo=BR"
"wallace yan","200+","11 de julho de 2026 às 17:30:00 UTC-3","11 de julho de 2026 às 18:00:00 UTC-3","wallace yan","./explore?q=wallace%20yan&geo=BR"
"previsão do tempo blumenau","200+","10 de julho de 2026 às 06:20:00 UTC-3","10 de julho de 2026 às 07:40:00 UTC-3","previsão do tempo blumenau","./explore?q=previs%C3%A3o%20do%20tempo%20blumenau&geo=BR"
"leandra leal","200+","8 de julho de 2026 às 20:20:00 UTC-3","8 de julho de 2026 às 21:30:00 UTC-3","leandra leal","./explore?q=leandra%20leal&geo=BR"
"palestino","200+","11 de julho de 2026 às 17:50:00 UTC-3","11 de julho de 2026 às 18:30:00 UTC-3","palestino","./explore?q=palestino&geo=BR"
"previsão do tempo sorocaba","500+","7 de julho de 2026 às 06:50:00 UTC-3","7 de julho de 2026 às 08:40:00 UTC-3","previsão do tempo sorocaba","./explore?q=previs%C3%A3o%20do%20tempo%20sorocaba&geo=BR"
"ibaneis rocha","200+","9 de julho de 2026 às 06:10:00 UTC-3","9 de julho de 2026 às 08:30:00 UTC-3","ibaneis rocha","./explore?q=ibaneis%20rocha&geo=BR"
"sabah the new saints 07/07/2026","500+","7 de julho de 2026 às 14:00:00 UTC-3","7 de julho de 2026 às 15:40:00 UTC-3","sabah the new saints 07/07/2026","./explore?q=sabah%20the%20new%20saints%2007%2F07%2F2026&geo=BR"
"rockstar games","100+","12 de julho de 2026 às 06:10:00 UTC-3","12 de julho de 2026 às 06:50:00 UTC-3","rockstar games","./explore?q=rockstar%20games&geo=BR"
"javier milei","200+","10 de julho de 2026 às 19:50:00 UTC-3","10 de julho de 2026 às 20:50:00 UTC-3","javier milei","./explore?q=javier%20milei&geo=BR"
"hans vanaken","500+","10 de julho de 2026 às 16:40:00 UTC-3","10 de julho de 2026 às 17:10:00 UTC-3","hans vanaken","./explore?q=hans%20vanaken&geo=BR"
"wanessa camargo","200+","9 de julho de 2026 às 17:50:00 UTC-3","9 de julho de 2026 às 19:00:00 UTC-3","wanessa camargo","./explore?q=wanessa%20camargo&geo=BR"
"vila velha","200+","9 de julho de 2026 às 18:50:00 UTC-3","9 de julho de 2026 às 19:50:00 UTC-3","vila velha","./explore?q=vila%20velha&geo=BR"
"20:20","200+","10 de julho de 2026 às 20:40:00 UTC-3","10 de julho de 2026 às 21:20:00 UTC-3","20:20","./explore?q=20%3A20&geo=BR"
"fundo partidário","100+","11 de julho de 2026 às 10:10:00 UTC-3","11 de julho de 2026 às 11:20:00 UTC-3","fundo partidário","./explore?q=fundo%20partid%C3%A1rio&geo=BR"
"promotor de justiça","200+","8 de julho de 2026 às 08:50:00 UTC-3","8 de julho de 2026 às 14:00:00 UTC-3","promotor de justiça","./explore?q=promotor%20de%20justi%C3%A7a&geo=BR"
"mglu3","200+","9 de julho de 2026 às 18:20:00 UTC-3","9 de julho de 2026 às 19:10:00 UTC-3","mglu3","./explore?q=mglu3&geo=BR"
"finais de copa do mundo","100+","12 de julho de 2026 às 01:00:00 UTC-3","12 de julho de 2026 às 01:40:00 UTC-3","finais de copa do mundo","./explore?q=finais%20de%20copa%20do%20mundo&geo=BR"
"resultado da timemania","100+","12 de julho de 2026 às 07:20:00 UTC-3","12 de julho de 2026 às 08:00:00 UTC-3","resultado da timemania","./explore?q=resultado%20da%20timemania&geo=BR"
"bb","500+","8 de julho de 2026 às 16:30:00 UTC-3","8 de julho de 2026 às 17:50:00 UTC-3","bb","./explore?q=bb&geo=BR"
"prosperidade","200+","8 de julho de 2026 às 04:30:00 UTC-3","8 de julho de 2026 às 07:40:00 UTC-3","prosperidade","./explore?q=prosperidade&geo=BR"
"tem jogo hoje","200+","8 de julho de 2026 às 13:10:00 UTC-3","8 de julho de 2026 às 15:00:00 UTC-3","tem jogo hoje","./explore?q=tem%20jogo%20hoje&geo=BR"
"isabelle drummond","200+","8 de julho de 2026 às 20:00:00 UTC-3","8 de julho de 2026 às 21:10:00 UTC-3","isabelle drummond","./explore?q=isabelle%20drummond&geo=BR"
"benfica","200+","8 de julho de 2026 às 18:00:00 UTC-3","8 de julho de 2026 às 19:30:00 UTC-3","benfica","./explore?q=benfica&geo=BR"
"itub4","200+","10 de julho de 2026 às 18:20:00 UTC-3","10 de julho de 2026 às 19:00:00 UTC-3","itub4","./explore?q=itub4&geo=BR"
"jennifer grey","200+","10 de julho de 2026 às 20:50:00 UTC-3","11 de julho de 2026 às 00:50:00 UTC-3","jennifer grey","./explore?q=jennifer%20grey&geo=BR"
"inde navarrette","200+","9 de julho de 2026 às 02:50:00 UTC-3","9 de julho de 2026 às 05:20:00 UTC-3","inde navarrette","./explore?q=inde%20navarrette&geo=BR"
"investing","200+","8 de julho de 2026 às 08:40:00 UTC-3","8 de julho de 2026 às 09:50:00 UTC-3","investing","./explore?q=investing&geo=BR"
"regina casé","500+","7 de julho de 2026 às 10:00:00 UTC-3","7 de julho de 2026 às 11:10:00 UTC-3","regina casé","./explore?q=regina%20cas%C3%A9&geo=BR"
"tj sp","200+","8 de julho de 2026 às 16:00:00 UTC-3","8 de julho de 2026 às 18:00:00 UTC-3","tj sp","./explore?q=tj%20sp&geo=BR"
"jogo do criciúma","200+","8 de julho de 2026 às 21:50:00 UTC-3","8 de julho de 2026 às 23:00:00 UTC-3","jogo do criciúma","./explore?q=jogo%20do%20crici%C3%BAma&geo=BR"
"you tube","500+","7 de julho de 2026 às 13:50:00 UTC-3","7 de julho de 2026 às 15:40:00 UTC-3","you tube","./explore?q=you%20tube&geo=BR"
"khabib nurmagomedov","100+","12 de julho de 2026 às 01:30:00 UTC-3","12 de julho de 2026 às 02:00:00 UTC-3","khabib nurmagomedov","./explore?q=khabib%20nurmagomedov&geo=BR"
"itsa4","200+","10 de julho de 2026 às 18:10:00 UTC-3","10 de julho de 2026 às 18:50:00 UTC-3","itsa4","./explore?q=itsa4&geo=BR"
"celulares samsung galaxy z fold 8","100+","11 de julho de 2026 às 08:50:00 UTC-3","11 de julho de 2026 às 09:30:00 UTC-3","celulares samsung galaxy z fold 8","./explore?q=celulares%20samsung%20galaxy%20z%20fold%208&geo=BR"
"deputado","200+","9 de julho de 2026 às 11:50:00 UTC-3","9 de julho de 2026 às 12:30:00 UTC-3","deputado,hugo motta","./explore?q=deputado&geo=BR"
"fipe","200+","8 de julho de 2026 às 16:50:00 UTC-3","8 de julho de 2026 às 18:40:00 UTC-3","fipe","./explore?q=fipe&geo=BR"
"baena","200+","10 de julho de 2026 às 16:40:00 UTC-3","10 de julho de 2026 às 17:10:00 UTC-3","baena","./explore?q=baena&geo=BR"
"gessime yassine","500+","9 de julho de 2026 às 19:10:00 UTC-3","9 de julho de 2026 às 19:40:00 UTC-3","gessime yassine","./explore?q=gessime%20yassine&geo=BR"
"afélio","200+","7 de julho de 2026 às 05:10:00 UTC-3","7 de julho de 2026 às 07:50:00 UTC-3","afélio","./explore?q=af%C3%A9lio&geo=BR"
"luis dias","200+","7 de julho de 2026 às 19:40:00 UTC-3","7 de julho de 2026 às 20:50:00 UTC-3","luis dias","./explore?q=luis%20dias&geo=BR"
"volodymyr zelensky","100+","11 de julho de 2026 às 07:20:00 UTC-3","11 de julho de 2026 às 08:10:00 UTC-3","volodymyr zelensky","./explore?q=volodymyr%20zelensky&geo=BR"
"programação do sbt","200+","11 de julho de 2026 às 18:00:00 UTC-3","11 de julho de 2026 às 18:30:00 UTC-3","programação do sbt","./explore?q=programa%C3%A7%C3%A3o%20do%20sbt&geo=BR"
"messi tem quantos anos","200+","12 de julho de 2026 às 00:40:00 UTC-3","12 de julho de 2026 às 01:00:00 UTC-3","messi tem quantos anos","./explore?q=messi%20tem%20quantos%20anos&geo=BR"
"alcione","100+","11 de julho de 2026 às 00:10:00 UTC-3","11 de julho de 2026 às 01:00:00 UTC-3","alcione","./explore?q=alcione&geo=BR"
"scaloni","500+","7 de julho de 2026 às 15:00:00 UTC-3","7 de julho de 2026 às 15:40:00 UTC-3","scaloni,argentina foi eliminada da copa do mundo","./explore?q=scaloni&geo=BR"
"universidade estadual do rio grande do sul","200+","9 de julho de 2026 às 12:50:00 UTC-3","9 de julho de 2026 às 13:50:00 UTC-3","universidade estadual do rio grande do sul","./explore?q=universidade%20estadual%20do%20rio%20grande%20do%20sul&geo=BR"
"resultado da timemania","200+","10 de julho de 2026 às 05:40:00 UTC-3","10 de julho de 2026 às 07:00:00 UTC-3","resultado da timemania,timemania","./explore?q=resultado%20da%20timemania&geo=BR"
"alice wegmann","200+","8 de julho de 2026 às 23:50:00 UTC-3","9 de julho de 2026 às 01:00:00 UTC-3","alice wegmann","./explore?q=alice%20wegmann&geo=BR"
"s","100+","12 de julho de 2026 às 06:00:00 UTC-3","12 de julho de 2026 às 06:40:00 UTC-3","s","./explore?q=s&geo=BR"
"tour de france","100+","12 de julho de 2026 às 07:20:00 UTC-3","12 de julho de 2026 às 07:50:00 UTC-3","tour de france","./explore?q=tour%20de%20france&geo=BR"
"6","100+","10 de julho de 2026 às 03:20:00 UTC-3","10 de julho de 2026 às 05:50:00 UTC-3","6","./explore?q=6&geo=BR"
"20:20","200+","9 de julho de 2026 às 20:40:00 UTC-3","9 de julho de 2026 às 21:20:00 UTC-3","20:20","./explore?q=20%3A20&geo=BR"
"ganhadores da copa do mundo","500+","7 de julho de 2026 às 15:00:00 UTC-3","7 de julho de 2026 às 15:50:00 UTC-3","ganhadores da copa do mundo","./explore?q=ganhadores%20da%20copa%20do%20mundo&geo=BR"
"olmo","200+","10 de julho de 2026 às 17:20:00 UTC-3","10 de julho de 2026 às 18:10:00 UTC-3","olmo","./explore?q=olmo&geo=BR"
"rio metropole","200+","9 de julho de 2026 às 08:10:00 UTC-3","9 de julho de 2026 às 09:00:00 UTC-3","rio metropole","./explore?q=rio%20metropole&geo=BR"
"lyon","100+","11 de julho de 2026 às 07:20:00 UTC-3","11 de julho de 2026 às 08:10:00 UTC-3","lyon","./explore?q=lyon&geo=BR"
"lesliana pereira","100+","9 de julho de 2026 às 03:40:00 UTC-3","9 de julho de 2026 às 06:30:00 UTC-3","lesliana pereira","./explore?q=lesliana%20pereira&geo=BR"
"brasil egito","500+","7 de julho de 2026 às 14:50:00 UTC-3","7 de julho de 2026 às 15:30:00 UTC-3","brasil egito","./explore?q=brasil%20egito&geo=BR"
"repescagem","200+","7 de julho de 2026 às 00:50:00 UTC-3","7 de julho de 2026 às 02:30:00 UTC-3","repescagem","./explore?q=repescagem&geo=BR"
"tomb raider king","100+","9 de julho de 2026 às 00:50:00 UTC-3","9 de julho de 2026 às 02:20:00 UTC-3","tomb raider king","./explore?q=tomb%20raider%20king&geo=BR"
"edp","200+","8 de julho de 2026 às 13:20:00 UTC-3","8 de julho de 2026 às 14:20:00 UTC-3","edp","./explore?q=edp&geo=BR"
"iphone 17","1 mil+","7 de julho de 2026 às 00:50:00 UTC-3","7 de julho de 2026 às 01:30:00 UTC-3","iphone 17","./explore?q=iphone%2017&geo=BR"
"otan","200+","8 de julho de 2026 às 14:10:00 UTC-3","8 de julho de 2026 às 21:30:00 UTC-3","otan","./explore?q=otan&geo=BR"
"20:20","200+","8 de julho de 2026 às 20:40:00 UTC-3","8 de julho de 2026 às 21:20:00 UTC-3","20:20","./explore?q=20%3A20&geo=BR"
"previsão do tempo caxias do sul","200+","8 de julho de 2026 às 06:20:00 UTC-3","8 de julho de 2026 às 07:30:00 UTC-3","previsão do tempo caxias do sul,tempo hoje","./explore?q=previs%C3%A3o%20do%20tempo%20caxias%20do%20sul&geo=BR"
"macgregor","100+","12 de julho de 2026 às 01:30:00 UTC-3","12 de julho de 2026 às 01:50:00 UTC-3","macgregor","./explore?q=macgregor&geo=BR"
"previsão do tempo joinville","200+","9 de julho de 2026 às 06:40:00 UTC-3","9 de julho de 2026 às 07:30:00 UTC-3","previsão do tempo joinville","./explore?q=previs%C3%A3o%20do%20tempo%20joinville&geo=BR"
"tony ramos","200+","7 de julho de 2026 às 21:30:00 UTC-3","7 de julho de 2026 às 22:20:00 UTC-3","tony ramos","./explore?q=tony%20ramos&geo=BR"
"anitta","100+","10 de julho de 2026 às 01:50:00 UTC-3","10 de julho de 2026 às 03:00:00 UTC-3","anitta","./explore?q=anitta&geo=BR"
"de","100+","11 de julho de 2026 às 05:30:00 UTC-3","11 de julho de 2026 às 06:30:00 UTC-3","de","./explore?q=de&geo=BR"
"cruzeiro esporte clube","200+","8 de julho de 2026 às 06:00:00 UTC-3","8 de julho de 2026 às 07:00:00 UTC-3","cruzeiro esporte clube","./explore?q=cruzeiro%20esporte%20clube&geo=BR"
"energia solar","200+","8 de julho de 2026 às 07:40:00 UTC-3","8 de julho de 2026 às 08:40:00 UTC-3","energia solar","./explore?q=energia%20solar&geo=BR"
"echoes of aincrad","200+","9 de julho de 2026 às 23:50:00 UTC-3","10 de julho de 2026 às 01:10:00 UTC-3","echoes of aincrad","./explore?q=echoes%20of%20aincrad&geo=BR"
"jefferson lerma","500+","7 de julho de 2026 às 17:30:00 UTC-3","7 de julho de 2026 às 18:00:00 UTC-3","jefferson lerma","./explore?q=jefferson%20lerma&geo=BR"
"t","100+","11 de julho de 2026 às 04:20:00 UTC-3","11 de julho de 2026 às 05:10:00 UTC-3","t","./explore?q=t&geo=BR"
"paddy","100+","12 de julho de 2026 às 01:00:00 UTC-3","12 de julho de 2026 às 01:20:00 UTC-3","paddy","./explore?q=paddy&geo=BR"
"a copa do mundo","200+","7 de julho de 2026 às 15:00:00 UTC-3","7 de julho de 2026 às 16:10:00 UTC-3","a copa do mundo,tabela copa do mundo","./explore?q=a%20copa%20do%20mundo&geo=BR"
"temperatura londrina","100+","9 de julho de 2026 às 05:50:00 UTC-3","9 de julho de 2026 às 07:10:00 UTC-3","temperatura londrina","./explore?q=temperatura%20londrina&geo=BR"
"nike","200+","8 de julho de 2026 às 03:50:00 UTC-3","8 de julho de 2026 às 05:00:00 UTC-3","nike","./explore?q=nike&geo=BR"
"mlb","100+","10 de julho de 2026 às 05:50:00 UTC-3","10 de julho de 2026 às 07:10:00 UTC-3","mlb","./explore?q=mlb&geo=BR"
"volkswagen nivus","200+","7 de julho de 2026 às 06:50:00 UTC-3","7 de julho de 2026 às 08:10:00 UTC-3","volkswagen nivus","./explore?q=volkswagen%20nivus&geo=BR"
"jogo hoje","200+","7 de julho de 2026 às 15:00:00 UTC-3","7 de julho de 2026 às 16:00:00 UTC-3","jogo hoje,tabela da copa do mundo","./explore?q=jogo%20hoje&geo=BR"
"e","100+","11 de julho de 2026 às 05:20:00 UTC-3","11 de julho de 2026 às 06:10:00 UTC-3","e","./explore?q=e&geo=BR"
"vc","100+","8 de julho de 2026 às 03:30:00 UTC-3","8 de julho de 2026 às 19:00:00 UTC-3","vc","./explore?q=vc&geo=BR"
"previsão do tempo guarulhos","100+","8 de julho de 2026 às 05:40:00 UTC-3","8 de julho de 2026 às 06:50:00 UTC-3","previsão do tempo guarulhos","./explore?q=previs%C3%A3o%20do%20tempo%20guarulhos&geo=BR"
"kylian mbappe","200+","9 de julho de 2026 às 19:00:00 UTC-3","9 de julho de 2026 às 19:30:00 UTC-3","kylian mbappe","./explore?q=kylian%20mbappe&geo=BR"
"msn noticias","100+","8 de julho de 2026 às 16:10:00 UTC-3","8 de julho de 2026 às 18:00:00 UTC-3","msn noticias","./explore?q=msn%20noticias&geo=BR"
"pablo escobar","200+","7 de julho de 2026 às 19:40:00 UTC-3","7 de julho de 2026 às 20:40:00 UTC-3","pablo escobar","./explore?q=pablo%20escobar&geo=BR"
"campeonato brasileiro","100+","10 de julho de 2026 às 05:40:00 UTC-3","10 de julho de 2026 às 06:40:00 UTC-3","campeonato brasileiro","./explore?q=campeonato%20brasileiro&geo=BR"
"2","100+","8 de julho de 2026 às 03:30:00 UTC-3","8 de julho de 2026 às 05:50:00 UTC-3","2","./explore?q=2&geo=BR"
"ounahi","200+","9 de julho de 2026 às 18:50:00 UTC-3","9 de julho de 2026 às 19:10:00 UTC-3","ounahi","./explore?q=ounahi&geo=BR"
"wimbledon junior","100+","11 de julho de 2026 às 10:50:00 UTC-3","11 de julho de 2026 às 11:10:00 UTC-3","wimbledon junior","./explore?q=wimbledon%20junior&geo=BR"
"chile","100+","12 de julho de 2026 às 07:20:00 UTC-3","12 de julho de 2026 às 07:40:00 UTC-3","chile","./explore?q=chile&geo=BR"
"trt2","200+","8 de julho de 2026 às 16:10:00 UTC-3","8 de julho de 2026 às 17:20:00 UTC-3","trt2","./explore?q=trt2&geo=BR"
"mc donalds","100+","9 de julho de 2026 às 03:10:00 UTC-3","9 de julho de 2026 às 04:40:00 UTC-3","mc donalds","./explore?q=mc%20donalds&geo=BR"
"perícia","200+","10 de julho de 2026 às 09:30:00 UTC-3","10 de julho de 2026 às 09:50:00 UTC-3","perícia","./explore?q=per%C3%ADcia&geo=BR"
"getv","100+","8 de julho de 2026 às 17:00:00 UTC-3","8 de julho de 2026 às 17:40:00 UTC-3","getv","./explore?q=getv&geo=BR"
"di maria","200+","7 de julho de 2026 às 14:20:00 UTC-3","7 de julho de 2026 às 15:40:00 UTC-3","di maria","./explore?q=di%20maria&geo=BR"
"maradona","100+","7 de julho de 2026 às 14:50:00 UTC-3","7 de julho de 2026 às 16:20:00 UTC-3","maradona","./explore?q=maradona&geo=BR"
"jogos de brasileirão série b","100+","9 de julho de 2026 às 06:10:00 UTC-3","9 de julho de 2026 às 06:40:00 UTC-3","jogos de brasileirão série b","./explore?q=jogos%20de%20brasileir%C3%A3o%20s%C3%A9rie%20b&geo=BR"
"fundo de garantia do tempo de serviço","500+","8 de julho de 2026 às 20:20:00 UTC-3","8 de julho de 2026 às 20:40:00 UTC-3","fundo de garantia do tempo de serviço","./explore?q=fundo%20de%20garantia%20do%20tempo%20de%20servi%C3%A7o&geo=BR"
"mordida","200+","7 de julho de 2026 às 15:50:00 UTC-3","7 de julho de 2026 às 16:30:00 UTC-3","mordida","./explore?q=mordida&geo=BR"
"sony","200+","9 de julho de 2026 às 07:00:00 UTC-3","9 de julho de 2026 às 07:20:00 UTC-3","sony","./explore?q=sony&geo=BR"
"tagliafico","100+","7 de julho de 2026 às 14:00:00 UTC-3","7 de julho de 2026 às 14:50:00 UTC-3","tagliafico","./explore?q=tagliafico&geo=BR"
"cadunico","200+","9 de julho de 2026 às 08:20:00 UTC-3","9 de julho de 2026 às 08:40:00 UTC-3","cadunico","./explore?q=cadunico&geo=BR"
"guarujá","200+","7 de julho de 2026 às 19:10:00 UTC-3","7 de julho de 2026 às 19:50:00 UTC-3","guarujá","./explore?q=guaruj%C3%A1&geo=BR"
"midway","200+","9 de julho de 2026 às 09:10:00 UTC-3","9 de julho de 2026 às 09:30:00 UTC-3","midway","./explore?q=midway&geo=BR"
"fenerbahçe","100+","8 de julho de 2026 às 16:20:00 UTC-3","8 de julho de 2026 às 16:50:00 UTC-3","fenerbahçe","./explore?q=fenerbah%C3%A7e&geo=BR"
"f","100+","9 de julho de 2026 às 03:20:00 UTC-3","9 de julho de 2026 às 04:00:00 UTC-3","f","./explore?q=f&geo=BR"
"simone tebet","200+","8 de julho de 2026 às 20:00:00 UTC-3","8 de julho de 2026 às 20:20:00 UTC-3","simone tebet","./explore?q=simone%20tebet&geo=BR"
"reds","100+","8 de julho de 2026 às 16:10:00 UTC-3","8 de julho de 2026 às 17:00:00 UTC-3","reds","./explore?q=reds&geo=BR"
"o","100+","8 de julho de 2026 às 04:10:00 UTC-3","8 de julho de 2026 às 04:50:00 UTC-3","o","./explore?q=o&geo=BR"
"prio3","200+","8 de julho de 2026 às 11:00:00 UTC-3","8 de julho de 2026 às 11:20:00 UTC-3","prio3","./explore?q=prio3&geo=BR"
"nota do tesouro nacional","100+","8 de julho de 2026 às 13:10:00 UTC-3","8 de julho de 2026 às 14:00:00 UTC-3","nota do tesouro nacional","./explore?q=nota%20do%20tesouro%20nacional&geo=BR"
"b","100+","10 de julho de 2026 às 02:40:00 UTC-3","10 de julho de 2026 às 03:00:00 UTC-3","b","./explore?q=b&geo=BR"
"bluey","100+","8 de julho de 2026 às 18:20:00 UTC-3","8 de julho de 2026 às 18:50:00 UTC-3","bluey","./explore?q=bluey&geo=BR"
"brasileirão série a","100+","7 de julho de 2026 às 06:10:00 UTC-3","7 de julho de 2026 às 07:00:00 UTC-3","brasileirão série a","./explore?q=brasileir%C3%A3o%20s%C3%A9rie%20a&geo=BR"
"j","100+","9 de julho de 2026 às 02:20:00 UTC-3","9 de julho de 2026 às 02:50:00 UTC-3","j","./explore?q=j&geo=BR"
"previsão do tempo salvador","100+","7 de julho de 2026 às 06:10:00 UTC-3","7 de julho de 2026 às 06:40:00 UTC-3","previsão do tempo salvador","./explore?q=previs%C3%A3o%20do%20tempo%20salvador&geo=BR"
"insider","200+","7 de julho de 2026 às 23:30:00 UTC-3","7 de julho de 2026 às 23:50:00 UTC-3","insider","./explore?q=insider&geo=BR"
"thiago seyboth wild","200+","7 de julho de 2026 às 07:50:00 UTC-3","7 de julho de 2026 às 08:10:00 UTC-3","thiago seyboth wild","./explore?q=thiago%20seyboth%20wild&geo=BR"
"iphone 15 pro max","100+","9 de julho de 2026 às 01:40:00 UTC-3","9 de julho de 2026 às 02:00:00 UTC-3","iphone 15 pro max","./explore?q=iphone%2015%20pro%20max&geo=BR"
"o dia","100+","9 de julho de 2026 às 06:10:00 UTC-3","9 de julho de 2026 às 06:30:00 UTC-3","o dia","./explore?q=o%20dia&geo=BR"
"sicoob","1 mil+","7 de julho de 2026 às 16:50:00 UTC-3","7 de julho de 2026 às 18:10:00 UTC-3","sicoob,sicredi","./explore?q=sicoob&geo=BR"
"maps","10 mil+","9 de julho de 2026 às 13:40:00 UTC-3","9 de julho de 2026 às 18:10:00 UTC-3","maps,google maps","./explore?q=maps&geo=BR"