"Tendências","Volume de pesquisa","Iniciado","Finalizada","Detalhamento da tendência","Acesse a página ""Explorar"""
"lindsey graham","5 mi+","12 de julho de 2026 às 03:00:00 UTC-3",,"lindsey graham,lindsey graham cause of death,aortic dissection,lindsay graham,senator lindsey graham,was lindsey graham ever married,lindsey graham wife,how did lindsey graham die,lindsey graham net worth,why are flags at half mast today,aortic dissection causes,what did lindsey graham die of,did lindsey graham just die,aorta,who is lindsey graham,what happened to lindsey graham,lindsey graham death,why is the flag at half mast today,was lindsey graham married,aorta rupture,graham lindsey,aortic tear,did lindsey graham die,annie andrews,aortic dissection lindsey graham,john thune,aorta tear,governor of south carolina,aortic rupture,is lindsey graham alive,who will replace lindsey graham,linsey graham,aortic dissection symptoms,lindsey graham dead,graham,kash patel,house republicans graham seat strategy,is lindsey graham dead,tim scott,lyndsey graham,who is the governor of south carolina,senator graham,lindsey graham died,lindsey graham news,lindsy graham,sen lindsey graham,south carolina senate race,news,south carolina,lindsey graham illness,what did lindsey graham die from,sc governor,john mccain,lindsey gram,lindsey graham death cause,darline graham,ruptured aorta,lindsay graham dead,us embassy,did lindsey graham pass away,lindsey graham age,us senate,lindsey graham children,lindsay graham death,south carolina senators,lindsey,did lindsay graham die,lindsey graham controversy,lindsey graham dies,lindsey graham ukraine,how did lindsay graham die,agenda,how did lindsey graham pass away,londsey graham,what killed lindsey graham,cause of death lindsey graham,nbc news,who is governor of south carolina,linsay graham,who died today,why are the flags at half mast today,lyndsay graham,lindsey graham republican or democrat,is lindsey graham married,is lindsay graham dead,lindsey graham israel,lindaey graham,lindey graham,how will lindsey graham be replaced,governor south carolina,lindsay graham died,kentucky senators,was lindsey graham up for reelection,what causes aortic dissection,south carolina senate race 2026 polls,dr annie andrews,what illness did lindsey graham have,linday graham,lindsey graham aortic dissection,tear in aorta,is lindsey graham republican or democrat,did senator lindsey graham pass away,senate majority,cardiac arrest,ny times,nyt,lindsay,margaret brennan,lindsey graham married,how old is lindsey graham,south carolina governor henry mcmaster,lindsey graham trump,governor henry mcmaster,tmz,sen. lindsey graham,when did lindsey graham die,gov of south carolina,governor of sc,gov. henry mcmaster,south carolina senate race 2026,lindsey graham senate seat,huffpost,darline nordone,who died,lindsay graham family,lindsey graham political party,the hill,lindsey graham passed away,save america act,trump on lindsey graham,is the governor of south carolina republican or democrat,brett kavanaugh,senate,how did lindsey graham die?,lindaay graham,what happens to lindsey graham's senate seat,associated press,cbs news,how did lindsey graham's parents die,lindsey graham dead?,londsay graham,is south carolina governor republican,lindsey graham polls,sc senate race,netanyahu,lindsey graham democrat or republican,lindsay graham dies,is lindsey graham dead?,annie andrews south carolina,lindsey graham sister darline,donald trump news,kavanaugh,us senator lindsey graham,lindsey graham policies,sc senators,lindsey graham die,what happened to lindsay graham,did linsey graham die,what happens now that lindsey graham is dead,franklin graham,what was lindsey graham's cause of death,lindsey graham party,is senator lindsey graham dead,graham dead,what caused lindsey graham's death,when did lindsey graham return from ukraine,lindsey graham ukraine visit,lyndsy graham,did lindsey graham have children,has lindsey graham passed away,is the governor of south carolina a republican,who is running against lindsey graham 2026,lindsey graham how did he die,lindsey graham mitch mcconnell,who is south carolina governor,lindsey graham state,lindsey grahams sister,lindsey graham reelection,what did senator lindsey graham die from,dr. annie andrews,did lindsey graham have a heart attack,indsey graham,what did lindsay graham die of,israel news,was senator lindsey graham married,what happens when a senator dies,a","./explore?q=lindsey%20graham&geo=US"
"sam neill","1 mi+","13 de julho de 2026 às 02:40:00 UTC-3",,"sam neill,sam neil,jurassic park,sam neill cause of death,jurassic park actor dies,sam neill movies and tv shows,sam neill jurassic park,alan grant,sam.neill,event horizon,how did sam neill pass away,jeff goldblum,dr alan grant,sam neill death,sam neill movies,laura dern,in the mouth of madness,movies,sam neill peaky blinders,sam.neil,peaky blinders,dr grant jurassic park,sam nei,noriko watanabe,jurassic world,dr grant,sam neil death,sam neill how did he die,actor sam neill,sam neill death reason,sam neill news,sam neil cause of death,is sam neill still alive?,sam neill net worth,kiwi,dead calm,did sam neill died today,how did sam neill die,sam neill died,did sam neill really die,the piano,jurassic park actor sam,sam,is sam neill still alive,sam neill actor,how did sam neil die,jurassic park sam neill,lisa harrow,what did sam neill pass away from,did sam neill die,did sam neil die,sam neill dead,sam neill wife,sam neil dead,sam neill age,sam n,alan grant jurassic park,sam neil movies,sam ne,sam neill cancer,sam.neill health,sam neil died,sam. neill,piano,possession,sam.neill peaky blinders,sam neill children,jurassic world dominion","./explore?q=sam%20neill&geo=US"
"argentina vs switzerland","2 mi+","7 de julho de 2026 às 20:00:00 UTC-3",,"argentina vs switzerland,embolo,switzerland red card,breel embolo,embolo red card,murat yakin,embolo switzerland,xhaka,switzerland coach,swiss red card,xhaka switzerland,argentina vs switzerland red card,akanji,swiss coach,argentina vs switzerland referee,argentina coach,red card switzerland,var,why did switzerland get a red card,swiss coach world cup,switzerland soccer coach,remo freuler,swiss,why is switzerland down to 10 players,switzerland coach soccer,switzerland head coach,var soccer,yellow card soccer,why did embolo get a red card,mistaken identity soccer,b embolo,embolo dive,mistaken identity,what is mistaken identity in the world cup,what is a yellow card in soccer,var mistaken identity,referee for argentina vs switzerland,breel embolo red card,mistaken identity fifa,what does yellow card mean in soccer,mistaken identity soccer var,switzerland players,what is mistaken identity in soccer,switzerland world cup coach,yellow card rules world cup,what is mistaken identity,why did switzerland get a red card today,b. embolo,breel embolo switzerland,switzerland vs argentina red card,switzerland world cup red card,mistaken identity fifa rule,mistaken identity var,argentina switzerland red card,embolo switzerland red card,switzerland embolo,swiss head coach,has messi won a world cup,switzerland red card vs argentina,mistaken identity in soccer,referee argentina vs switzerland,yellow card for simulation,why did embolo get red card,simulation yellow card","./explore?q=argentina%20vs%20switzerland&geo=US"
"france vs spain","500 mil+","10 de julho de 2026 às 17:50:00 UTC-3",,"france vs spain,spain vs france,france vs spain world cup 2026,france vs spain prediction,lamine yamal,showdown,yamal,france spain,yamal lamine,lamin yamal,has lamine yamal scored in the world cup,who does france play next,who does spain play next,france vs spain tickets,nations league,france vs spain odds,who will france play next","./explore?q=france%20vs%20spain&geo=US"
"home run derby 2026","1 mi+","9 de julho de 2026 às 13:10:00 UTC-3",,"home run derby 2026,who won the home run derby 2026,hr derby,hr derby 2026,2026 home run derby,bryce harper,who won the home run derby,who won home run derby 2026,mlb all star game,who won the 2026 home run derby,home run derby results,home run derby winner,what channel is home run derby on,what channel is the home run derby on tonight,what time is the home run derby,home run derby 2026 where to watch,where to watch home run derby 2026,home run derby 2026 players,junior caminero,what channel is the home run derby on,how to watch home run derby,how to watch home run derby 2026,home run derby channel,when is the home run derby 2026,home run derby 2026 time,mlb baseball home run derby,home run derby time,what time does the home run derby start,who won the home run derby 2025,home run derby 2026 winner,where can i watch the home run derby,home run derby participants,home run derby start time,homerun derby 2026 players,where to watch the home run derby,home run derby 2026 rules,how to watch the home run derby,home run derby rules,watch home run derby 2026,home run derby live,homerun derby 2026 time,when is home run derby 2026,home run derby rules 2026,when does the home run derby start,all star home run derby 2026,who is in the home run derby 2026,2025 home run derby,what is the home run derby streaming on,what channel is the home run derby,home run derby order,who won the homerun derby,what time is home run derby 2026,home run derby where to watch,homerun derby channel,home run derby 2026 channel,what time is the home run derby 2026,what time does home run derby start,2026 home run derby winner,home run derby winner 2026,citizens bank park,hr derby lineup,mlb home run leaders,home run derby 2025,home run derby format,home run derby score,homerun derby winner,how does the home run derby work,home run derby tv,home run derby prize,when does home run derby start,home run derby format 2026,what channel is home run derby on tonight,home run derby tracker,who won the homerun derby 2026,home run derby lineup,home run derby update,how long is the home run derby,where can i watch the home run derby 2026,what channel is the homerun derby on,2025 home run derby winner,home run derby odds,hr derby winner,how to watch the home run derby 2026,home run derby 2026 start time,where to watch the home run derby 2026,home run leaders 2026,derby,how can i watch the home run derby,mlb all star game 2026 home run derby,hr derby rules,2026 home run derby participants,home run derby order 2026,homerun derby 2026 winner,home run derby batting order,home run derby results 2026,home run derby stream,longest home run in home run derby,hr derby order,hr derby channel,home run derby updates,home run derby prediction,hr derby time,what channel is the mlb home run derby on,caminero,home run derby 2026 order,what time does the home run derby start tonight,homerun derby order,what station is the home run derby on,watch home run derby,what channel is the hr derby on,mlb home run derby channel,homerun derby 2026 rules,when is the homerun derby 2026,home run derby 2026 lineup,red sox standings,home run derby how to watch,home run derby live results,homerun derby time,what channel is home run derby,2026 mlb home run derby,what channel is hr derby on,what is new today,hr derby format,major league,most home runs in home run derby,munetaka murakami,homerun derby 2026 channel,home run derby,mlb scores today,homerun derby 2026,mlb home run derby,phillies standings","./explore?q=home%20run%20derby%202026&geo=US"
"home run derby","500 mil+","12 de julho de 2026 às 11:00:00 UTC-3",,"home run derby,jordan walker,homerun derby 2026,mlb home run derby,homerun derby,mlb home run derby 2026,kyle schwarber,when is the home run derby,jordan walker home run derby,schwarber,where to watch home run derby,who won home run derby,home run derby winners,home run derby bracket,mlb hr derby,home.run derby 2026,mlb homerun derby,home run derby 2026 results,who won home run derby 2025,kyle schwarber home run derby,home.run derby,where is jordan walker from,who won the hr derby,jordan walker cardinals,has kyle schwarber won a home run derby,home run derby live updates,home run derby standings,when is home run derby,what time is the home run derby tonight,what time is home run derby,who won the home run derby tonight,home run derby stats,what does the home run derby winner get,jordan walker mlb,where is the home run derby this year,home run derby winners by year,when is the homerun derby,2026 home run derby rules,when is the mlb home run derby,where to watch homerun derby,bryce harper home run derby,what is the home run derby,home run dervy,what channel is the home run derby on 2026,home run derby leaderboard,where to watch hr derby,what channel home run derby 2026,home run derby scores,what is the home run derby on,jordon walker,home run deeby,where to watch mlb home run derby,home run derby 2026 bracket,home run derby watch,home run derby bracket 2026,whos in the home run derby 2026","./explore?q=home%20run%20derby&geo=US"
"cyclospora parasite outbreak","1 mi+","8 de julho de 2026 às 17:20:00 UTC-3",,"cyclospora parasite outbreak,cyclospora,diarrhea parasite,intestinal parasite infection,explosive diarrhea parasite,cyclospora outbreak,parasite,diarrhea outbreak,cyclosporiasis symptoms,west virginia cyclosporiasis outbreak,parasite outbreak,maricopa county cyclospora cases,parasite diarrhea,salad,vegetables,cyclosporiasis outbreak map,produce parasite outbreak,indiana cyclospora parasite outbreak,explosive diarrhea outbreak,cyclosporiasis,produce parasite,outbreak of cyclosporiasis,michigan,stomach parasite outbreak,what is the news today,wral,stomach virus going around,cyclosporiasis outbreak,stomach bug going around,jackson county ohio cyclosporiasis cases,cyclospora symptoms,raspberries,massachusetts,1000 confirmed cyclosporiasis cases,cyclosporiasis treatment,cdc,cdc cyclosporiasis outbreak,vegetable parasite outbreak","./explore?q=cyclospora%20parasite%20outbreak&geo=US"
"jayden adams","1 mi+","11 de julho de 2026 às 09:30:00 UTC-3",,"jayden adams,jayden adams cause of death,south african soccer player dies,how did jayden adams die,jayden adams south africa,jaden adams,jayden adams death,south africa player died,soccer player dies,south african player dies,fifa scores today,world cup player dies,south africa national soccer team players,jaydan adams,how did jayden adams pass away,south africa national soccer team,south africa soccer player dies,who is jayden adams,south africa,what happened to the south african soccer player,how did the south africa player die,what soccer player died recently,how did the south african player died,moment of silence world cup,jayden adams south africa cause of death,south african soccer player,mamelodi sundowns,jayden adams soccer,south africa player,how did the south african midfielder die,jayden adams death cause,how did the south african soccer player died,how did south african player jayden adams die,soccer player died,south african player,soccer player dies at 25,world cup death,25 year old soccer player dies,fifa player dies,world cup player died,south africa player death,south african soccer player death,why did jayden adams die,world cup moment of silence,south african midfielder,world cup player death,soccer player that died,adams sundowns player","./explore?q=jayden%20adams&geo=US"
"latest news","500 mil+","9 de julho de 2026 às 12:50:00 UTC-3",,"latest news,strait of hormuz news,news,iran qatar,cnn,iran attacks uae,iran attacks uae today,news today,iran war hormuz,us strikes iran,trump news,trump, iran ceasefire,oil price,ap news,ceasefire,price of oil,mou,brent crude oil price,iran strikes,july 8,oil futures,trump ceasefire,trump,iran war update,oil price today,us iran,fox,iran war,hormuz,us iran war,iran news today,us iran news,what,gold price today,dow jones","./explore?q=latest%20news&geo=US"
"sports scores today","200 mil+","9 de julho de 2026 às 13:00:00 UTC-3",,"sports scores today,austin reaves,nba scores","./explore?q=sports%20scores%20today&geo=US"
"england vs argentina","200 mil+","11 de julho de 2026 às 20:40:00 UTC-3",,"england vs argentina,argentina vs england,world cup final,world cup semi finals,semi final world cup,france vs spain tickets,falklands war,next fifa game,where is england and norway playing,argentina players,argentina england,when does argentina play next,who does argentina play next,argentina next game,norway v england game,past world cup winners,argentina vs england 2026,argentina vs england tickets,argentina v england,maradona hand of god,where is the final world cup game being played,norway england live,next argentina game,england v argentina,who will england play next,england last world cup win,cuti romero,argentina england world cup,england vs argentina tickets,argentina vs england time,argentina england game","./explore?q=england%20vs%20argentina&geo=US"
"upcoming events","200 mil+","9 de julho de 2026 às 13:00:00 UTC-3",,"upcoming events","./explore?q=upcoming%20events&geo=US"
"technology news","200 mil+","9 de julho de 2026 às 13:00:00 UTC-3",,"technology news","./explore?q=technology%20news&geo=US"
"paddy pimblett","500 mil+","7 de julho de 2026 às 19:50:00 UTC-3",,"paddy pimblett,ufc rankings,benoit saint-denis,paddy the baddy,benoit saint denis,paddy pimblett vs benoit saint denis,paddy pimblett fight,paddy,ilia topuria,paddy fight,when does paddy the baddy fight,saint denis ufc,paddy the baddy fight,pimblett,did paddy win,benoit st denis,did paddy pimblett win last night,what time is paddy the baddy fighting,pimblett vs saint denis,lightweight ufc,paddy ufc,paddy pimblett last fight,bsd ufc,bsd,paddy pimblett weight,saint denis,paddy pimblett from,ufc paddy,what is paddy pimblett,ufc paddy pimblett,paddy vs,who won the paddy pimblett fight tonight,paddy the baddie,paddy pimblett fight tonight,how much did paddy pimblett make tonight,paddy pimblett odds,did paddy pimblett win,paddy vs benoit,who is paddy fighting tonight,where paddy pimblett from,where is benoit saint denis from,st denis ufc","./explore?q=paddy%20pimblett&geo=US"
"figaro","100 mil+","13 de julho de 2026 às 01:00:00 UTC-3",,"figaro","./explore?q=figaro&geo=US"
"little house on the prairie","200 mil+","9 de julho de 2026 às 07:50:00 UTC-3",,"little house on the prairie,little house on the prairie cast,little house on the prairie cast 2026,little house on the prairie netflix,netflix little house prairie series,laura ingalls wilder,charles ingalls,little house on the prairie 2026,alison arngrim little house reboot","./explore?q=little%20house%20on%20the%20prairie&geo=US"
"tom segura","100 mil+","13 de julho de 2026 às 16:10:00 UTC-3",,"tom segura,tom segura divorce,christina pazsitzky,tom segura christina p,christina p,is tom segura getting a divorce,tom.segura,tom segura wife","./explore?q=tom%20segura&geo=US"
"who won love island usa season 8","500 mil+","11 de julho de 2026 às 22:40:00 UTC-3",,"who won love island usa season 8,who won love island,love island finale,love island usa season 8 winners,who won love island season 8,who wins love island season 8 usa,love island winners,who won season 8 love island usa,love island,love island season 8 winners,island,how long is the love island finale,who won love island 2026,love island usa,who won love island usa season 7,love island finale time,love island winners 2026,love island winner,how long is love island finale,love island usa season 8,when is love island usa finale,winners of love island usa season 8,who wins love island season 8,love island season 8,when is the love island finale,who won love island usa 2026,who won love island usa,love island usa season 8 vote,what time is love island finale,what time is love island on tonight,love island usa winners,love island finale date,who wins love island,vote love island usa season 8,winner of love island usa season 8,who won,love island usa finale,what time is the love island finale,love island usa vote,when does the love island finale come out,love island final 4,when is the last episode of love island,who went home on love island usa tonight,what time does love island finale come out,love island season finale,love island usa season 8 episode 32,newport news va,who got dumped from love island tonight,when does love island usa end,are trinity and bryce still together,love island vote,who goes home tonight on love island usa,how to vote for love island","./explore?q=who%20won%20love%20island%20usa%20season%208&geo=US"
"josh grisetti","100 mil+","12 de julho de 2026 às 18:30:00 UTC-3",,"josh grisetti,john grisetti,josh grisetti marvelous mrs maisel,marvelous mrs maisel,josh grisetti death,joshua grisetti","./explore?q=josh%20grisetti&geo=US"
"randolph mantooth","200 mil+","10 de julho de 2026 às 18:50:00 UTC-3",,"randolph mantooth,emergency tv show,randy mantooth,johnny gage,mantooth,randolph mantooth death,randolph mantooth cause of death","./explore?q=randolph%20mantooth&geo=US"
"mcgregor","2 mi+","8 de julho de 2026 às 21:30:00 UTC-3",,"mcgregor,conor mcgregor injury,conor mcgregor,conor mcgregor fight,conor mcgregor vs max holloway 2,mcgregor fight,connor mcgregor,max holloway conor mcgregor ufc 329,who won the conor mcgregor fight,what happened to conor mcgregor,mcgregor injury,islam makhachev,conor mcgregor injury update","./explore?q=mcgregor&geo=US"
"five star weekend","200 mil+","8 de julho de 2026 às 21:10:00 UTC-3",,"five star weekend,5 star weekend,five star weekend cast,peacock,5 star weekend cast,jennifer garner new show,chloe sevigny,the five star weekend cast,regina hall,peacock tv,5 star weekend show","./explore?q=five%20star%20weekend&geo=US"
"bison attack yellowstone","100 mil+","12 de julho de 2026 às 09:30:00 UTC-3",,"bison attack yellowstone,yellowstone bison attack,man gets tossed by bison,bison attack,yellowstone bison,bison flips grandpa,yellowstone national park","./explore?q=bison%20attack%20yellowstone&geo=US"
"pistons news","50 mil+","13 de julho de 2026 às 06:40:00 UTC-3",,"pistons news,sports,detroit pistons","./explore?q=pistons%20news&geo=US"
"lindsey graham sister","200 mil+","12 de julho de 2026 às 05:20:00 UTC-3",,"lindsey graham sister,darline graham,darline graham nordone,darline nordone,the office,south carolina governor,darlene graham,lindsey graham sister darline,henry mcmaster,lindsey graham replacement,lindsey graham family,lindsey graham's sister,how old was lindsey graham,who is lindsey graham's sister,darline graham lindsey graham sister,trey gowdy,lindsey grahams sister,associated press,darline graham nordone bio,mcmaster","./explore?q=lindsey%20graham%20sister&geo=US"
"mercury vs lynx","50 mil+","13 de julho de 2026 às 21:10:00 UTC-3",,"mercury vs lynx,olivia miles,kayla mcbride,minnesota lynx,phoenix mercury,lynx vs mercury,lynx wnba,natasha howard,mn lynx,phoenix vs minnesota wnba","./explore?q=mercury%20vs%20lynx&geo=US"
"weather today","200 mil+","9 de julho de 2026 às 13:30:00 UTC-3",,"weather today","./explore?q=weather%20today&geo=US"
"digger","50 mil+","13 de julho de 2026 às 10:30:00 UTC-3",,"digger,tom,digger movie,digger trailer,tom cruise digger movie trailer,tom cruise digger trailer,digger 2026","./explore?q=digger&geo=US"
"justices barrett and kagan hearings","50 mil+","13 de julho de 2026 às 08:50:00 UTC-3",,"justices barrett and kagan hearings,elena kagan,justices barrett kagan congress testimony","./explore?q=justices%20barrett%20and%20kagan%20hearings&geo=US"
"manila clam spreading atlantic coastline","20 mil+","13 de julho de 2026 às 16:30:00 UTC-3",,"manila clam spreading atlantic coastline,manila clam atlantic coast invasion","./explore?q=manila%20clam%20spreading%20atlantic%20coastline&geo=US"
"maine ice shooting","50 mil+","13 de julho de 2026 às 10:50:00 UTC-3",,"maine ice shooting,biddeford, maine ice,biddeford maine,ice shooting maine,joan sebastian guerrero,maine,ice,ice shooting,biddeford maine ice,biddeford,ice maine,ice shooting in maine,biddeford shooting","./explore?q=maine%20ice%20shooting&geo=US"
"north carolina division of motor vehicles","50 mil+","12 de julho de 2026 às 15:30:00 UTC-3",,"north carolina division of motor vehicles","./explore?q=north%20carolina%20division%20of%20motor%20vehicles&geo=US"
"black ops 2","200 mil+","9 de julho de 2026 às 14:20:00 UTC-3",,"black ops 2,black ops 2 ps5,black ops 1 and 2 ps5,activision black ops crossplay ps4 ps5,bo2,bo2 ps5,call of duty black ops 2 ps5,black ops 2 ps5 ps4,cod black ops ps5,black ops 1,black ops,black ops 2 release date ps5,black ops 2 ps5 playstation,is black ops 2 cross platform,is black ops 2 on ps5,call of duty black ops 2,black ops 1 ps5,call of duty,call of duty black ops,black ops ps5,call of duty black ops 1 and 2 ps5,black ops 1 and 2 ps5 release date,activision black ops ps5 port,is bo2 crossplay","./explore?q=black%20ops%202&geo=US"
"united","50 mil+","13 de julho de 2026 às 04:50:00 UTC-3",,"united","./explore?q=united&geo=US"
"palworld","100 mil+","9 de julho de 2026 às 04:40:00 UTC-3",,"palworld,palworld 1.0 release time,palworld 1.0,palworld 1.0 pals,palworld 1.0 release date,palworld 1.0 patch notes,when does palworld 1.0 come out,palworld patch notes","./explore?q=palworld&geo=US"
"shipwrecked nightmare at sea","50 mil+","10 de julho de 2026 às 15:50:00 UTC-3",,"shipwrecked nightmare at sea,costa concordia deaths,concordia cruise ship","./explore?q=shipwrecked%20nightmare%20at%20sea&geo=US"
"caleb wilson","50 mil+","10 de julho de 2026 às 21:20:00 UTC-3",,"caleb wilson,bulls,hubert davis,bulls summer league,cameron boozer,chicago bulls,caleb wilson summer league,bulls vs grizzlies summer league,chicago bulls summer league,bulls vs grizzlies,bulls summer league game,caleb wilson summer league stats","./explore?q=caleb%20wilson&geo=US"
"jay z concert","200 mil+","10 de julho de 2026 às 08:30:00 UTC-3",,"jay z concert,jay z,jay z yankee stadium,music,concerts,yankee stadium,blue ivy piano jay z concert,jayz,jay-z concert surprise guests beyonce,blue ivy piano jay-z concert,eminem,jay-z,jay z setlist,jay z cut his hair,jay z concert nyc,iheart,blue ivy carter,jay z concert cancelled,did jay z cut his hair,jayz concert,jay z night 3,jayz tickets","./explore?q=jay%20z%20concert&geo=US"
"vinod khosla","200 mil+","11 de julho de 2026 às 19:30:00 UTC-3",,"vinod khosla,seahawks,khosla family,seattle seahawks,khosla,neeru khosla,paul allen,seahawks sale,seahawks sold,vinod khosla net worth,seattle seahawks sale,khosla ventures,seahawks news,neal khosla,kholsa family,vinod khosla seahawks,vinod khosla 49ers,who is vinod khosla,49ers,who bought the seahawks,seahawks owner,kholsa,vinod khosla seahawks sale","./explore?q=vinod%20khosla&geo=US"
"taylor sheridan action series streaming","20 mil+","13 de julho de 2026 às 17:10:00 UTC-3",,"taylor sheridan action series streaming","./explore?q=taylor%20sheridan%20action%20series%20streaming&geo=US"
"rachael ray fans comments","50 mil+","13 de julho de 2026 às 12:00:00 UTC-3",,"rachael ray fans comments,rachael ray sparked fan concern over her altered appearance online,rachael ray","./explore?q=rachael%20ray%20fans%20comments&geo=US"
"sparks vs dream","50 mil+","13 de julho de 2026 às 19:20:00 UTC-3",,"sparks vs dream,atlanta dream,kahleah copper,la sparks,dearica hamby,rhyne howard,where to watch los angeles sparks vs atlanta dream","./explore?q=sparks%20vs%20dream&geo=US"
"jennifer garner","50 mil+","8 de julho de 2026 às 21:00:00 UTC-3",,"jennifer garner","./explore?q=jennifer%20garner&geo=US"
"aaron donald","20 mil+","10 de julho de 2026 às 17:40:00 UTC-3",,"aaron donald","./explore?q=aaron%20donald&geo=US"
"plane crashed","10 mil+","13 de julho de 2026 às 21:20:00 UTC-3",,"plane crashed,plane crash","./explore?q=plane%20crashed&geo=US"
"bam adebayo","100 mil+","10 de julho de 2026 às 18:40:00 UTC-3",,"bam adebayo,tyler herro,miami heat,bam adebayo tyler herro altercation,miami heat news,tyler herro bam adebayo,udonis haslem,bam adebayo tyler herro,tyler herro bam adebayo fight,tyler herro and bam adebayo,bam and tyler herro,nba bam adebayo,bam adebayo and tyler herro,bam tyler herro,what did tyler herro say about bam adebayo,bam herro,bam and herro,what did tyler herro say about bam,tyler herro bam,bam adebayo tyler herro fight,herro,adebayo,bam","./explore?q=bam%20adebayo&geo=US"
"the five star weekend","100 mil+","9 de julho de 2026 às 02:20:00 UTC-3",,"the five star weekend,five star weekend show,what to watch this weekend,best movies on hulu,what is new on netflix,best streaming services,new movies streaming,best movies to stream right now,netflix top movies right now,best shows to watch,netflix new releases","./explore?q=the%20five%20star%20weekend&geo=US"
"all star game 2026","100 mil+","12 de julho de 2026 às 13:40:00 UTC-3",,"all star game 2026,mlb all star game 2026,mlb all star schedule,2027 all star game mlb,mlb tv","./explore?q=all%20star%20game%202026&geo=US"
"smackdown","20 mil+","13 de julho de 2026 às 01:10:00 UTC-3",,"smackdown","./explore?q=smackdown&geo=US"
"mitch mcconnell photo","1 mi+","12 de julho de 2026 às 19:20:00 UTC-3",,"mitch mcconnell photo,jimmy kimmel,elaine chao,mitch mcconnell news,mitch mcconnell,mitch mcconnell ambulance stretcher video,hospitals,mitch mcconnell age,is mitch mcconnell still alive,mcconnell,ron johnson,how old is mitch mcconnell,senator mitch mcconnell news,mcconnell mitch,mitch mcconnell senate absence,where is mitch mcconnell,senator mitch mcconnell,scott jennings,mystery,what is mitch mcconnell's health status,kentucky governor,mitch mcconnell statement,fox news,mcconnell update,what happens when a senator dies in office,hospital,mitch,newsmax,did mitch mcconnell,andy beshear,porter mcconnell,mcconnell statement,333,cnn news,loaded,spy","./explore?q=mitch%20mcconnell%20photo&geo=US"
"ella langley american eagle campaign","20 mil+","13 de julho de 2026 às 10:20:00 UTC-3",,"ella langley american eagle campaign","./explore?q=ella%20langley%20american%20eagle%20campaign&geo=US"
"north west hair change","20 mil+","13 de julho de 2026 às 16:10:00 UTC-3",,"north west hair change","./explore?q=north%20west%20hair%20change&geo=US"
"stefon diggs","50 mil+","9 de julho de 2026 às 14:40:00 UTC-3",,"stefon diggs,nfl","./explore?q=stefon%20diggs&geo=US"
"ro khanna","100 mil+","11 de julho de 2026 às 09:50:00 UTC-3",,"ro khanna,congressman ro khanna,ro khanna detained,representative khanna israeli encounter,ro khanna west bank","./explore?q=ro%20khanna&geo=US"
"judge voids trump irs agreement","50 mil+","13 de julho de 2026 às 17:20:00 UTC-3",,"judge voids trump irs agreement,judge williams trump settlement ruling,donald trump irs lawsuit,judge kathleen williams,trump irs,trump anti weaponization fund,trump irs lawsuit,todd blanche,trump irs settlement,donald trump doj irs case,lawyer","./explore?q=judge%20voids%20trump%20irs%20agreement&geo=US"
"starbucks bear cup","20 mil+","12 de julho de 2026 às 22:00:00 UTC-3",,"starbucks bear cup,starbucks pink collection,starbucks bearista cup,starbucks pink bear cup","./explore?q=starbucks%20bear%20cup&geo=US"
"mcgregor vs holloway","5 mi+","8 de julho de 2026 às 19:50:00 UTC-3","13 de julho de 2026 às 10:20:00 UTC-3","mcgregor vs holloway,ufc 329,ufc,max holloway,how old is conor mcgregor,ufc tonight,ufc 329 fight card,ufc fights,mcgregor vs holloway 2,what time is the conor mcgregor fight,ufc fights tonight,max holloway vs conor mcgregor 2,ufc fight,holloway vs mcgregor,paramount plus,when is the conor mcgregor fight,ufc card,did conor mcgregor beat max holloway,ufc results,conor mcgregor fight time,ufc card tonight,ufc fight card,ufc fight tonight,conor mcgregor next fight,where can i watch the conor mcgregor fight,what time does conor mcgregor fight,ufc 329 where to watch,conor mcgregor vs max holloway,connor mcgregor fight,who won the mcgregor holloway fight,how much did conor mcgregor make tonight,mcgregor vs holloway 1,ufc 329 start time,fights tonight,where is paddy pimblett from,how much did conor mcgregor make,conor vs max,what time does ufc 329 start,did conor mcgregor win,where to watch ufc 329,mcgregor vs holloway where to watch,mcgregor fight time,mcgregor holloway,t-mobile arena,mcgregor age,conor vs holloway 2,fight tonight,ufc 329 results,what time is the mcgregor fight,who won mcgregor vs holloway,did mcgregor win,ufc 329 payouts,ufc schedule,holloway,ufc 329 card,where to watch conor mcgregor fight,ufc fight card tonight,where to watch mcgregor vs holloway,when does conor mcgregor fight,what time is mcgregor fight,t mobile arena,joe rogan,conor vs holloway,how to watch ufc 329,who won conor vs holloway,conor mcgregor fight where to watch,conor mcgregor vs max holloway 2 time,mma,ufc329,how much did mcgregor make tonight,what time is the ufc fight tonight,who won the first mcgregor holloway fight,conner mcgregor,when is conor mcgregor fighting,holloway vs mcgregor 2,ufc today,how much did max holloway make tonight,what time does the ufc fight start tonight,what time does mcgregor fight start,conor mcgregor fight tonight,how to watch mcgregor vs holloway,john garza,where is max holloway from,ufc.,where to watch ufc,did mcgregor beat holloway,who won the ufc fight tonight,who won conor mcgregor vs max holloway 1,ufc live,when does mcgregor fight,paramount+,ufc main card,conor mcgregor last fight,who won the mcgregor fight,who won mcgregor vs holloway 1,when is ufc 329,fight card tonight,mma fight tonight,ufc fight night,conor mcgregor record,where is the ufc fight tonight,paddy pimblett next fight,connor mcgreggor,ufc prelims,ufc mcgregor vs holloway,where is ufc 329,what time does ufc start tonight,what time is the fight tonight,ufc conor mcgregor fight,where to watch ufc tonight,ufc fight tonight live,mcgregor vs holloway time,where to watch the ufc fight tonight,draftkings,where to watch ufc fight tonight,max holloway vs conor mcgregor 1,mcgregor fight tonight,what time will mcgregor fight,ufc where to watch,mcgregor fight where to watch,when is the mcgregor fight,how to watch the ufc fight tonight,when does conor mcgregor fight max holloway,where can i watch the ufc fight tonight,conor mcgregor vs max holloway 1,conor.mcgregor,what channel is the ufc fight on tonight,when was conor mcgregor's last fight,ufc 329 location,what time is ufc tonight,what time does paddy pimblett fight,did connor win,who won the fight tonight,acl,when is the mcgregor holloway fight,conor mcgregor vs max holloway 2 where to watch,ufc 329 prelims,sean o'malley,ufc tonight results,who won mcgregor vs holloway 2,connor mcgregor injury,ufc tomorrow,what time does the mcgregor fight start,conor mcgregor knee,connor fight,max holloway last fight,who won the fight,who won the fight between conor mcgregor and max holloway,who won ufc tonight,ufc results today,ufc start time,what happened to mcgregor,mcgregor last fight,ufc tonight where to watch,mcgregor vs holloway fight card,when was mcgregor last fight,max holloway vs mcgregor,what time is ufc 329,welterweight ufc,what time is the mcgregor fight tonight,what time does the conor mcgregor fight start,whos fighting tonight ufc,paramount +,when is mcgregor fighting,conor mc,max holloway vs conor mcgregor,max vs conor,conor mcgregor fight card,mcgreggor fight,what time does the fight start tonight,when does the conor mcgregor fight start,how to watch ufc tonight,who won the fight last night,what time does conor mcgregor fight tonight,ufc 329 main card,conor,ufc 329 press conference,who is conor mcgregor fighting,ufc last night,what time does connor and max fight,conor mcgregor max holloway,ufc main card start time,how to watch ufc,ufc tickets,conor mcgregor fight who won,when is mcgregor vs holloway 2,who won the ufc fight last night,how to watch conor mcgregor vs max holloway,fight,ufc fight time,who won the conor mcgregor fight tonight,when is conor mcgregor and max holloway fighting,conner mcgregor fight,ufc 329 time,conor mcgregor broken leg,tmobile arena,what time is the conor mcgregor fight tonight,weight classes ufc,what time are the ufc fights tonight,t mobile arena las vegas,what time is the main event for ufc tonight,what is the ufc fight on tonight,main card ufc tonight,how to watch ufc fight tonight,who won conor mcgregor vs max holloway,macgregor fight,nate diaz,holloway vs mcgregor 1,what time do the fights start tonight,who won conor vs holloway 2,main card ufc,daniel cormier,joe rogan ufc,max holloway net worth,mcgregor vs,what time does mcgregor fight,holloway age,ufc streaming,conor mcgregor where to watch,what time is mcgregor vs holloway 2,where is conor mcgregor from,ufc mcgregor,when does connor and max fight,when does the mcgregor fight start,conor mcgregor leg break,conor mcgregor vs max holloway 2026,mcgregor vs holloway odds,conor mcgregor leg injury,who won the conor mcgregor fight last night,where can i watch ufc 329,ufc main card tonight,what is the conor mcgregor fight streaming on,what time do the ufc fights start tonight,ufc fights today,where to watch the mcgregor fight,when does the ufc fight start,conor mcgregor vs max holloway 2 who won,what fight is on tonight,mcgregor holloway fight,mcgregor vs holloway 3,max holloway fight,ufc fighters,ufc news,ufc fight schedule,what time will conor mcgregor fight,mcgregor holloway 1,what time will conor mcgregor fight tonight,conor mcgregor fight live,mcgregor fight card,where to watch the conor mcgregor fight,which leg did conor mcgregor break,where to watch mcgregor fight,ufc tonight time,what time is conor mcgregor's fight tonight,conor mcgregor knee injury,mcgregor knee,did mcgregor win tonight,ufc watch,fight card,how many fights are on the main card tonight,conor mcgregor fight results,what time will mcgregor fight start,ufc press conference,how to watch conor mcgregor fight,ufc schedule tonight,mcgregor vs holloway fight time,ufc prelims start time,ufc fight tomorrow,ufc event,mc gregor,ufc 329 streaming,who won conor mcgregor vs max holloway 2,where can i watch the mcgregor fight,conor mcgregor who won,ufc fight results,tko,what did conor mcgregor do,ufc 329 ticket prices,mcgregor vs holloway results,conor fight,where is the conor mcgregor fight,connor vs max,when did conor mcgregor break his leg,how much did max holloway make ufc 329,max vs mcgregor,what leg did mcgregor break,mcgregor vs holloway card,conor vs max holloway 1,how did conor mcgregor break his leg,how much is conor mcgregor worth,ufc results tonight,how much did max holloway make ufc 326,conor mcgregor fight,mcgregor leg break,who won mcgregor vs holloway 2026,who broke conor mcgregor's leg,welterweight,how to watch mcgregor fight,who won between mcgregor and holloway,how much money did conor mcgregor make,who won ufc 329,what is ufc 329 streaming on,jake paul,when did mcgregor break his leg,conor mcgregor net worth 2026,conor mcgregor leg,holloway mcgregor,what time is conor mcgregor's fight,ufc lineup,conor mcgregor vs,who won ufc,max holloway from,mcgregor broken leg,who won mcgregor fight,watch ufc,john garza ufc,mcgregor record,329 ufc,is conor mcgregor fighting tonight,fight card for ufc 329,what happened to conor mcgregor leg,did conor mcgregor win his last fight,conor vs max holloway 2,ppv,did max holloway win,ufc 329 lineup,dricus du plessis,ufc card today,who won the mcgregor fight tonight,when will mcgregor fight start,stream ufc,what is conor mcgregor's net worth,max holloway pay for ufc 329,ufc fight today,ufc fight last night,whos fighting right now ufc,when did conor mcgregor last fight,what time does mcgregor fight tonight,ufc 329 payout,how much is mcgregor making on this fight,when does ufc start tonight,mcgregor leg injury,mcgregor vs holloway 2 where to watch,ufc fights tonight where to watch,ufc press conference 329,conner fight,featherweight ufc,max holloway son,connor mcgreggor fight,who won the ufc fight,where can i watch conor mcgregor fight,conor mcgregor pay for ufc 329,mcgregor card,when does ufc start,where is the mcgregor fight,how can i watch the ufc fight tonight,mcgregor fight results,who is mcgregor fighting,did conor mcgregor win tonight,what is the mcgregor fight on,mcgregor knee injury,how old is conor mcgregor and max holloway,how much are ufc tickets,mcgregor vs holloway fight,has the mcgregor fight started,tom aspinall,conor mcgregor net worth,why did conor mcgregor stop fighting,has the conor mcgregor fight started,ufc 329 tickets,conor mcgregor vs max holloway who won,conor mcgregor vs holloway,how many rounds is mcgregor vs holloway,what weight is mcgregor fighting at,who won the mcgregor fight last night,how did mcgregor break his leg,did conor mcgregor break his leg,mcgregor vs holloway 2026,connor mcgregor knee,last mcgregor fight,when was max holloway's last fight,conor mcgregor weight,who is paddy fighting,ufc fight live,max.holloway,where are the ufc fights tonight,where is the mcgregor holloway fight,did max holloway and conor mcgregor fight,mcgregor vs holloway prediction,what weight class is conor mcgregor,mcgregor fight live,who won conor vs holloway 2026,when did mcgregor last fight,did mcgregor lose,did conor mcgregor beat max holloway today,ufc 326,last conor mcgregor fight,mcgregor acl,mcgregor fight who won,where does conor mcgregor live,did conor mcgregor fight tonight,how much is max holloway getting paid for ufc 329,garza ufc,max vs conor 1,mcgregor leg,how much did max holloway win tonight,conor mcgregor results,did holloway beat mcgregor,what time does paddy fight,ufc stream tonight,how much did conor mcgregor make in his last fight,tonights ufc card,how to watch the conor mcgregor fight,how much will conor mcgregor make tonight,mcgregor vs holloway payout,mcgregor lost,conor mcgregor payout,mcgregor vs holloway winner,ufc fight times,mcgregor holloway 2,connor and max fight,where can you watch the conor mcgregor fight,conor mcgregor fight winner,what channel is ufc on tonight,max holloway fights,mcgregor foght,conor mcgregor vs max holloway 2 winner,connor mc,who did conor mcgregor fight last,connor mcgregor vs max holloway,conor mcgregor fight history,mcgregor vs holloway highlights,ufc live events,ufc tonight card,conor mcgregor knocked out,prelims ufc,max holloway weight,main event,connor mcgregor record,when was conor mcgregor's last ufc fight,mcgregor's last fight,max holloway conor mcgregor,conor mcgregor acl,how much will mcgregor make tonight,conor mcgregor lost,mcgregor vs halloway,who won conor mcgregor fight,where is conor mcgregor fighting,who won conor mcgregor vs max holloway 2026,when was mcgregor's last fight,where is mcgregor vs holloway,conor mcgregor fights,conor mcgregor kids,ufc card 329,conor vs holloway 1,next ufc fight,how old is mcgregor conor,conor mcgregor live,ufc conor mcgregor,mcgregor holloway odds,ufc 329 conor,ufc live updates,connor mcgregor last fight,conor mcgregor vs max holloway 2 live,watch mcgregor fight,has conor mcgregor fought yet,ufc referees,mcgregor vs holloway 2 results,ufc fight where to watch,what time mcgregor fight,who won max holloway vs conor mcgregor 1,espn ufc,what happened to conor mcgregor tonight,conor mcgregor breaks leg,where can i watch mcgregor vs holloway,where to watch conor mcgregor vs max holloway,connor.mcgregor,mcgregor odds,conor mcgregor max holloway fight,fight tonight ufc,ufc odds,conor mcgregor weigh in,mma fight,mcgregor v holloway,mcgregor vs holloway video,mcgregor injury update,watch ufc 329,mcgregor knocked out,holloway last fight,did conor mcgregor win today,mcgregor fights,is the mcgregor fight over,conor mcgregor loss,t mobile stadium,ufc fight schedule tonight,the fight tonight,conor mcgregor versus max holloway,mcgregor payout tonight,conor mcgregor last match,what happened in the conor mcgregor fight,sherdog,ufc results last night,watch ufc tonight,basharat ufc,who won conor vs holloway 1,is the conor mcgregor fight tonight,ufc fight tonight results,connor mcregor,ufc 329 odds,mcgregor fight today,holloway fight,did conor mcgregor win last night,main card ufc 329,conor mcgregor fight today,conor vs max holloway,did connor mcgregor win,conor mcgregor losses,mcgregor vs max holloway,ufc 329 conor mcgregor,conor mcgregor news,aaron rodgers jets,where to watch ufc fight,how much did connor mcgregor make tonight,when is connor and max fighting,holloway mcgregor 1,where can i watch ufc,where does max holloway live,when does paddy pimblett fight,is paddy pimblett fighting tonight,max vs connor,how much will conor mcgregor make on his next fight,mcgregor vs holloway watch,how old conor mcgregor,max holloway purse,when does mcgregor fight start,ufc fight order tonight,ufc cards,max vs conor 2,ufc mcgregor vs holloway 2,mcgregor vs holloway how to watch,who is fighting in the ufc tonight,sean o malley,who won the max holloway conor mcgregor fight,who won mcgregor vs holloway today,mcgregor loss,did conor mcgregor lose,conor mcgregor's last fight,ufc fight tickets,fights,mcgregor net worth 2026,mcgregor tko,who won holloway vs mcgregor,ufc 329 watch,who won mcgregor or holloway,conor fight tonight,ufc 329 highlights,conor mcgregor statement,max holloway payout,mc gregor fight,fight last night,conor mcgregor fight last night,max holloway net worth 2026,mcgregor broken leg fight,conor mcgregor acl tear,mcgregor vs holloway streaming live,connor mcgregor leg,how much is max holloway making this fight,mcgregor vs holloway live updates,how much did mcgregor make vs holloway,what happened to conor mcgregor's leg,mac","./explore?q=mcgregor%20vs%20holloway&geo=US"
"dallas fed unauthorized immigration housing","20 mil+","12 de julho de 2026 às 15:00:00 UTC-3",,"dallas fed unauthorized immigration housing","./explore?q=dallas%20fed%20unauthorized%20immigration%20housing&geo=US"
"dancing with the stars the next pro","20 mil+","13 de julho de 2026 às 09:30:00 UTC-3",,"dancing with the stars the next pro,dwts the next pro,mark ballas,shirley ballas,dancing with the stars,where to watch dancing with the stars the next pro,dancing with the stars cast 2026,robert irwin","./explore?q=dancing%20with%20the%20stars%20the%20next%20pro&geo=US"
"mayor of kingstown","50 mil+","12 de julho de 2026 às 12:10:00 UTC-3",,"mayor of kingstown,the westies,the westies (tv series),westies","./explore?q=mayor%20of%20kingstown&geo=US"
"adrien broner","20 mil+","9 de julho de 2026 às 16:10:00 UTC-3",,"adrien broner","./explore?q=adrien%20broner&geo=US"
"sorloth","50 mil+","11 de julho de 2026 às 18:10:00 UTC-3",,"sorloth,alexander sorloth,sorloth not passing to haaland","./explore?q=sorloth&geo=US"
"scott bryce","10 mil+","13 de julho de 2026 às 01:40:00 UTC-3",,"scott bryce","./explore?q=scott%20bryce&geo=US"
"san antonio spurs","20 mil+","13 de julho de 2026 às 14:30:00 UTC-3",,"san antonio spurs,jordan mclaughlin","./explore?q=san%20antonio%20spurs&geo=US"
"nantucket","50 mil+","7 de julho de 2026 às 22:10:00 UTC-3",,"nantucket","./explore?q=nantucket&geo=US"
"lewis hamilton","20 mil+","13 de julho de 2026 às 16:10:00 UTC-3",,"lewis hamilton,kim kardashian","./explore?q=lewis%20hamilton&geo=US"
"harrison ford","10 mil+","12 de julho de 2026 às 16:10:00 UTC-3",,"harrison ford","./explore?q=harrison%20ford&geo=US"
"rihanna","10 mil+","13 de julho de 2026 às 03:00:00 UTC-3",,"rihanna,rihanna surprise nyc appearance","./explore?q=rihanna&geo=US"
"rubio icc","10 mil+","13 de julho de 2026 às 15:40:00 UTC-3",,"rubio icc","./explore?q=rubio%20icc&geo=US"
"nikita hand","20 mil+","11 de julho de 2026 às 21:20:00 UTC-3",,"nikita hand,is conor mcgregor married,connor mcgregor wife,conor mcgregor sexual assault,was conor mcgregor proven innocent,conor mcgregor rapping case,conor mcgregor charges,conor mcgregor allegations","./explore?q=nikita%20hand&geo=US"
"adam driver","10 mil+","13 de julho de 2026 às 17:40:00 UTC-3",,"adam driver,patrick wilson,adam driver magneto","./explore?q=adam%20driver&geo=US"
"daytime emmy nominations 2026","5 mil+","13 de julho de 2026 às 19:50:00 UTC-3",,"daytime emmy nominations 2026","./explore?q=daytime%20emmy%20nominations%202026&geo=US"
"avengers doomsday","20 mil+","11 de julho de 2026 às 14:10:00 UTC-3",,"avengers doomsday","./explore?q=avengers%20doomsday&geo=US"
"all star game","20 mil+","12 de julho de 2026 às 13:50:00 UTC-3",,"all star game,kyle schwarber stats","./explore?q=all%20star%20game&geo=US"
"kfc popcorn chicken","20 mil+","13 de julho de 2026 às 17:50:00 UTC-3",,"kfc popcorn chicken,kfc popcorn chicken comeback","./explore?q=kfc%20popcorn%20chicken&geo=US"
"stephen king thriller hbo max","10 mil+","13 de julho de 2026 às 07:40:00 UTC-3",,"stephen king thriller hbo max","./explore?q=stephen%20king%20thriller%20hbo%20max&geo=US"
"dougie joseph","10 mil+","13 de julho de 2026 às 17:30:00 UTC-3",,"dougie joseph","./explore?q=dougie%20joseph&geo=US"
"saint satine","20 mil+","13 de julho de 2026 às 14:50:00 UTC-3",,"saint satine,lexie saint satine,did lexie leave saint satine,saint satine members lexie","./explore?q=saint%20satine&geo=US"
"sunshine protection act","20 mil+","13 de julho de 2026 às 15:10:00 UTC-3",,"sunshine protection act,time,when is daylight saving time,permanent daylight saving time legislation,reason","./explore?q=sunshine%20protection%20act&geo=US"
"all american","10 mil+","13 de julho de 2026 às 20:10:00 UTC-3",,"all american,all american season 8,episode 1","./explore?q=all%20american&geo=US"
"theo burrell","20 mil+","12 de julho de 2026 às 10:50:00 UTC-3",,"theo burrell,antiques roadshow star theo burrell,theo burrell brain tumour,antiques roadshow","./explore?q=theo%20burrell&geo=US"
"married at first sight season 20","20 mil+","12 de julho de 2026 às 15:00:00 UTC-3",,"married at first sight season 20,married at first sight","./explore?q=married%20at%20first%20sight%20season%2020&geo=US"
"princess charlotte wimbledon charm bracelet","5 mil+","13 de julho de 2026 às 12:50:00 UTC-3",,"princess charlotte wimbledon charm bracelet","./explore?q=princess%20charlotte%20wimbledon%20charm%20bracelet&geo=US"
"ziaire williams","50 mil+","13 de julho de 2026 às 17:50:00 UTC-3",,"ziaire williams,los angeles lakers","./explore?q=ziaire%20williams&geo=US"
"archie lilibet king charles meeting","100 mil+","13 de julho de 2026 às 16:10:00 UTC-3",,"archie lilibet king charles meeting,meghan prince harry uk visit,harry archie lilibet king meeting,prince harry,meghan,meghan, duchess of sussex,prince harry uk royal visit,prince harry meghan charles visit,king charles,prince harry king charles meeting,harry,highgrove house,meghan markle uk family visit,charles iii,king charles meets grandchildren,meghan markle","./explore?q=archie%20lilibet%20king%20charles%20meeting&geo=US"
"dallas jenkins investor lawsuit response","2 mil+","13 de julho de 2026 às 19:10:00 UTC-3",,"dallas jenkins investor lawsuit response","./explore?q=dallas%20jenkins%20investor%20lawsuit%20response&geo=US"
"pete hegseth pentagon doj leak taskforce","5 mil+","13 de julho de 2026 às 19:10:00 UTC-3",,"pete hegseth pentagon doj leak taskforce","./explore?q=pete%20hegseth%20pentagon%20doj%20leak%20taskforce&geo=US"
"lebron cleveland","200 mil+","10 de julho de 2026 às 05:10:00 UTC-3","13 de julho de 2026 às 20:20:00 UTC-3","lebron cleveland,lebron james trade,76ers,cleveland cavaliers,espn,bob myers,cleveland cavaliers lebron james,nba scores,pitch,free","./explore?q=lebron%20cleveland&geo=US"
"barbie ferreira","5 mil+","13 de julho de 2026 às 07:50:00 UTC-3",,"barbie ferreira","./explore?q=barbie%20ferreira&geo=US"
"netflix","50 mil+","13 de julho de 2026 às 20:10:00 UTC-3","14 de julho de 2026 às 00:20:00 UTC-3","netflix,will ferrell,netflix home run derby","./explore?q=netflix&geo=US"
"haboob","20 mil+","13 de julho de 2026 às 22:20:00 UTC-3",,"haboob,phoenix weather,monsoon,dust storm warning,storm,dust storm phoenix,haboob phoenix,haboob arizona,dust storm,dust advisory","./explore?q=haboob&geo=US"
"william, prince of wales","5 mil+","13 de julho de 2026 às 20:20:00 UTC-3",,"william, prince of wales","./explore?q=william%2C%20prince%20of%20wales&geo=US"
"barry bonds","10 mil+","13 de julho de 2026 às 20:00:00 UTC-3",,"barry bonds,peyton bonds","./explore?q=barry%20bonds&geo=US"
"bonnie tyler","1 mi+","9 de julho de 2026 às 06:10:00 UTC-3","14 de julho de 2026 às 00:00:00 UTC-3","bonnie tyler,total eclipse of the heart,bonnie tyler songs,bonnie tyler cause of death,bonnie taylor,bonnie tyler total eclipse of the heart,how did bonnie tyler die,holding out for a hero,bonnie tyler death,tyler hero,bonnie tyler net worth,i need a hero,what did bonnie tyler die of,did bonnie tyler die,bonnie tyler died,bonnie tyler dead,bonny tyler,who died today,is bonnie tyler still alive?,welsh singer bonnie tyler,jim steinman,heart","./explore?q=bonnie%20tyler&geo=US"
"brittany mahomes","2 mil+","13 de julho de 2026 às 20:50:00 UTC-3",,"brittany mahomes","./explore?q=brittany%20mahomes&geo=US"
"pickaxe mountain","10 mil+","13 de julho de 2026 às 17:50:00 UTC-3",,"pickaxe mountain,pickaxe mountain iran,foxnews","./explore?q=pickaxe%20mountain&geo=US"
"bastille day","10 mil+","9 de julho de 2026 às 19:00:00 UTC-3",,"bastille day","./explore?q=bastille%20day&geo=US"
"joe amabile","2 mil+","13 de julho de 2026 às 20:40:00 UTC-3",,"joe amabile","./explore?q=joe%20amabile&geo=US"
"马兴瑞","1 mil+","14 de julho de 2026 às 00:10:00 UTC-3",,"马兴瑞","./explore?q=%E9%A9%AC%E5%85%B4%E7%91%9E&geo=US"
"mlb draft","500 mil+","10 de julho de 2026 às 08:50:00 UTC-3","13 de julho de 2026 às 23:00:00 UTC-3","mlb draft,mlb draft 2026,roch cholowsky,north carolina,2026 mlb draft,mlb mock draft 2026,mlb draft time,mlb draft order,mlb standings,how many rounds are in the mlb draft,mlb draft live,when is the mlb draft,mob draft,mlb mock draft,what time is the mlb draft,mlb standings 2026,where to watch mlb draft,mlb draft results,braves game today,what time does the mlb draft start,espn mlb,mlb draft order 2026,when does the mlb draft start,mlb draft start time,mlb draft day 2,mlb draft picks,mlb draft 2026 mock,mlb draft prospects,when is the mlb draft 2026,when is mlb draft,what channel is the mlb draft on,mlb draft 2026 time,mlb baseball draft,when does mlb draft start,baseball games today,where can i watch the mlb draft,mlb draft channel,mlb games today,mlb baseball mock draft","./explore?q=mlb%20draft&geo=US"
"shia labeouf","5 mil+","13 de julho de 2026 às 01:10:00 UTC-3",,"shia labeouf","./explore?q=shia%20labeouf&geo=US"
"willson contreras","20 mil+","13 de julho de 2026 às 21:00:00 UTC-3","14 de julho de 2026 às 00:30:00 UTC-3","willson contreras,contreras","./explore?q=willson%20contreras&geo=US"
"world cup finals","500 mil+","11 de julho de 2026 às 18:40:00 UTC-3",,"world cup finals,fifa world cup 2026™,france vs argentina,next world cup game,what time is the world cup game today,final world cup 2026,world cup final 2026,argentina game today,soccer games today,is there a world cup game today,soccer game,world cup bracket,fifa world cup brackets,where is the world cup final 2026,world cup winners,fifa games today,world cup live,soccer game today,fifa game today,did argentina win today,fifa live,who is left in the world cup,who's left in the world cup,when is the world cup final,argentina vs france,fifa semi final 2026,fifa schedule,how many teams are left in the world cup,fifa bracket,world,fifa rankings,semifinal world cup 2026,is france still in the world cup,world cup bracket today,whos still in the world cup,what teams are left in the world cup,news today world,soccer today,who is still in the world cup,what teams are still in the world cup,game today world cup,who won today in the world cup,game today,how to watch world cup,semi final world cup 2026,fifa matches,wc bracket,world cup semifinals,where to watch fifa world cup 2026,argentina vs spain,teams left in world cup,world.cup schedule,fifa world rankings,fifa semi finals,fifa match today,soccer games today live,world cup 2026 matches,england vs argentina world cup 2026,fifa brackets,fifa bracket 2026,fifa world cup winners,fox world cup,fox sports world cup,world cup quarter finals,fifa games schedule,2026 world cup,england vs argentina world cup,bracket world cup,soccer scores today,fifa world cup schedule,are there any world cup games today,wc games,soccer game score,argentina world cup schedule,when is world cup final 2026,world cup match schedule,where is the world cup game today,bracket,whos left in the world cup,england vs argentina odds,who's playing in the world cup today,next world cup games,world cup games schedule,argentina vs england world cup,argentina vs england prediction,world cup game schedule,wc schedule,is there a soccer game today,world cup brackets,who is still in the world cup 2026,where will the world cup final be,world cup 2026 schedule,world cip,england argentina world cup,world cup.schedule,2026 fifa world cup final date,world cup matches today live,fifa semifinals,semifinals,teams still in the world cup,england vs argentina prediction,fifa schedule 2026,fifa 2026 schedule,argentina today,spain vs argentina,world cup final time,upcoming world cup matches,world cup tournament bracket 2026,2026 world cup schedule,world cup semis,world cup semi final schedule,fifa quarter finals,france next game,bracket world cup 2026,world cup quarter finals schedule,soccer schedule,argentina vs england odds,fifa world cup 2026 schedule,world cup standings today,current world cup bracket,fifa world cup bracket,worldcup bracket","./explore?q=world%20cup%20finals&geo=US"
"cameron brink","20 mil+","13 de julho de 2026 às 19:20:00 UTC-3",,"cameron brink,fire vs dream,is angel reese playing today,atlanta dream,angel reese,portland fire,megan gustafson,bridget carleton","./explore?q=cameron%20brink&geo=US"
"chicago bulls","20 mil+","13 de julho de 2026 às 21:20:00 UTC-3",,"chicago bulls,bulls summer league,pistons,pirates game,brewers game today,pittsburgh pirates,knicks summer league,espn mlb scores,pirates score,brewers game,pirates game today,pirates vs brewers,pittsburgh pirates game today,brewers vs pirates prediction","./explore?q=chicago%20bulls&geo=US"
"james franco","2 mil+","13 de julho de 2026 às 22:50:00 UTC-3",,"james franco","./explore?q=james%20franco&geo=US"
"rudolph baumann wisconsin lottery win","200 mil+","11 de julho de 2026 às 14:20:00 UTC-3","13 de julho de 2026 às 20:30:00 UTC-3","rudolph baumann wisconsin lottery win","./explore?q=rudolph%20baumann%20wisconsin%20lottery%20win&geo=US"
"trent taylor","200 mil+","11 de julho de 2026 às 15:30:00 UTC-3","13 de julho de 2026 às 23:00:00 UTC-3","trent taylor,trent taylor nfl retirement announcement,san francisco 49ers","./explore?q=trent%20taylor&geo=US"
"rob dieperink","5 mil+","13 de julho de 2026 às 16:30:00 UTC-3",,"rob dieperink","./explore?q=rob%20dieperink&geo=US"
"nolan wells story","50 mil+","10 de julho de 2026 às 08:30:00 UTC-3",,"nolan wells story,nolan wells update,colin kaepernick,byron allen,nolan wells autopsy,what is happening today,nolan wells autopsy update,ben crump,tyler perry,what happened to nolan wells,who is nolan wells,rollingstone,al sharpton,crump","./explore?q=nolan%20wells%20story&geo=US"
"dairy queen franchise locations closed","500 mil+","9 de julho de 2026 às 19:20:00 UTC-3","13 de julho de 2026 às 10:50:00 UTC-3","dairy queen franchise locations closed,dairy queen franchisee locations closed,dairy queen closures,ice cream","./explore?q=dairy%20queen%20franchise%20locations%20closed&geo=US"
"paul wesley","5 mil+","13 de julho de 2026 às 13:00:00 UTC-3",,"paul wesley","./explore?q=paul%20wesley&geo=US"
"ben rice","20 mil+","13 de julho de 2026 às 20:30:00 UTC-3","14 de julho de 2026 às 00:20:00 UTC-3","ben rice,ben rice home run derby,ben rice dad,ben rice yankees,new home run derby rules,home run derby 2026","./explore?q=ben%20rice&geo=US"
"meleek thomas","2 mil+","13 de julho de 2026 às 22:10:00 UTC-3",,"meleek thomas","./explore?q=meleek%20thomas&geo=US"
"peckish smackdown kisser","20 mil+","13 de julho de 2026 às 07:40:00 UTC-3",,"peckish smackdown kisser,pet shop boys depeche mode outkast,kisser smackdown peckish,smackdown kisser peckish,sports today,connections hints,outkast depeche mode pet shop boys,erasure outkast depeche mode,nytimes connections,depeche mode outkast pet shop boys","./explore?q=peckish%20smackdown%20kisser&geo=US"
"one big beautiful bill act","100 mil+","12 de julho de 2026 às 09:00:00 UTC-3","13 de julho de 2026 às 22:30:00 UTC-3","one big beautiful bill act,it","./explore?q=one%20big%20beautiful%20bill%20act&geo=US"
"jac caglianone","20 mil+","13 de julho de 2026 às 17:10:00 UTC-3","14 de julho de 2026 às 00:50:00 UTC-3","jac caglianone,caglianone,royals,home run derby 2026,kansas city royals,home run derby participants","./explore?q=jac%20caglianone&geo=US"
"tariff","2 mil+","13 de julho de 2026 às 22:40:00 UTC-3",,"tariff","./explore?q=tariff&geo=US"
"francia vs españa","5 mil+","13 de julho de 2026 às 14:00:00 UTC-3",,"francia vs españa,españa vs francia,cuándo juega francia,a qué horas juega españa","./explore?q=francia%20vs%20espa%C3%B1a&geo=US"
"oribe shampoo recall fda","100 mil+","13 de julho de 2026 às 18:20:00 UTC-3",,"oribe shampoo recall fda,oribe shampoo fda recall,shampoo recall,oribe serene scalp bacteria recall","./explore?q=oribe%20shampoo%20recall%20fda&geo=US"
"retail","200 mil+","12 de julho de 2026 às 07:10:00 UTC-3","13 de julho de 2026 às 13:20:00 UTC-3","retail","./explore?q=retail&geo=US"
"el nino weather forecast","20 mil+","13 de julho de 2026 às 20:50:00 UTC-3",,"el nino weather forecast,el niño weather,california el nino impacts,el niño 2026,el niño,el niño–southern oscillation,weather san antonio,el nino,weather los angeles,el nino 2026,el nino hurricane season","./explore?q=el%20nino%20weather%20forecast&geo=US"
"trump utah monuments size reduction","2 mil+","13 de julho de 2026 às 21:10:00 UTC-3",,"trump utah monuments size reduction","./explore?q=trump%20utah%20monuments%20size%20reduction&geo=US"
"hudson williams","2 mil+","13 de julho de 2026 às 20:20:00 UTC-3",,"hudson williams","./explore?q=hudson%20williams&geo=US"
"jeopardy announcer johnny gilbert birthday","2 mil+","13 de julho de 2026 às 19:30:00 UTC-3",,"jeopardy announcer johnny gilbert birthday","./explore?q=jeopardy%20announcer%20johnny%20gilbert%20birthday&geo=US"
"england norway game","2 mi+","10 de julho de 2026 às 18:00:00 UTC-3","12 de julho de 2026 às 15:00:00 UTC-3","england norway game,norway england,england norway,norway england game,norway,jude bellingham,fifa,who won norway or england,thomas tuchel,andreas schjelderup,fifa world cup,norway game,norway v england,england v norway,bellingham,did norway beat england,england,norway world cup,who won the soccer game today,norway vs england world cup 2026,norway game today,norway versus england,fifa score,norway score,england game,norway and england game,tuchel,schjelderup,norway soccer,norway vs eng,where is norway and england playing,eng vs norway,norway vs,norway vs england score,anthony gordon,what time is norway vs england,kane england,norway and england,norway vs england who won,norway vs england time,julian ryerson,norway england score,england versus norway,did england beat norway,norway team,where to watch norway vs england,bellingham soccer,norway players,england score,england soccer,world cup norway vs england,football,did norway win,england norway score,workd cup,england vs norway score,where is the norway england game,bellingham england,england and norway game,elliot anderson,norway vs england game,world cup england vs norway,when did england win the world cup,torbjørn heggem,england vs,norway fifa,england and norway,who won the last world cup,fifa scores,world cup norway,nor vs eng,has england won a world cup,norway goal,ryerson norway,who won norway vs england,did england win,last time england won the world cup,when is norway vs england,who scored for norway today,england vs norway world cup,england va norway,when was the last time england won the world cup,fifa 2026,england players,did norway win today,uk vs norway,norway world cup history,england coach,england team,fifa norway vs england,who won england vs norway,england vs norway game,did england win the world cup,spence england,who won last world cup,football world cup,a. schjelderup,where to watch england vs norway,where is the england norway game,who won the norway vs england game,what time does england play norway,noruega vs england,semifinals world cup,eng vs nor,england vs norway who won,fifa soccer world cup,wirld cup,norway vs england where to watch,where is norway vs england playing,notway vs england,j bellingham,worls cup,score norway vs england,nyland,nyland norway,score world cup,norway world cup team,fifa norway,england bellingham,norway player,wold cup,who scored for norway,world.cup 2026,what time is the england norway game,norway goalkeeper,how to watch norway vs england,england soccer team,norway soccer game,did england win today,when was the last time norway was in the world cup,england next game,england world cup history,norway coach,norway goalie,watch norway vs england,fifa england vs norway,fifa.,word cup,bellingham goals world cup 2026,england football world cup,has norway won a world cup,england goal,bellingham team,norway vs england final,jude bellingham team,how many goals does jude bellingham have in the world cup,score england vs norway,how many goals does bellingham have this world cup,norway football,world cup england,did england or norway win,england fifa,norway vs england highlights,when is the norway england game,norway vs england goal,norway vs england winner,gordon,itv,2 yellow cards in world cup,worl cup,score of norway vs england,where are norway and england playing,soccer scores,its coming home,bayern munich,england game today,where is thomas tuchel from,who scored norway's goals today,how many goals does bellingham have,who just scored for norway,norway wc,where can i watch norway vs england,jude bellingham stats,norway vs england time left,england vs norway final score,england semi final,first world cup,norway goal vs england,jude bellingham goals world cup,norway vs england who scored,oslo,watch england vs norway,three lions england,spence,gordon england soccer,wprld cup,norway vs england watch,wrld cup,england soccer coach,did england win against norway,bbc iplayer,who scored for england today,fifa final 2026,england vs norway world cup 2026,tuchel england,bellingham world cup goals,norway vs england how much extra time,englad vs norway,norway goal today,three lions,how to watch england vs norway,england world cup squad,how many goals has bellingham scored in the world cup,tuchel coach,did norway or england win,england vs norway final,norway match,why is haaland on the bench,england vs notway,thimas tuchel,norway vs england how long is the game,a schjelderup,schjelderup norway,norway vs engalnd,belingham,how many goals does jude bellingham have,how many goals has jude bellingham scored in the world cup,norway vs england stats,jude bellingham world cup goals,bellingham goals,norway vs englan,noreay vs england,england kane,norway scores,fifa england,england manager,england gordon,norway national team,norway goal disallowed,wngland norway,norwegian soccer team,norway vs. england,mercedes benz stadium,eze arsenal,norway roster world cup,who won the norway england game,fifa today match live","./explore?q=england%20norway%20game&geo=US"
"health care fraud","1 mil+","13 de julho de 2026 às 22:40:00 UTC-3",,"health care fraud","./explore?q=health%20care%20fraud&geo=US"
"christopher nolan","10 mil+","14 de julho de 2026 às 00:30:00 UTC-3",,"christopher nolan,christopher nolan movies","./explore?q=christopher%20nolan&geo=US"
"scottish open","200 mil+","9 de julho de 2026 às 05:00:00 UTC-3","13 de julho de 2026 às 12:40:00 UTC-3","scottish open,genesis scottish open,scottish open 2026,tom kim,min woo lee,tom kim golf,robert macintyre,tom kim golfer","./explore?q=scottish%20open&geo=US"
"regal princess crew search","20 mil+","13 de julho de 2026 às 13:00:00 UTC-3","13 de julho de 2026 às 22:10:00 UTC-3","regal princess crew search,regal princess crew member overboard,princess cruise crew member overboard","./explore?q=regal%20princess%20crew%20search&geo=US"
"switzerland vs argentina","2 mi+","11 de julho de 2026 às 14:20:00 UTC-3","12 de julho de 2026 às 21:20:00 UTC-3","switzerland vs argentina,argentina switzerland,argentina,argentina world cup,who won argentina or switzerland,lionel messi,switzerland,argentina game,argentina vs,switzerland world cup,time,did argentina win,argentina vs switzerland world cup 2026,argentina v switzerland,argentina vs switzerland prediction,world cup score,world cup,argentina score,swiss vs argentina,soccer,switzerland national football team,argentina national football team vs switzerland national football team lineups,switzerland argentina,arg vs switzerland,argentina vs switzerland score,fifa game,argentina national football team vs switzerland national football team stats,argentina versus switzerland,argentina switzerland game,argentina soccer,mac allister,where is argentina playing today,how long is extra time in soccer,world cup argentina vs switzerland,worldcup,argentina match,argentina national football team vs switzerland national football team,where is argentina vs switzerland playing,where to watch argentina national football team vs switzerland national football team,wc,argentina out,argentina vs switzerland highlights,ricardo rodríguez,argentina and switzerland,denis zakaria,manuel akanji,arg vs sui,soccer score,argentina vs swiss,argentina vs switzerland live,world.cup,arrowhead stadium,what time does argentina play today,where is the argentina switzerland game,extra time in soccer,argentina fifa,ricardo rodriguez,who won the argentina game today,who scored for argentina today,world cup soccer argentina,fabian rieder,world cup game today,leo messi,how much extra time in soccer,who won the world cup,macallister,fifa final,argentina roster,who won the argentina switzerland game,did messi score today,how many world cups has messi won,did argentina win last night,alvarez argentina,nicolás tagliafico,what time is the argentina game today,world cup match,macallister argentina,argentina soccer game,how many world cups has argentina won,argentina vs switzerland tickets,arg,argentina goal,soccer world cup,who won the argentina game,argentina team,world cup argentina,world cuo,swiss national team,switzerland fifa ranking,fifa argentina,argentina vs switzerland reddit,argentina game score,argentina goalkeeper,where is the argentina game today,아르헨티나 대 스위스,switzerland v argentina,argentina swiss,switzerland national football team players,soccer games,alvarez,what time is argentina playing today,argentina vs switz,world cup scores today,argentina vs switzerland odds,argentina and switzerland game,argentin,who scored for argentina,argentina jersey,argentina wc,argentina football,world cup scores,switzerland game,world cup extra time rules,argentina va,world cup.,who won argentina vs switzerland,jashari,argentina vs sui,when is the final world cup game,ndoye switzerland,what time is argentina vs switzerland,argentina switzerland score,how much time is extra time in soccer,sui vs arg,when does argentina play in the world cup,weather in kansas city,where to watch argentina vs switzerland,who won soccer game last night,semi finals,ardon jashari,world cip,world cup extra time,did argentina get eliminated from the world cup,switzerland argentina game,argentina vs switzerland who won,argentina vs switerland,when does argentina play,argentina vs switzerland live stream,zeki amdouni,semi finals world cup,score of argentina game today,how many times has argentina won the world cup,fifa argentina vs switzerland,switzerland soccer,argentina score today,switzerland national football team games,when is argentina vs switzerland,how long are world cup games,swiss argentina,kansas city stadium capacity,mac allister argentina,wolrd cup,ricardo rodriguez switzerland,argentina switzerland highlights,argentina game time,argentina vs switzerland location,did argentina win the world cup,world cup quarter finals,when is argentina playing in the world cup,how long are soccer games world cup,switzerland versus argentina,2026 fifa world cup,switzerland team,world cup tickets,world cup streaming,argentina goalie,switzerland world cup history,who scored argentina today,argentina vs switzerland game,switzerland goalkeeper,argentina world cup wins,fifa extra time,switzerland goal,jashari switzerland,j alvarez soccer,argentina switzerland prediction,scaloni,extra time world cup,score argentina vs switzerland,norway vs england how much time left,soccer extra time,who won the world cup game today,argentina vs switzerland time,sui soccer team,argentina vs switzerland goal,switzerland goalie,nicolás otamendi,fifa soccer,argentina next match,argentina alvarez,silvan widmer,how long is extra time,switzerland roster,who did switzerland beat,overtime in soccer,arg sui,argentina national football team vs switzerland national football team matches,world cup game now,world cup overtime,world cup switzerland,who did switzerland beat in the world cup,argentina vs switzerland world cup,who won the argentina game last night,what time does argentina play,golazo,works cup,overtime in world cup,suiza vs,argentina vs switzerland where are they playing,what time is the fifa game today,norway vs england tickets,argentina team players,switzerland vs argentina prediction,alexis macallister,world cup odds,the world cup,free world cup stream,alvarez goal,extra time in world cup,a mac allister,switzerland ranking fifa,fifa finals,what time does the argentina game start,did argentina beat switzerland,who won between argentina and switzerland,how long is world cup extra time,argentina world cup squad,extra time soccer,argentina and switzerland score,when is the argentina game,switzerland score,julian alvarez goal,who won world cup game today,swiss goalie,argentina goals,what time argentina play today,semi finals world cup 2026,argentina soccer team,switzerland and argentina,sui soccer,world cup game score,how long is extra time in the world cup,阿根廷 - 瑞士,sweden vs argentina 2026,argentina vs switzerland extra time,who won today in the world cup,argentina lineup,who scored argentina goal today,argentina switzerland odds,where to watch fifa,how many minutes is extra time in soccer,mac,romero argentina,julian alvarez soccer,argentina vs switzerland final score","./explore?q=switzerland%20vs%20argentina&geo=US"
"haaland raccoon","2 mil+","13 de julho de 2026 às 18:40:00 UTC-3",,"haaland raccoon","./explore?q=haaland%20raccoon&geo=US"
"tennessee","5 mil+","13 de julho de 2026 às 12:30:00 UTC-3",,"tennessee","./explore?q=tennessee&geo=US"
"ps plus extra july 2026","2 mil+","13 de julho de 2026 às 18:40:00 UTC-3",,"ps plus extra july 2026,playstation plus","./explore?q=ps%20plus%20extra%20july%202026&geo=US"
"red sox vs mets","100 mil+","10 de julho de 2026 às 19:10:00 UTC-3","13 de julho de 2026 às 10:50:00 UTC-3","red sox vs mets,red sox,red sox - mets,mets,boston red sox,francisco lindor,redsox,mets game today,mets score,ny mets","./explore?q=red%20sox%20vs%20mets&geo=US"
"jeff bezos","50 mil+","12 de julho de 2026 às 15:40:00 UTC-3","13 de julho de 2026 às 21:50:00 UTC-3","jeff bezos,mackenzie scott,mackenzie scott 20 million donation","./explore?q=jeff%20bezos&geo=US"
"trey alexander","500+","14 de julho de 2026 às 00:10:00 UTC-3",,"trey alexander","./explore?q=trey%20alexander&geo=US"
"sinner vs zverev","500 mil+","12 de julho de 2026 às 01:10:00 UTC-3","13 de julho de 2026 às 02:50:00 UTC-3","sinner vs zverev,jannik sinner,jannik sinner alexander zverev wimbledon,wimbledon finals,wimbledon 2026,zverev,wimbledon,sinner,alexander zverev,sinner vs djokovic,wimbledon final,zverev vs sinner,alcaraz,sinner tennis,who won wimbledon 2026,tennis,djokovic vs sinner,sinner zverev,novak djokovic,mens wimbledon 2026,djokovic,tennis wimbledon,caroline wozniacki,wimbledon womens final,alcaraz injury,wimbe,wimbledon live,cna,jannik sinner age,where to watch wimbledon,zverev sinner,wimbledon 2026 where to watch,wimbledon score,sinner djokovic,sascha zverev,wimbledon results,where is wimbledon,tennis player alexander zverev news,sinner vs zverev prediction,sinner grand slams,what time is wimbledon final,j sinner,who won wimbledon today,alcaraz grand slams,atp live rankings,alcaraz wimbledon,score,sinner age,jannik sinner grand slams,who won wimbledon,jannik sinner vs alexander zverev,wimbledon winners,wimbledon 2025,alex zverev,how many majors has sinner won,wimbledon where to watch,french open,sinner grand slam titles,beats,zverev vs sinner head to head,wimbledon men's final,sinner age tennis,wimbleton,sinner vs zverev head to head,arthur fery tennis,sinner vs djokovic prediction,how old is zverev,novak,where is wimbledon played,wimbledon mens final 2026,mens wimbledon finals,djokovic sinner","./explore?q=sinner%20vs%20zverev&geo=US"
"diamondbacks vs dodgers","200 mil+","10 de julho de 2026 às 22:20:00 UTC-3","13 de julho de 2026 às 11:50:00 UTC-3","diamondbacks vs dodgers,dbacks - dodgers,dodgers vs diamondbacks,james mccann,arizona diamondbacks,dbacks","./explore?q=diamondbacks%20vs%20dodgers&geo=US"
"seven dolors priest dui","2 mil+","13 de julho de 2026 às 20:50:00 UTC-3",,"seven dolors priest dui","./explore?q=seven%20dolors%20priest%20dui&geo=US"
"evil dead burn","200 mil+","7 de julho de 2026 às 17:10:00 UTC-3","13 de julho de 2026 às 05:10:00 UTC-3","evil dead burn,evil dead","./explore?q=evil%20dead%20burn&geo=US"
"big cass","2 mil+","13 de julho de 2026 às 22:30:00 UTC-3",,"big cass,enzo amore","./explore?q=big%20cass&geo=US"
"eclipse solar","20 mil+","12 de julho de 2026 às 23:50:00 UTC-3",,"eclipse solar,total solar eclipse,solar eclipse,2026 solar eclipse path nasa","./explore?q=eclipse%20solar&geo=US"
"moana 2026","200 mil+","8 de julho de 2026 às 14:10:00 UTC-3","13 de julho de 2026 às 21:40:00 UTC-3","moana 2026,moana live action,moana 2,movies,moana movie,live action moana,box office,dwayne johnson,catherine laga'aia,moana live action cast,auli'i cravalho","./explore?q=moana%202026&geo=US"
"argentina - suiza","200 mil+","11 de julho de 2026 às 21:00:00 UTC-3","12 de julho de 2026 às 23:00:00 UTC-3","argentina - suiza,argentina suiza,suiza vs argentina","./explore?q=argentina%20-%20suiza&geo=US"
"gable steveson","200 mil+","8 de julho de 2026 às 21:20:00 UTC-3","13 de julho de 2026 às 17:00:00 UTC-3","gable steveson,elisha ellison,jon jones,gable steveson ufc,gable stevenson,john jones,gable steveson vs elisha ellison,josh hokit,gable steveson wwe,gable steveson fight,gable steveson ufc debut,gable steveson josh hokit matchup,gable steveson nfl,gable steveson olympics,gable steveson record,elisha ellison ufc,bo nickal","./explore?q=gable%20steveson&geo=US"
"stock market today","200 mil+","8 de julho de 2026 às 04:50:00 UTC-3","13 de julho de 2026 às 18:40:00 UTC-3","stock market today,sp 500,dow today,s&p","./explore?q=stock%20market%20today&geo=US"
"ryan howard","5 mil+","13 de julho de 2026 às 22:10:00 UTC-3","14 de julho de 2026 às 01:00:00 UTC-3","ryan howard","./explore?q=ryan%20howard&geo=US"
"hunt for the wilderpeople","2 mil+","13 de julho de 2026 às 04:30:00 UTC-3",,"hunt for the wilderpeople","./explore?q=hunt%20for%20the%20wilderpeople&geo=US"
"connor murphy","200 mil+","7 de julho de 2026 às 19:20:00 UTC-3","13 de julho de 2026 às 08:30:00 UTC-3","connor murphy,connor murphy fitness,conor murphy,connor murphy death,connor murphy bodybuilder,connor murphy influencer,connor murphy dead,connor murphy youtube","./explore?q=connor%20murphy&geo=US"
"mindy kaling","500+","14 de julho de 2026 às 00:50:00 UTC-3",,"mindy kaling","./explore?q=mindy%20kaling&geo=US"
"nascar","100 mil+","12 de julho de 2026 às 22:10:00 UTC-3","13 de julho de 2026 às 12:10:00 UTC-3","nascar,nascar race today,nascar race,nascar results,echopark speedway,nascar today,ryan blaney,quaker state 400,nascar standings,echo park speedway,nascar atlanta,nascar results yesterday,nascar race results,atlanta motor speedway,who won the nascar race yesterday,who won the nascar race last night,atlanta nascar race,echopark speedway weather,who won the nascar race today,who won nascar race yesterday,nascar results today,nascar update,nascar race today live,atlanta nascar race today,nascar cup series,nascar qualifying,weather atlanta","./explore?q=nascar&geo=US"
"noruega - inglaterra","500 mil+","11 de julho de 2026 às 17:10:00 UTC-3","12 de julho de 2026 às 10:50:00 UTC-3","noruega - inglaterra,noruega vs inglaterra,inglaterra vs noruega,noruega vs. inglaterra,noruega vs,noruega,noruega inglaterra,inglaterra,selección de fútbol de inglaterra,a qué hora juega inglaterra,inglaterra noruega,selección de fútbol de noruega,cómo va inglaterra,dónde mirar selección de fútbol de noruega contra selección de fútbol de inglaterra,aviso de calor,a qué hora juega noruega,noruega vs inglaterra hoy,a que hora juega noruega hoy,noruega hoy,quien gano argentina o suiza,noruega e inglaterra,a que hora juega noruega vs inglaterra,inglaterra hoy,alineaciones de selección de fútbol de noruega contra selección de fútbol de inglaterra,quien gano noruega o inglaterra,cuándo juega inglaterra,estadísticas de selección de fútbol de noruega contra selección de fútbol de inglaterra,cómo va noruega","./explore?q=noruega%20-%20inglaterra&geo=US"
"kospi","5 mil+","13 de julho de 2026 às 00:20:00 UTC-3",,"kospi,kospi index,kospi stock","./explore?q=kospi&geo=US"
"sophie cunningham ufc ring girl","100 mil+","12 de julho de 2026 às 06:20:00 UTC-3","13 de julho de 2026 às 19:30:00 UTC-3","sophie cunningham ufc ring girl,sophie cunningham,dana white,sophie cunningham ufc octagon girl,indiana fever sophie cunningham,ufc events,sophie cunningham ufc,paddy vs saint denis,sophie cunningham ring girl,who is sophie cunningham","./explore?q=sophie%20cunningham%20ufc%20ring%20girl&geo=US"
"fever vs aces","200 mil+","12 de julho de 2026 às 21:40:00 UTC-3","13 de julho de 2026 às 09:10:00 UTC-3","fever vs aces,indiana fever las vegas aces,indiana fever,kelsey mitchell,fever game,las vegas aces,aja wilson,aces vs fever,indiana fever vs las vegas aces match player stats,a'ja wilson,fever,fever game today,caitlin clark indiana fever,monique billings,fever score,aces wnba,jackie young,where to watch indiana fever vs las vegas aces,fever schedule,wnba scores,tyasha harris,nalyssa smith,caitlin clark stats,fever vs aces prediction,indiana fever vs las vegas aces","./explore?q=fever%20vs%20aces&geo=US"
"pip","100 mil+","12 de julho de 2026 às 01:00:00 UTC-3","13 de julho de 2026 às 05:00:00 UTC-3","pip","./explore?q=pip&geo=US"
"american century championship","200 mil+","9 de julho de 2026 às 09:30:00 UTC-3","13 de julho de 2026 às 14:00:00 UTC-3","american century championship,mardy fish,american century championship 2026 leaderboard,annika sorenstam,pavelski,joe pavelski,american century championship 2026,sorenstam,celebrity golf tournament,who is mardy fish,american century championship leaderboard,mardy fish golf,pavelski golf,tony romo,where is the american century championship played,miles teller,where is the american century championship","./explore?q=american%20century%20championship&geo=US"
"brewers vs pirates","200 mil+","10 de julho de 2026 às 18:50:00 UTC-3","12 de julho de 2026 às 22:30:00 UTC-3","brewers vs pirates,henry davis,pirates schedule,where to watch milwaukee brewers vs pittsburgh pirates,pirates game today","./explore?q=brewers%20vs%20pirates&geo=US"
"yankees vs nationals","100 mil+","10 de julho de 2026 às 18:50:00 UTC-3","13 de julho de 2026 às 01:40:00 UTC-3","yankees vs nationals,yankees - nationals,jazz chisholm jr.,yankees game today,yankee game today,matt krook","./explore?q=yankees%20vs%20nationals&geo=US"
"phillies vs tigers","100 mil+","10 de julho de 2026 às 18:50:00 UTC-3","13 de julho de 2026 às 10:50:00 UTC-3","phillies vs tigers,tarik skubal,tigers game today","./explore?q=phillies%20vs%20tigers&geo=US"
"old farmer's almanac fall forecast","20 mil+","12 de julho de 2026 às 17:30:00 UTC-3","13 de julho de 2026 às 18:10:00 UTC-3","old farmer's almanac fall forecast,old farmer almanac 2026 autumn,forecast","./explore?q=old%20farmer%27s%20almanac%20fall%20forecast&geo=US"
"belgium vs spain","500 mil+","9 de julho de 2026 às 18:50:00 UTC-3","12 de julho de 2026 às 02:10:00 UTC-3","belgium vs spain,spain belgium,spain,spain vs belgium prediction,spain v belgium,españa vs,spain vs belgium world cup 2026,spain game,spain world cup,belgium spain,spain vs,spain belgium game,bovada,charles de ketelaere,mikel merino,spain national football team vs belgium national football team lineups,soccer fifa world cup,spain score,spain and belgium game,de ketelaere,spain national football team,spain national football team vs belgium national football team stats,world cup game today,spain vs belgium tickets,spain soccer,what time is the world cup game today,espana vs belgium,fabian ruiz,pau cubarsí,spain game today,spain versus belgium,spain and belgium,foxone,spain vs belguim,spain vs belgium score,axel witsel,fifa game today,cubarsi,espana vs belgica,lukaku,where is spain and belgium playing,spain national football team vs belgium national football team,spain fifa,belgium spain game,spain national football team vs belgium national football team timeline,spain belgium score,world cup match today,belgium v spain,world cup spain vs belgium,belgium players,merino,did spain win,fox one free trial,pedri spain,world cup 2026 matches,esp vs bel,merino spain,david raya,spain players,world cup spain,where to watch spain national football team vs belgium national football team,espana vs,world cup game tomorrow,joaquin seys,semi final world cup,romelu lukaku,spain wc,news today world,who scored for spain today,ketelaere,spain vs belgium today,did spain win today,spain national football team games,spain vs belgium live,livescore,mike penders,witsel,where is the spain belgium game,alexis saelemaekers,what color is spain wearing today,spain vs france world cup 2026,spain team,spain vs belgium highlights,fifa match today,watch world cup live for free,next world cup game,esp,spain belgium prediction,timothy castagne,what time does spain play today,who won belgium or spain,cucurella spain,france vs spain world cup 2026,game today,c. de ketelaere,france spain,spain scores,spain vs bel,belgium de ketelaere,spain goal,fox one world cup,france vs spain world cup,spain vs belgium stats,cubarsi spain,soain vs belgium,spain belgium highlights,belgium vs spain prediction,spain world cup squad,game today world cup,is there a world cup game today,ketelaere belgium,who won spain vs belgium,lukaku belgium,spain vs belgium odds,spain world cup schedule,los angeles stadium world cup,brandon mechele,world cup matches today live,deketelaere,m merino,fifa world cup matches,where is spain vs belgium playing,charles de ketelaere belgium,belgium goal,today world cup match,world cup semi finals,spain vs belgium game,world cup match schedule,spain vs belgum,spain lineup,wc schedule,fox sports one,spain. vs belgium,did spain beat belgium,france vs belgium,lamine yamal world cup goals,merino footballer,fabian spain,today's weather,spain vs belgium location,danny olmo,fifa match,soain belgium","./explore?q=belgium%20vs%20spain&geo=US"
"united states department of justice","100 mil+","10 de julho de 2026 às 15:10:00 UTC-3","12 de julho de 2026 às 14:50:00 UTC-3","united states department of justice","./explore?q=united%20states%20department%20of%20justice&geo=US"
"linda cardellini","2 mil+","13 de julho de 2026 às 20:20:00 UTC-3",,"linda cardellini","./explore?q=linda%20cardellini&geo=US"
"braves vs cardinals","100 mil+","10 de julho de 2026 às 20:20:00 UTC-3","13 de julho de 2026 às 10:40:00 UTC-3","braves vs cardinals","./explore?q=braves%20vs%20cardinals&geo=US"
"bankruptcy","50 mil+","12 de julho de 2026 às 08:20:00 UTC-3","13 de julho de 2026 às 14:30:00 UTC-3","bankruptcy","./explore?q=bankruptcy&geo=US"
"sony digital only transition","20 mil+","12 de julho de 2026 às 17:20:00 UTC-3","14 de julho de 2026 às 00:40:00 UTC-3","sony digital only transition","./explore?q=sony%20digital%20only%20transition&geo=US"
"fox news iran","200 mil+","9 de julho de 2026 às 15:20:00 UTC-3","12 de julho de 2026 às 13:50:00 UTC-3","fox news iran,trump iran news,trump iran,iran news,trump,israel news","./explore?q=fox%20news%20iran&geo=US"
"cubs vs reds","100 mil+","10 de julho de 2026 às 19:10:00 UTC-3","13 de julho de 2026 às 09:40:00 UTC-3","cubs vs reds,alex bregman","./explore?q=cubs%20vs%20reds&geo=US"
"tzuyu","500+","14 de julho de 2026 às 00:10:00 UTC-3",,"tzuyu","./explore?q=tzuyu&geo=US"
"margaret qualley","200 mil+","8 de julho de 2026 às 03:30:00 UTC-3","12 de julho de 2026 às 12:00:00 UTC-3","margaret qualley,jack antonoff,drew starkey,margaret qualley jack antonoff,jack antonoff margaret qualley","./explore?q=margaret%20qualley&geo=US"
"iron lung","100 mil+","8 de julho de 2026 às 14:10:00 UTC-3","13 de julho de 2026 às 20:40:00 UTC-3","iron lung,iron lung machine,martha lillard,polio,martha ann lillard,what is an iron lung","./explore?q=iron%20lung&geo=US"
"munetaka murakami","10 mil+","13 de julho de 2026 às 18:50:00 UTC-3","13 de julho de 2026 às 23:20:00 UTC-3","munetaka murakami,murakami","./explore?q=munetaka%20murakami&geo=US"
"halo project ekur","500+","14 de julho de 2026 às 00:40:00 UTC-3",,"halo project ekur","./explore?q=halo%20project%20ekur&geo=US"
"tracy cortez","100 mil+","10 de julho de 2026 às 01:30:00 UTC-3","13 de julho de 2026 às 09:20:00 UTC-3","tracy cortez,wang cong,tracy cortez vs wang cong,cong wang,cortez vs wang","./explore?q=tracy%20cortez&geo=US"
"carlito chism carrie crawford","10 mil+","13 de julho de 2026 às 00:40:00 UTC-3","13 de julho de 2026 às 23:10:00 UTC-3","carlito chism carrie crawford","./explore?q=carlito%20chism%20carrie%20crawford&geo=US"
"conor mcgregor age","100 mil+","9 de julho de 2026 às 23:30:00 UTC-3","13 de julho de 2026 às 14:20:00 UTC-3","conor mcgregor age,conor mcgregor net worth,connor mcgregor age,how old is mcgregor,mcgregor net worth,conner mcgregor age,how old.is conor mcgregor,mcgregor age conor","./explore?q=conor%20mcgregor%20age&geo=US"
"aaron rodgers","20 mil+","12 de julho de 2026 às 00:40:00 UTC-3","13 de julho de 2026 às 18:40:00 UTC-3","aaron rodgers","./explore?q=aaron%20rodgers&geo=US"
"brandon marsh","2 mil+","13 de julho de 2026 às 22:20:00 UTC-3","14 de julho de 2026 às 00:30:00 UTC-3","brandon marsh,marsh phillies","./explore?q=brandon%20marsh&geo=US"
"margaret cho","10 mil+","13 de julho de 2026 às 08:20:00 UTC-3","14 de julho de 2026 às 00:20:00 UTC-3","margaret cho,tmz lindsey graham","./explore?q=margaret%20cho&geo=US"
"jetblue","100 mil+","10 de julho de 2026 às 14:30:00 UTC-3","12 de julho de 2026 às 13:30:00 UTC-3","jetblue","./explore?q=jetblue&geo=US"
"pokemon company game pricing proposal","50 mil+","11 de julho de 2026 às 11:20:00 UTC-3","13 de julho de 2026 às 02:30:00 UTC-3","pokemon company game pricing proposal","./explore?q=pokemon%20company%20game%20pricing%20proposal&geo=US"
"scottish open leaderboard","50 mil+","9 de julho de 2026 às 08:30:00 UTC-3","13 de julho de 2026 às 09:30:00 UTC-3","scottish open leaderboard,scottish open payouts 2026,scottish open tv coverage,scottish open payout,scottish open purse,how to watch scottish open","./explore?q=scottish%20open%20leaderboard&geo=US"
"walmart cuisinart metal bristle recall","200 mil+","8 de julho de 2026 às 16:10:00 UTC-3","11 de julho de 2026 às 13:50:00 UTC-3","walmart cuisinart metal bristle recall","./explore?q=walmart%20cuisinart%20metal%20bristle%20recall&geo=US"
"ann widdecombe","50 mil+","10 de julho de 2026 às 05:40:00 UTC-3","13 de julho de 2026 às 20:30:00 UTC-3","ann widdecombe,united kingdom,graham norton,anne widdecombe,uk,ann widdecombe cause of death","./explore?q=ann%20widdecombe&geo=US"
"emmy nominations 2026","200 mil+","8 de julho de 2026 às 08:10:00 UTC-3","11 de julho de 2026 às 10:00:00 UTC-3","emmy nominations 2026,the pitt,emmy nominations,hacks,2026 emmy nominations,emmys,ariana madix emmy,sepideh moafi,dtf st louis,emmys 2026,slow horses,emmys nominations 2026,pluribus,nobody wants this,the pitt hbo emmy nominations","./explore?q=emmy%20nominations%202026&geo=US"
"astros vs rangers","100 mil+","10 de julho de 2026 às 20:10:00 UTC-3","13 de julho de 2026 às 01:10:00 UTC-3","astros vs rangers","./explore?q=astros%20vs%20rangers&geo=US"
"españa - bélgica","200 mil+","10 de julho de 2026 às 15:10:00 UTC-3","11 de julho de 2026 às 19:50:00 UTC-3","españa - bélgica,españa vs belgica,españa vs. bélgica,españa,españa belgica,belgica vs españa,españa vs bélgica,a qué hora juega españa,españa hoy,espana,cómo va españa,españa bélgica,selección de fútbol de españa,selección de fútbol de bélgica,cómo va el partido de españa,copa mundial de fútbol,espana belgica,a que hora juega españa hoy,a qué hora juega españa hoy,noticias de hoy,copa mundial","./explore?q=espa%C3%B1a%20-%20b%C3%A9lgica&geo=US"
"elon musk","500+","14 de julho de 2026 às 00:50:00 UTC-3",,"elon musk","./explore?q=elon%20musk&geo=US"
"lone'er kavanagh","200 mil+","9 de julho de 2026 às 23:40:00 UTC-3","12 de julho de 2026 às 05:20:00 UTC-3","lone'er kavanagh,brandon royval,kavanagh ufc,loneer kavanagh,royval,flyweight ufc,royval vs kavanagh,kavanagh,lone er kavanagh ufc,brandon moreno,royval ufc,flyweight,ufc kavanagh,valentina shevchenko,ufc flyweight,kavanaugh ufc,lone er kavanagh,kavanagh vs royval,lone’er kavanagh,brandon royval vs loner kavanagh,lone er kavanaugh","./explore?q=lone%27er%20kavanagh&geo=US"
"emmy rossum","100 mil+","8 de julho de 2026 às 07:00:00 UTC-3","13 de julho de 2026 às 12:30:00 UTC-3","emmy rossum,justin siegel,emmy rossum husband","./explore?q=emmy%20rossum&geo=US"
"priscilla presley son business","10 mil+","12 de julho de 2026 às 22:00:00 UTC-3","13 de julho de 2026 às 21:50:00 UTC-3","priscilla presley son business","./explore?q=priscilla%20presley%20son%20business&geo=US"
"albert pujols","2 mil+","13 de julho de 2026 às 20:10:00 UTC-3","14 de julho de 2026 às 01:00:00 UTC-3","albert pujols","./explore?q=albert%20pujols&geo=US"
"hyundai ev battery defect recall","500+","14 de julho de 2026 às 00:00:00 UTC-3",,"hyundai ev battery defect recall","./explore?q=hyundai%20ev%20battery%20defect%20recall&geo=US"
"cc sabathia","5 mil+","13 de julho de 2026 às 20:20:00 UTC-3","14 de julho de 2026 às 00:50:00 UTC-3","cc sabathia,brewers game today","./explore?q=cc%20sabathia&geo=US"
"sky vs wings","50 mil+","12 de julho de 2026 às 19:10:00 UTC-3","13 de julho de 2026 às 12:40:00 UTC-3","sky vs wings,dallas wings,chicago sky,kamilla cardoso,jessica shepard,li yueru,wings vs sky,arike ogunbowale,chicago vs dallas wnba,chicago sky vs dallas wings match player stats,dijonai carrington","./explore?q=sky%20vs%20wings&geo=US"
"courtney williams","1 mil+","13 de julho de 2026 às 23:00:00 UTC-3",,"courtney williams","./explore?q=courtney%20williams&geo=US"
"king green","100 mil+","10 de julho de 2026 às 20:20:00 UTC-3","12 de julho de 2026 às 13:40:00 UTC-3","king green,terrance mckinney,bobby green,king green vs terrance mckinney,king green ufc,green vs mckinney,mckinney ufc,mckinney vs green,king green vs terrance mckinney prediction,bobby king green,mckinney,terrance mckinney vs king green","./explore?q=king%20green&geo=US"
"west indies vs new zealand","20 mil+","13 de julho de 2026 às 15:50:00 UTC-3","13 de julho de 2026 às 22:30:00 UTC-3","west indies vs new zealand,wi vs nz,new zealand vs west indies,nz vs wi","./explore?q=west%20indies%20vs%20new%20zealand&geo=US"
"caitlin clark paige bueckers comparison","20 mil+","12 de julho de 2026 às 17:20:00 UTC-3","13 de julho de 2026 às 16:30:00 UTC-3","caitlin clark paige bueckers comparison","./explore?q=caitlin%20clark%20paige%20bueckers%20comparison&geo=US"
"ncaa head coach top 25","10 mil+","13 de julho de 2026 às 09:10:00 UTC-3","13 de julho de 2026 às 23:10:00 UTC-3","ncaa head coach top 25","./explore?q=ncaa%20head%20coach%20top%2025&geo=US"
"blue jays vs padres","50 mil+","10 de julho de 2026 às 21:50:00 UTC-3","13 de julho de 2026 às 03:30:00 UTC-3","blue jays vs padres,blue jays - padres","./explore?q=blue%20jays%20vs%20padres&geo=US"
"ricky alvarez","500+","14 de julho de 2026 às 00:00:00 UTC-3",,"ricky alvarez","./explore?q=ricky%20alvarez&geo=US"
"bulls summer league game","1 mil+","14 de julho de 2026 às 00:10:00 UTC-3",,"bulls summer league game,cody williams","./explore?q=bulls%20summer%20league%20game&geo=US"
"nba summer league scores","500+","14 de julho de 2026 às 00:50:00 UTC-3",,"nba summer league scores","./explore?q=nba%20summer%20league%20scores&geo=US"
"hegseth pushes for action after sailors appear to flout his beard policy","100 mil+","10 de julho de 2026 às 09:10:00 UTC-3","12 de julho de 2026 às 00:10:00 UTC-3","hegseth pushes for action after sailors appear to flout his beard policy,pete hegseth military grooming standards,hegseth beard policy,pete hegseth military grooming policy","./explore?q=hegseth%20pushes%20for%20action%20after%20sailors%20appear%20to%20flout%20his%20beard%20policy&geo=US"
"charlize theron","20 mil+","9 de julho de 2026 às 21:30:00 UTC-3","13 de julho de 2026 às 15:20:00 UTC-3","charlize theron","./explore?q=charlize%20theron&geo=US"
"maddox chivan jolie","200+","14 de julho de 2026 às 00:50:00 UTC-3",,"maddox chivan jolie","./explore?q=maddox%20chivan%20jolie&geo=US"
"mick jagger","50 mil+","11 de julho de 2026 às 18:40:00 UTC-3","14 de julho de 2026 às 00:30:00 UTC-3","mick jagger,rolling stones","./explore?q=mick%20jagger&geo=US"
"shakur stevenson","50 mil+","11 de julho de 2026 às 23:50:00 UTC-3","13 de julho de 2026 às 10:30:00 UTC-3","shakur stevenson,jalen williams,ufc okc","./explore?q=shakur%20stevenson&geo=US"
"andy roddick espn tennis analysis","10 mil+","13 de julho de 2026 às 11:00:00 UTC-3","13 de julho de 2026 às 23:00:00 UTC-3","andy roddick espn tennis analysis,andy roddick,andy roddick sports television debut","./explore?q=andy%20roddick%20espn%20tennis%20analysis&geo=US"
"ransom","50 mil+","11 de julho de 2026 às 07:20:00 UTC-3","13 de julho de 2026 às 11:00:00 UTC-3","ransom","./explore?q=ransom&geo=US"
"prince harry althorp house visit","10 mil+","12 de julho de 2026 às 19:30:00 UTC-3","13 de julho de 2026 às 19:40:00 UTC-3","prince harry althorp house visit","./explore?q=prince%20harry%20althorp%20house%20visit&geo=US"
"papa murphy's restaurant closures","20 mil+","12 de julho de 2026 às 10:40:00 UTC-3","14 de julho de 2026 às 00:30:00 UTC-3","papa murphy's restaurant closures","./explore?q=papa%20murphy%27s%20restaurant%20closures&geo=US"
"argentina vs suiza","100 mil+","11 de julho de 2026 às 10:50:00 UTC-3","12 de julho de 2026 às 12:40:00 UTC-3","argentina vs suiza,argentina vs. suiza","./explore?q=argentina%20vs%20suiza&geo=US"
"cody garbrandt","50 mil+","10 de julho de 2026 às 21:00:00 UTC-3","13 de julho de 2026 às 10:20:00 UTC-3","cody garbrandt,adrian yanez,bantamweight ufc,garbrandt,ufc bantamweight,cody garbrandt vs adrian yanez","./explore?q=cody%20garbrandt&geo=US"
"tommie lee was arrested for sneaking into a stadium match","5 mil+","13 de julho de 2026 às 19:20:00 UTC-3","13 de julho de 2026 às 23:40:00 UTC-3","tommie lee was arrested for sneaking into a stadium match","./explore?q=tommie%20lee%20was%20arrested%20for%20sneaking%20into%20a%20stadium%20match&geo=US"
"flights","50 mil+","13 de julho de 2026 às 04:10:00 UTC-3","13 de julho de 2026 às 12:40:00 UTC-3","flights","./explore?q=flights&geo=US"
"maduka okoye","100 mil+","8 de julho de 2026 às 16:50:00 UTC-3","12 de julho de 2026 às 05:00:00 UTC-3","maduka okoye,maduka okoye wife,nigerian goalkeeper","./explore?q=maduka%20okoye&geo=US"
"games","20 mil+","13 de julho de 2026 às 04:10:00 UTC-3","13 de julho de 2026 às 12:40:00 UTC-3","games","./explore?q=games&geo=US"
"yoga","50 mil+","13 de julho de 2026 às 04:10:00 UTC-3","13 de julho de 2026 às 12:40:00 UTC-3","yoga","./explore?q=yoga&geo=US"
"jobs","20 mil+","13 de julho de 2026 às 04:10:00 UTC-3","13 de julho de 2026 às 12:40:00 UTC-3","jobs,artificial intelligence news","./explore?q=jobs&geo=US"
"jannik sinner girlfriend","50 mil+","12 de julho de 2026 às 13:40:00 UTC-3","13 de julho de 2026 às 10:50:00 UTC-3","jannik sinner girlfriend,laila hasanovic,sinner girlfriend,sinner age,sinner girlfriend 2026,sinners girlfriend,jannik sinner wife,how old is jannik sinner,does sinner have a girlfriend,laila hasanovic age,sinner's girlfriend,does jannik sinner have a girlfriend,who is sinner's girlfriend,sinner wife,who is jannik sinner's girlfriend,sinner gf,is jannik sinner married","./explore?q=jannik%20sinner%20girlfriend&geo=US"
"swimming","20 mil+","13 de julho de 2026 às 04:00:00 UTC-3","13 de julho de 2026 às 12:40:00 UTC-3","swimming","./explore?q=swimming&geo=US"
"wai ching ho","10 mil+","12 de julho de 2026 às 09:00:00 UTC-3","13 de julho de 2026 às 21:10:00 UTC-3","wai ching ho","./explore?q=wai%20ching%20ho&geo=US"
"what trump voters say about the economy now","50 mil+","11 de julho de 2026 às 15:40:00 UTC-3","13 de julho de 2026 às 01:20:00 UTC-3","what trump voters say about the economy now,trump approval rating","./explore?q=what%20trump%20voters%20say%20about%20the%20economy%20now&geo=US"
"mariners vs rays","50 mil+","10 de julho de 2026 às 19:20:00 UTC-3","12 de julho de 2026 às 23:00:00 UTC-3","mariners vs rays,evan longoria","./explore?q=mariners%20vs%20rays&geo=US"
"lj cason","2 mil+","13 de julho de 2026 às 22:40:00 UTC-3","14 de julho de 2026 às 01:00:00 UTC-3","lj cason","./explore?q=lj%20cason&geo=US"
"blake lively attorney fee dispute","20 mil+","14 de julho de 2026 às 00:50:00 UTC-3",,"blake lively attorney fee dispute,justin baldoni,justin baldoni blake lively,virgin,emily baldoni","./explore?q=blake%20lively%20attorney%20fee%20dispute&geo=US"
"jayson conner and jeffrey newman","50 mil+","12 de julho de 2026 às 09:20:00 UTC-3","13 de julho de 2026 às 00:40:00 UTC-3","jayson conner and jeffrey newman,jayson connor and jeffrey newman,jeffrey newman","./explore?q=jayson%20conner%20and%20jeffrey%20newman&geo=US"
"aubrey plaza","2 mil+","12 de julho de 2026 às 21:50:00 UTC-3",,"aubrey plaza","./explore?q=aubrey%20plaza&geo=US"
"nancy mace","20 mil+","12 de julho de 2026 às 07:00:00 UTC-3","13 de julho de 2026 às 22:10:00 UTC-3","nancy mace","./explore?q=nancy%20mace&geo=US"
"linda noskova","200 mil+","11 de julho de 2026 às 09:00:00 UTC-3","12 de julho de 2026 às 12:40:00 UTC-3","linda noskova,noskova,linda nosková,muchova,marta kostyuk,karolína muchová,noskova tennis,karolina muchova,martina navratilova,muchova vs noskova,wimbledon today,muchova tennis,venus williams,kostyuk,linda noskova mother,czech republic,noskova age,womens wimbledon final,muchova vs noskova prediction,elise mertens,linda noskova mom,tennis scores,noskova mother,noskova vs muchova,wimbledon results,noskova mom,linda noskova age,kostyuk tennis,mertens,womens wimbledon,wimbledon women's final 2026,tennis wimbledon,kostyuk vs noskova,l noskova","./explore?q=linda%20noskova&geo=US"
"cubs vs orioles","200 mil+","7 de julho de 2026 às 18:40:00 UTC-3","9 de julho de 2026 às 22:50:00 UTC-3","cubs vs orioles,athletics vs tigers,athletics - tigers","./explore?q=cubs%20vs%20orioles&geo=US"
"france morocco","500 mil+","8 de julho de 2026 às 17:50:00 UTC-3","10 de julho de 2026 às 11:40:00 UTC-3","france morocco,france vs morocco world cup 2026,mbappe injury,france vs morroco,france v morocco,mbappe,france morocco game,france vs morocco prediction,france game,morocco france,france vs,kylian mbappé,france and morocco,france morroco,who won france or morocco,france national football team vs morocco national football team lineups,france world cup,francia,morroco vs france,chemsdine talbi,france soccer,watch world cup,dembele,france game today,france versus morocco,what time is the world cup game today,ousmane dembélé,france vs moroco,fifa soccer world cup,france national football team vs morocco national football team,france national football team vs morocco national football team timeline,worldcup,kylian mbappe,france fifa,bono morocco,world cup france vs morocco,where is france vs morocco playing,france national football team vs morocco national football team stats,adrien rabiot,wc,france vs morrocco,2022 world cup,did france win,hakimi,world cup game today,france jersey,morocco national football team,doue,bilal el khannouss,where to watch france national football team vs morocco national football team,world cup france,soccer fifa world cup,morocco v france,france vs morocco 2022,rabiot,france morocco score,france morrocco,where is the france morocco game,world cup stats,fifa score,fifa world cup,france vs morocco score,morocco france game,fifa 2026,boston stadium,soccer games,morroco france,world cup game,fifa,did france win today,morocco roster,france v morroco,workd cup,france vs morocco live,france wc,fifa live,france vs morocoo,who is france playing in the world cup,france and morocco match,france national football team,french vs morocco,fra vs mar,dembele france,doue france,france moroco,where is morocco,is mbappe injured,mbappe goal,france vs morocco highlights,french national team,what channel is the world cup on today,morocco versus france,france fc,world cup 2022,world cup match,france match,france roster,who won morocco or france,fifa france vs morocco,france score,mbappe missed penalty,mbappe penalty,zaire emery,morocco and france,quarter finals world cup,france team,where to watch france vs morocco,mbappe stats,2026 world cup,france morocco prediction,youtube.com,fifa games schedule,fifa world cup stats,dayot upamecano,moroco vs france,who is france playing today,world cup bracket today,france vs morocco stats,world cup final,fifa scores,world cup matches today live,france players,semi final world cup,world cup 2026 schedule,where is france and morocco playing,morocco vs france world cup 2022,france goal,watch world cup live,dembele stats,france vs morraco,football world cup,mbappé,ousmane dembele,world cup quarter finals,france world cup wins,what time does france play today,france vs morocco world cup 2022,france vs maroc,france vs morocco live stream,france vs morocco odds,morocco vs france prediction,wc 2026,france vs moracco,fra,world cup goals,france goals,fifa match today,todays world cup match,mbappe goals,mbappe injured,france soccer team,flashscore,france national football team games,fifa today,world,fox one free trial,maroc vs france,francia vs morocco,france vs morocco location,showdown,marcus thuram,is morocco still in the world cup,fifa france,moroco,worls cup,who scored for france,mbappe team,where are france and morocco playing,world.cup,has morocco ever won a world cup,fifa wc,who scored for france today,whos playing today world cup,france lineup,fifa.,world cup score,morocco game","./explore?q=france%20morocco&geo=US"
"events","20 mil+","13 de julho de 2026 às 04:10:00 UTC-3","13 de julho de 2026 às 12:40:00 UTC-3","events","./explore?q=events&geo=US"
"robert whittaker","50 mil+","10 de julho de 2026 às 22:50:00 UTC-3","12 de julho de 2026 às 13:40:00 UTC-3","robert whittaker,nikita krylov,whittaker,krylov,whittaker vs krylov prediction,robert whittaker vs nikita krylov,krylov ufc,robert whitaker,light heavyweight ufc,whittaker ufc,whittaker vs krylov,robert whittaker jaw,where is robert whittaker from","./explore?q=robert%20whittaker&geo=US"
"ncis","50 mil+","9 de julho de 2026 às 18:00:00 UTC-3","12 de julho de 2026 às 16:10:00 UTC-3","ncis","./explore?q=ncis&geo=US"
"heat advisory","50 mil+","13 de julho de 2026 às 05:40:00 UTC-3","13 de julho de 2026 às 10:20:00 UTC-3","heat advisory","./explore?q=heat%20advisory&geo=US"
"mlb draft tracker","20 mil+","11 de julho de 2026 às 14:00:00 UTC-3","13 de julho de 2026 às 13:00:00 UTC-3","mlb draft tracker","./explore?q=mlb%20draft%20tracker&geo=US"
"tropical development florida gulf","1 mil+","13 de julho de 2026 às 23:30:00 UTC-3","14 de julho de 2026 às 01:00:00 UTC-3","tropical development florida gulf,national hurricane center","./explore?q=tropical%20development%20florida%20gulf&geo=US"
"royals vs orioles","50 mil+","10 de julho de 2026 às 19:10:00 UTC-3","12 de julho de 2026 às 22:10:00 UTC-3","royals vs orioles,leody taveras","./explore?q=royals%20vs%20orioles&geo=US"
"rockies vs giants","100 mil+","9 de julho de 2026 às 21:50:00 UTC-3","12 de julho de 2026 às 02:00:00 UTC-3","rockies vs giants,giants,san francisco giants,giants game,rockies vs giants prediction,colorado rockies","./explore?q=rockies%20vs%20giants&geo=US"
"prednisolone acetate eye drop recall","200 mil+","7 de julho de 2026 às 15:00:00 UTC-3","10 de julho de 2026 às 01:00:00 UTC-3","prednisolone acetate eye drop recall,lupin pharmaceuticals eye drop recall,eye drops recalled,fda class ii eye drop recall,prednisolone acetate ophthalmic suspension recall,eye drop recall,eye drop recall july 2026,eyedrop recall","./explore?q=prednisolone%20acetate%20eye%20drop%20recall&geo=US"
"bubba wallace echopark speedway penalty","10 mil+","13 de julho de 2026 às 07:10:00 UTC-3","13 de julho de 2026 às 19:50:00 UTC-3","bubba wallace echopark speedway penalty,bubba wallace,where is echo park speedway,ty gibbs,nascar news","./explore?q=bubba%20wallace%20echopark%20speedway%20penalty&geo=US"
"7/11 day","100 mil+","11 de julho de 2026 às 01:10:00 UTC-3","12 de julho de 2026 às 03:40:00 UTC-3","7/11 day,7 eleven,711,7 eleven free slurpees,seven eleven,slurpee day,7-11 day,is it free slurpee day at 7-eleven today,7-eleven","./explore?q=7%2F11%20day&geo=US"
"jon stewart","200+","14 de julho de 2026 às 00:50:00 UTC-3",,"jon stewart","./explore?q=jon%20stewart&geo=US"
"guardians vs marlins","50 mil+","10 de julho de 2026 às 19:20:00 UTC-3","12 de julho de 2026 às 22:10:00 UTC-3","guardians vs marlins","./explore?q=guardians%20vs%20marlins&geo=US"
"francia - marruecos","200 mil+","9 de julho de 2026 às 16:10:00 UTC-3","10 de julho de 2026 às 17:50:00 UTC-3","francia - marruecos,francia vs marruecos,francia vs,marruecos vs francia,francia marruecos,francia vs. marruecos,a qué hora juega francia,cómo va francia,francia hoy,cómo quedó francia,mundial 2026,marruecos francia,selección de fútbol de francia,francia y marruecos,selección de fútbol de marruecos,marruecos,calendario del mundial 2026,francia vs marruecos 2026,france vs marruecos,marruecos vs,partido de francia,francia versus marruecos,estadísticas de selección de fútbol de francia contra selección de fútbol de marruecos","./explore?q=francia%20-%20marruecos&geo=US"
"steve harvey","50 mil+","9 de julho de 2026 às 21:10:00 UTC-3","12 de julho de 2026 às 09:50:00 UTC-3","steve harvey","./explore?q=steve%20harvey&geo=US"
"la galaxy - américa","50 mil+","11 de julho de 2026 às 22:40:00 UTC-3","12 de julho de 2026 às 16:10:00 UTC-3","la galaxy - américa,america vs la galaxy,club america,la galaxy,la galaxy vs club américa,club america vs la galaxy,america vs,america vs galaxy","./explore?q=la%20galaxy%20-%20am%C3%A9rica&geo=US"
"norway vs england prediction","500 mil+","10 de julho de 2026 às 18:10:00 UTC-3","11 de julho de 2026 às 22:00:00 UTC-3","norway vs england prediction,norway national football team vs england national football team lineups,world cup game,miami weather,norway national football team vs england national football team timeline,norway national football team vs england national football team stats,england vs norway prediction,england national football team,what time does norway play england,erling haaland,norway national football team vs england national football team,where to watch world cup,what time is the norway england game,has norway ever won the world cup,nusa norway,where is norway,hard rock stadium,miami temperature,nico o'reilly,what time is the soccer game today,what time are the world cup games today,what time is england vs norway,what time does norway play today,haaland number,england vs norway time,weather in miami,norway vs england odds,when does norway play,weather miami,norway vs england live stream,temp in miami,miami weather today,temperature in miami,norway national football team players 2026,who is favored to win norway or england,norway vs england location,norway team players,norway vs england central time,world cup game tomorrow,norway vs england delay,norway national football team players,miami,norway national football team vs england national football team matches,erling,whos winning norway or england,england fc,how to watch the world cup for free,norway lineup,england vs norway odds,norway england odds,what time is world cup game today,norway vs wngland,norway vs england where are they playing,england team players,what time is it in england,norway fc,england vs norway live stream,england norway odds,how to watch world cup for free,what stadium is norway vs england,world cup semi finals,is miami stadium air conditioned,england soccer game,norway national football team games,norway bs england,world cup 2026 matches,erling haaland number,norway vs england world cup 2026,world cup watch,what happens if norway and england tie,watch fifa world cup 2026 live,world cup match today,england time,wngland vs norway,world cup where to watch,norway vs england stadium,tomorrow world cup match,haaland club team,norway vs england stream,fox tv,kobbie mainoo,fox live,when does norway play in the world cup,is norway still in the world cup,norway world cup roster,england norway delay,showdown,miami world cup stadium,how does world cup extra time work","./explore?q=norway%20vs%20england%20prediction&geo=US"
"lorenzo salgado araujo","100 mil+","8 de julho de 2026 às 00:40:00 UTC-3","12 de julho de 2026 às 03:10:00 UTC-3","lorenzo salgado araujo,3 minute smile,immigration,president of mexico,houston ice shooting,ice,mexican","./explore?q=lorenzo%20salgado%20araujo&geo=US"
"aaron judge","2 mil+","13 de julho de 2026 às 21:40:00 UTC-3","14 de julho de 2026 às 00:20:00 UTC-3","aaron judge","./explore?q=aaron%20judge&geo=US"
"paramount","100 mil+","11 de julho de 2026 às 17:20:00 UTC-3","12 de julho de 2026 às 02:30:00 UTC-3","paramount,mega","./explore?q=paramount&geo=US"
"haaland","200 mil+","11 de julho de 2026 às 18:20:00 UTC-3","11 de julho de 2026 às 21:50:00 UTC-3","haaland,erling haaland,sorloth norway,is norway out of the world cup,norway vs england live,alexander sørloth,why was haaland subbed out,why did haaland get subbed off,norway haaland,norway map,haaland dad,england jersey,when does norway play in the world cup,alfie haaland,england vs norway live,why was haaland subbed today,why is haaland not playing today,is haaland playing against england,norway vs england referee,why is haaland out,why is haaland not playing,norway player haaland,erling haaland dad,haaland subbed off,norway vs englad,what happened to haaland,haaland injury,haaland out,why did they take haaland out,haaland father,is haaland injured,erling haaland stats,haaland vs england,norway soccer haaland,when is england vs norway,haaland subbed out,did haaland get injured,haaland sub,why did haaland get subbed out,haaland injured,is haaland out,why is haaland out of the game,is haaland hurt,haaland's dad,why was haaland subbed off","./explore?q=haaland&geo=US"
"kick argentina out","200 mil+","11 de julho de 2026 às 00:00:00 UTC-3","13 de julho de 2026 às 05:40:00 UTC-3","kick argentina out,argentina egypt,egypt argentina,andres cantor,francois letexier,egypt national football team,fifa world cup soccer,has egypt ever won the world cup,fifa scores,fifa today,zico egypt,world cup scores today,egypt fc,soccer fifa world cup,argentina vs egypt referee,2026 fifa world cup,egypt red card,egypt national football team games,fifa scores today,egypt disallowed goal,egypt coach,rigged,football,argentina vs egypt controversy,egypt world cup games,x.,hossam hassan,fifa results,mohammed salah","./explore?q=kick%20argentina%20out&geo=US"
"marvel avengers doomsday cast reveal","20 mil+","12 de julho de 2026 às 16:30:00 UTC-3","13 de julho de 2026 às 15:50:00 UTC-3","marvel avengers doomsday cast reveal,robert downey jr new marvel role,marvel avengers doomsday,marvel doomsday cast illustration,avengers doomsday character lineup,avengers doomsday poster,chris hemsworth","./explore?q=marvel%20avengers%20doomsday%20cast%20reveal&geo=US"
"guy ritchie","20 mil+","11 de julho de 2026 às 17:50:00 UTC-3","13 de julho de 2026 às 10:30:00 UTC-3","guy ritchie","./explore?q=guy%20ritchie&geo=US"
"missouri flash flooding","100 mil+","10 de julho de 2026 às 17:40:00 UTC-3","13 de julho de 2026 às 01:20:00 UTC-3","missouri flash flooding,camping,flash flooding missouri,huzzah valley,lesterville mo,missouri flooding,missouri,missouri summer camp airlift,emergency,camp taum sauk,flooding in missouri","./explore?q=missouri%20flash%20flooding&geo=US"
"bocce","50 mil+","11 de julho de 2026 às 01:00:00 UTC-3","12 de julho de 2026 às 04:50:00 UTC-3","bocce","./explore?q=bocce&geo=US"
"cal raleigh","2 mil+","13 de julho de 2026 às 20:50:00 UTC-3","14 de julho de 2026 às 00:00:00 UTC-3","cal raleigh","./explore?q=cal%20raleigh&geo=US"
"cathie wood","20 mil+","11 de julho de 2026 às 20:20:00 UTC-3","13 de julho de 2026 às 15:20:00 UTC-3","cathie wood,cathie wood ai stock investment","./explore?q=cathie%20wood&geo=US"
"usps stamp price increase","20 mil+","12 de julho de 2026 às 17:40:00 UTC-3","13 de julho de 2026 às 19:50:00 UTC-3","usps stamp price increase,usps forever stamp price increase,usps","./explore?q=usps%20stamp%20price%20increase&geo=US"
"patrick mahomes","10 mil+","13 de julho de 2026 às 19:20:00 UTC-3","14 de julho de 2026 às 00:50:00 UTC-3","patrick mahomes,josh allen","./explore?q=patrick%20mahomes&geo=US"
"wilson contreras","2 mil+","13 de julho de 2026 às 21:20:00 UTC-3","14 de julho de 2026 às 00:10:00 UTC-3","wilson contreras","./explore?q=wilson%20contreras&geo=US"
"trump new york times subpoenas","50 mil+","13 de julho de 2026 às 17:10:00 UTC-3","13 de julho de 2026 às 23:00:00 UTC-3","trump new york times subpoenas,trump air force one,doj subpoenas nyt journalists,president trump plane security,new york times,nytimes,showdown","./explore?q=trump%20new%20york%20times%20subpoenas&geo=US"
"prince george princess charlotte wimbledon","20 mil+","12 de julho de 2026 às 14:00:00 UTC-3","13 de julho de 2026 às 20:20:00 UTC-3","prince george princess charlotte wimbledon,wimbledon men's final,kate middleton standing ovation,kate middleton,wimbledon mens final,prince william,prince george,princess of wales,princess kate,prince william children,tom hiddleston","./explore?q=prince%20george%20princess%20charlotte%20wimbledon&geo=US"
"cory sandhagen","50 mil+","10 de julho de 2026 às 13:40:00 UTC-3","12 de julho de 2026 às 04:30:00 UTC-3","cory sandhagen,cory sandhagen vs mario bautista,sandhagen vs bautista,sandhagen,bautista ufc,bautista,mario bautista vs cory sandhagen,sandhagen vs bautista prediction,corey sandhagen,cory sandhagen vs mario bautista 1,mario bautista ufc","./explore?q=cory%20sandhagen&geo=US"
"william contreras","2 mil+","13 de julho de 2026 às 21:20:00 UTC-3","14 de julho de 2026 às 00:10:00 UTC-3","william contreras","./explore?q=william%20contreras&geo=US"
"cuisinart gas grill recall","50 mil+","10 de julho de 2026 às 15:00:00 UTC-3","12 de julho de 2026 às 10:40:00 UTC-3","cuisinart gas grill recall","./explore?q=cuisinart%20gas%20grill%20recall&geo=US"
"7/11","50 mil+","10 de julho de 2026 às 15:10:00 UTC-3","12 de julho de 2026 às 06:40:00 UTC-3","7/11","./explore?q=7%2F11&geo=US"
"pumas - américa","20 mil+","12 de julho de 2026 às 14:10:00 UTC-3","13 de julho de 2026 às 00:40:00 UTC-3","pumas - américa","./explore?q=pumas%20-%20am%C3%A9rica&geo=US"
"patrick stewart","2 mil+","13 de julho de 2026 às 20:30:00 UTC-3","13 de julho de 2026 às 23:50:00 UTC-3","patrick stewart","./explore?q=patrick%20stewart&geo=US"
"new moon july 2026","500+","13 de julho de 2026 às 23:10:00 UTC-3",,"new moon july 2026","./explore?q=new%20moon%20july%202026&geo=US"
"bryan cranston","2 mil+","13 de julho de 2026 às 22:10:00 UTC-3","13 de julho de 2026 às 23:40:00 UTC-3","bryan cranston","./explore?q=bryan%20cranston&geo=US"
"lagerald vick","5 mil+","12 de julho de 2026 às 21:40:00 UTC-3","13 de julho de 2026 às 21:30:00 UTC-3","lagerald vick","./explore?q=lagerald%20vick&geo=US"
"cathy engelbert","20 mil+","11 de julho de 2026 às 08:10:00 UTC-3","12 de julho de 2026 às 18:30:00 UTC-3","cathy engelbert","./explore?q=cathy%20engelbert&geo=US"
"cal ripken","500+","13 de julho de 2026 às 23:30:00 UTC-3","14 de julho de 2026 às 00:40:00 UTC-3","cal ripken","./explore?q=cal%20ripken&geo=US"
"2027 mlb all star game","1 mil+","13 de julho de 2026 às 21:20:00 UTC-3","14 de julho de 2026 às 00:30:00 UTC-3","2027 mlb all star game","./explore?q=2027%20mlb%20all%20star%20game&geo=US"
"jason sudeikis","2 mil+","13 de julho de 2026 às 22:10:00 UTC-3","13 de julho de 2026 às 23:30:00 UTC-3","jason sudeikis,ted lasso season 4","./explore?q=jason%20sudeikis&geo=US"
"tiger woods business investments","20 mil+","11 de julho de 2026 às 07:00:00 UTC-3","12 de julho de 2026 às 18:40:00 UTC-3","tiger woods business investments,tiger woods","./explore?q=tiger%20woods%20business%20investments&geo=US"
"president trump personal legal counsel","20 mil+","10 de julho de 2026 às 13:20:00 UTC-3","12 de julho de 2026 às 09:00:00 UTC-3","president trump personal legal counsel,trump legal team sullivan cromwell","./explore?q=president%20trump%20personal%20legal%20counsel&geo=US"
"phillies vs reds","100 mil+","7 de julho de 2026 às 19:20:00 UTC-3","10 de julho de 2026 às 10:40:00 UTC-3","phillies vs reds,jesús luzardo,jesus luzardo,phillies - reds,phillies vs cincinnati reds,phillies schedule","./explore?q=phillies%20vs%20reds&geo=US"
"mercury vs aces","50 mil+","11 de julho de 2026 às 18:10:00 UTC-3","12 de julho de 2026 às 12:10:00 UTC-3","mercury vs aces,lexie hull,raven johnson,dana evans,phoenix mercury las vegas aces,las vegas aces,aces vs mercury","./explore?q=mercury%20vs%20aces&geo=US"
"law and order svu","20 mil+","12 de julho de 2026 às 18:10:00 UTC-3","13 de julho de 2026 às 06:10:00 UTC-3","law and order svu","./explore?q=law%20and%20order%20svu&geo=US"
"boeing 777-200 flight ba183 issues","20 mil+","11 de julho de 2026 às 17:50:00 UTC-3","13 de julho de 2026 às 10:00:00 UTC-3","boeing 777-200 flight ba183 issues","./explore?q=boeing%20777-200%20flight%20ba183%20issues&geo=US"
"red sox vs white sox","100 mil+","7 de julho de 2026 às 20:10:00 UTC-3","10 de julho de 2026 às 08:20:00 UTC-3","red sox vs white sox,andruw monasterio,red sox - mets,masataka yoshida,mets","./explore?q=red%20sox%20vs%20white%20sox&geo=US"
"kristi noem","20 mil+","10 de julho de 2026 às 13:20:00 UTC-3","14 de julho de 2026 às 00:20:00 UTC-3","kristi noem,bryon noem","./explore?q=kristi%20noem&geo=US"
"birthright citizenship supreme court","100 mil+","9 de julho de 2026 às 06:30:00 UTC-3","10 de julho de 2026 às 20:30:00 UTC-3","birthright citizenship supreme court,trump citizenship rehearing request,birthright citizenship in the united states","./explore?q=birthright%20citizenship%20supreme%20court&geo=US"
"turks and caicos travel advisory","50 mil+","9 de julho de 2026 às 12:00:00 UTC-3","11 de julho de 2026 às 13:10:00 UTC-3","turks and caicos travel advisory,travel warning","./explore?q=turks%20and%20caicos%20travel%20advisory&geo=US"
"60 minutes the vatican's orphans; sealand; christopher nolan","10 mil+","12 de julho de 2026 às 09:10:00 UTC-3","13 de julho de 2026 às 10:20:00 UTC-3","60 minutes the vatican's orphans; sealand; christopher nolan","./explore?q=60%20minutes%20the%20vatican%27s%20orphans%3B%20sealand%3B%20christopher%20nolan&geo=US"
"youri tielemans","10 mil+","13 de julho de 2026 às 07:10:00 UTC-3","13 de julho de 2026 às 12:40:00 UTC-3","youri tielemans,tielemans","./explore?q=youri%20tielemans&geo=US"
"panda express returning spicy dish","50 mil+","9 de julho de 2026 às 11:50:00 UTC-3","10 de julho de 2026 às 21:30:00 UTC-3","panda express returning spicy dish","./explore?q=panda%20express%20returning%20spicy%20dish&geo=US"
"vfw cartoon","5 mil+","13 de julho de 2026 às 09:30:00 UTC-3","13 de julho de 2026 às 17:00:00 UTC-3","vfw cartoon","./explore?q=vfw%20cartoon&geo=US"
"games","50 mil+","11 de julho de 2026 às 05:40:00 UTC-3","12 de julho de 2026 às 09:20:00 UTC-3","games,future,mlb futures game,mlb futures game 2026,futures game,futures game 2026,who won today","./explore?q=games&geo=US"
"tyson fury","1 mil+","13 de julho de 2026 às 23:10:00 UTC-3","14 de julho de 2026 às 00:20:00 UTC-3","tyson fury","./explore?q=tyson%20fury&geo=US"
"the open championship 2026","10 mil+","13 de julho de 2026 às 07:50:00 UTC-3","14 de julho de 2026 às 00:10:00 UTC-3","the open championship 2026,the open,british open 2026,royal birkdale","./explore?q=the%20open%20championship%202026&geo=US"
"lowe's kobalt yard tool recall","50 mil+","9 de julho de 2026 às 17:00:00 UTC-3","11 de julho de 2026 às 13:30:00 UTC-3","lowe's kobalt yard tool recall","./explore?q=lowe%27s%20kobalt%20yard%20tool%20recall&geo=US"
"sk hynix","100 mil+","9 de julho de 2026 às 09:30:00 UTC-3","11 de julho de 2026 às 11:00:00 UTC-3","sk hynix,sk hynix stock,skhy stock,skhyv,skhy,skhyv stock,sk hynix ipo,skhynix stock,sk hynix stock price,skhy stock price,sk hynix ticker,sk hynix adr,hynix stock,skhynix","./explore?q=sk%20hynix&geo=US"
"fever vs sparks","100 mil+","8 de julho de 2026 às 22:10:00 UTC-3","10 de julho de 2026 às 02:10:00 UTC-3","fever vs sparks,fever game,stephanie white,fever schedule,where to watch indiana fever vs los angeles sparks,rae burrell,fever,is caitlin clark playing tonight,indiana fever,fever score,la sparks,dearica hamby,fever game today,indiana fever vs los angeles sparks match player stats,wnba schedule,fever game tonight,aliyah boston","./explore?q=fever%20vs%20sparks&geo=US"
"royals vs mets","100 mil+","7 de julho de 2026 às 19:20:00 UTC-3","9 de julho de 2026 às 22:50:00 UTC-3","royals vs mets","./explore?q=royals%20vs%20mets&geo=US"
"braves vs pirates","100 mil+","7 de julho de 2026 às 18:40:00 UTC-3","9 de julho de 2026 às 22:10:00 UTC-3","braves vs pirates,matt olson,mike yastrzemski,braves - pirates,dennis santana","./explore?q=braves%20vs%20pirates&geo=US"
"trump kennedy center signage appeal","50 mil+","8 de julho de 2026 às 15:50:00 UTC-3","10 de julho de 2026 às 11:40:00 UTC-3","trump kennedy center signage appeal,trump kennedy center signage dispute","./explore?q=trump%20kennedy%20center%20signage%20appeal&geo=US"
"democratic republic of the congo","5 mil+","13 de julho de 2026 às 01:00:00 UTC-3","13 de julho de 2026 às 13:30:00 UTC-3","democratic republic of the congo","./explore?q=democratic%20republic%20of%20the%20congo&geo=US"
"jude bellingham girlfriend","50 mil+","11 de julho de 2026 às 18:20:00 UTC-3","12 de julho de 2026 às 12:50:00 UTC-3","jude bellingham girlfriend,bellingham age,how old is jude bellingham,jude bellingham age,bellingham girlfriend,how old is bellingham,jude bellingham net worth,jude bellingham wife","./explore?q=jude%20bellingham%20girlfriend&geo=US"
"american idol winner taylor hicks","20 mil+","11 de julho de 2026 às 14:10:00 UTC-3","12 de julho de 2026 às 13:40:00 UTC-3","american idol winner taylor hicks,american idol","./explore?q=american%20idol%20winner%20taylor%20hicks&geo=US"
"jayson tatum","20 mil+","12 de julho de 2026 às 00:20:00 UTC-3","12 de julho de 2026 às 16:00:00 UTC-3","jayson tatum","./explore?q=jayson%20tatum&geo=US"
"lebron james news","20 mil+","12 de julho de 2026 às 17:50:00 UTC-3","12 de julho de 2026 às 22:50:00 UTC-3","lebron james news,frank vogel","./explore?q=lebron%20james%20news&geo=US"
"athletics vs white sox","50 mil+","10 de julho de 2026 às 19:50:00 UTC-3","11 de julho de 2026 às 23:10:00 UTC-3","athletics vs white sox,athletics - white sox","./explore?q=athletics%20vs%20white%20sox&geo=US"
"cristo fernandez usl debut","10 mil+","12 de julho de 2026 às 17:40:00 UTC-3","13 de julho de 2026 às 15:00:00 UTC-3","cristo fernandez usl debut,cristo fernández,ted","./explore?q=cristo%20fernandez%20usl%20debut&geo=US"
"brandon clarke","5 mil+","12 de julho de 2026 às 18:20:00 UTC-3","13 de julho de 2026 às 13:20:00 UTC-3","brandon clarke","./explore?q=brandon%20clarke&geo=US"
"earthquake now","20 mil+","13 de julho de 2026 às 13:50:00 UTC-3","13 de julho de 2026 às 15:50:00 UTC-3","earthquake now,earthquake,earthquake now los angeles,earthquake los angeles,earthquake near me,earthquake now santa clarita,earthquake bakersfield,earthquakes today,earthquake santa clarita,earthquake today,los angeles earthquake,usgs earthquake,usgs,earthquake bakersfield today","./explore?q=earthquake%20now&geo=US"
"asha sharma productivity task force","20 mil+","9 de julho de 2026 às 21:00:00 UTC-3","11 de julho de 2026 às 17:20:00 UTC-3","asha sharma productivity task force","./explore?q=asha%20sharma%20productivity%20task%20force&geo=US"
"uaw shawn fain federal probe","10 mil+","12 de julho de 2026 às 19:30:00 UTC-3","13 de julho de 2026 às 12:40:00 UTC-3","uaw shawn fain federal probe,shawn fain uaw","./explore?q=uaw%20shawn%20fain%20federal%20probe&geo=US"
"prince harry family traditions diana","2 mil+","13 de julho de 2026 às 18:30:00 UTC-3","14 de julho de 2026 às 00:20:00 UTC-3","prince harry family traditions diana","./explore?q=prince%20harry%20family%20traditions%20diana&geo=US"
"black flag resynced microtransaction pricing","50 mil+","10 de julho de 2026 às 15:30:00 UTC-3","12 de julho de 2026 às 09:50:00 UTC-3","black flag resynced microtransaction pricing,assassin creed black flag resynced,black flag resynced,ubisoft,black flag resynced release date","./explore?q=black%20flag%20resynced%20microtransaction%20pricing&geo=US"
"jimmy tatro","2 mil+","13 de julho de 2026 às 21:00:00 UTC-3","13 de julho de 2026 às 22:20:00 UTC-3","jimmy tatro","./explore?q=jimmy%20tatro&geo=US"
"julian alvarez","20 mil+","11 de julho de 2026 às 21:50:00 UTC-3","12 de julho de 2026 às 15:30:00 UTC-3","julian alvarez","./explore?q=julian%20alvarez&geo=US"
"roman reigns","2 mil+","13 de julho de 2026 às 23:30:00 UTC-3","14 de julho de 2026 às 00:40:00 UTC-3","roman reigns,brock lesnar,seth rollins","./explore?q=roman%20reigns&geo=US"
"storm vs mystics","20 mil+","12 de julho de 2026 às 15:10:00 UTC-3","13 de julho de 2026 às 01:30:00 UTC-3","storm vs mystics,seattle storm,natisha hiedeman","./explore?q=storm%20vs%20mystics&geo=US"
"trump administration freedom fuel launch","100 mil+","7 de julho de 2026 às 22:30:00 UTC-3","9 de julho de 2026 às 22:30:00 UTC-3","trump administration freedom fuel launch,freedom fuel,msnbc,freedom fuel gas stations,gas station near me,filling station,freedom fuel network,gas stations near me,fuel near me,gasoline near me,fuel station,gasoline,trump gas stations,maps","./explore?q=trump%20administration%20freedom%20fuel%20launch&geo=US"
"harry kane","100 mil+","11 de julho de 2026 às 18:10:00 UTC-3","11 de julho de 2026 às 21:50:00 UTC-3","harry kane,harry kane trump,how old is harry kane,kane,kane england soccer,who does harry kane play for,harry cane,harry kane donald trump golf,kane harry,kane soccer player,harry kane team","./explore?q=harry%20kane&geo=US"
"minnesota timberwolves","5 mil+","13 de julho de 2026 às 07:40:00 UTC-3","13 de julho de 2026 às 20:20:00 UTC-3","minnesota timberwolves","./explore?q=minnesota%20timberwolves&geo=US"
"dylan wolf","50 mil+","7 de julho de 2026 às 20:10:00 UTC-3","11 de julho de 2026 às 10:20:00 UTC-3","dylan wolf","./explore?q=dylan%20wolf&geo=US"
"norway squad miami hotel change","50 mil+","9 de julho de 2026 às 12:00:00 UTC-3","11 de julho de 2026 às 15:40:00 UTC-3","norway squad miami hotel change,norway world cup squad hotel change,hotel,norway team florida hotel move,norway team sick,norway squad","./explore?q=norway%20squad%20miami%20hotel%20change&geo=US"
"suiza - colombia","200 mil+","7 de julho de 2026 às 16:00:00 UTC-3","8 de julho de 2026 às 09:50:00 UTC-3","suiza - colombia,colombia vs suiza,suiza vs. colombia,suiza vs colombia,colombia suiza,colombia hoy,camilo vargas,colombia vs suecia,partido de colombia,a qué hora juega colombia,partido colombia,cucho hernández,partido colombia hoy,a qué horas juega colombia,a que hora juega colombia hoy,rubén vargas,selección de fútbol de colombia,james rodriguez,copa del mundo 2026,gol caracol,partido colombia suiza,colombia versus suiza,a que horas juega colombia hoy,caracol en vivo,copa mundial 2026","./explore?q=suiza%20-%20colombia&geo=US"
"lindsay graham sister","10 mil+","13 de julho de 2026 às 13:40:00 UTC-3","13 de julho de 2026 às 22:50:00 UTC-3","lindsay graham sister,strait of hormuz,strait of hormuz security trump,nasdaq index,ramp,world news,bbc,on","./explore?q=lindsay%20graham%20sister&geo=US"
"trump administration election control efforts","20 mil+","13 de julho de 2026 às 09:50:00 UTC-3","14 de julho de 2026 às 01:00:00 UTC-3","trump administration election control efforts,trump ousts remaining members of the election assistance commission ahead of midterms,trump fires election commission,election assistance commission,eac commissioner dismissals before midterms,trump administration election board dismissals,trump eac commissioner terminations","./explore?q=trump%20administration%20election%20control%20efforts&geo=US"
"space mirrors","20 mil+","12 de julho de 2026 às 08:10:00 UTC-3","13 de julho de 2026 às 01:20:00 UTC-3","space mirrors,space mirror,fcc approves space mirror,reflect orbital satellite launch","./explore?q=space%20mirrors&geo=US"
"juju smith schuster wedding","50 mil+","10 de julho de 2026 às 22:20:00 UTC-3","12 de julho de 2026 às 09:40:00 UTC-3","juju smith schuster wedding,juju smith,juju smith-schuster,laura kruk,juju smith schuster,juju smith-schuster wife,patrick mahomes wife,ju ju smith schuster,yellowstone club,taylor swift and travis kelce make their first public appearance,who is juju smith schuster","./explore?q=juju%20smith%20schuster%20wedding&geo=US"
"ken griffey jr","1 mil+","13 de julho de 2026 às 23:20:00 UTC-3","14 de julho de 2026 às 00:40:00 UTC-3","ken griffey jr","./explore?q=ken%20griffey%20jr&geo=US"
"taylor sheridan landman paramount","20 mil+","10 de julho de 2026 às 19:00:00 UTC-3","12 de julho de 2026 às 11:50:00 UTC-3","taylor sheridan landman paramount,landman season 3,taylor sheridan","./explore?q=taylor%20sheridan%20landman%20paramount&geo=US"
"taylor swift travis kelce pewter gift","20 mil+","11 de julho de 2026 às 07:00:00 UTC-3","12 de julho de 2026 às 19:40:00 UTC-3","taylor swift travis kelce pewter gift","./explore?q=taylor%20swift%20travis%20kelce%20pewter%20gift&geo=US"
"darrell sheets","50 mil+","8 de julho de 2026 às 18:30:00 UTC-3","11 de julho de 2026 às 12:40:00 UTC-3","darrell sheets,storage wars","./explore?q=darrell%20sheets&geo=US"
"rae burrell","2 mil+","13 de julho de 2026 às 21:10:00 UTC-3","13 de julho de 2026 às 23:00:00 UTC-3","rae burrell,nneka ogwumike,lisa leslie","./explore?q=rae%20burrell&geo=US"
"beach","20 mil+","11 de julho de 2026 às 15:50:00 UTC-3","12 de julho de 2026 às 14:30:00 UTC-3","beach,bbc news","./explore?q=beach&geo=US"
"new york knicks","5 mil+","13 de julho de 2026 às 13:30:00 UTC-3","13 de julho de 2026 às 19:20:00 UTC-3","new york knicks","./explore?q=new%20york%20knicks&geo=US"
"thomas stein","20 mil+","10 de julho de 2026 às 15:10:00 UTC-3","12 de julho de 2026 às 11:40:00 UTC-3","thomas stein,kayla rincon miller,thomas stein sentencing,thomas stein what did he do","./explore?q=thomas%20stein&geo=US"
"maxxine dupri","2 mil+","13 de julho de 2026 às 21:50:00 UTC-3","13 de julho de 2026 às 23:00:00 UTC-3","maxxine dupri,otis wwe,austin theory","./explore?q=maxxine%20dupri&geo=US"
"lance twiggs","50 mil+","7 de julho de 2026 às 18:50:00 UTC-3","10 de julho de 2026 às 14:10:00 UTC-3","lance twiggs,donna rotunno,judge tony graf,charlie kirk trial,erika kirk","./explore?q=lance%20twiggs&geo=US"
"great lakes crossing shooting","20 mil+","11 de julho de 2026 às 18:40:00 UTC-3","13 de julho de 2026 às 10:40:00 UTC-3","great lakes crossing shooting,great lakes crossing,shooting at great lakes crossing","./explore?q=great%20lakes%20crossing%20shooting&geo=US"
"usps palmetto facility union response","20 mil+","10 de julho de 2026 às 04:20:00 UTC-3","11 de julho de 2026 às 19:20:00 UTC-3","usps palmetto facility union response","./explore?q=usps%20palmetto%20facility%20union%20response&geo=US"
"russell westbrook","2 mil+","13 de julho de 2026 às 21:20:00 UTC-3","13 de julho de 2026 às 23:00:00 UTC-3","russell westbrook","./explore?q=russell%20westbrook&geo=US"
"eli lilly and company","50 mil+","9 de julho de 2026 às 15:20:00 UTC-3","10 de julho de 2026 às 20:40:00 UTC-3","eli lilly and company","./explore?q=eli%20lilly%20and%20company&geo=US"
"messi","100 mil+","11 de julho de 2026 às 22:00:00 UTC-3","12 de julho de 2026 às 01:50:00 UTC-3","messi,argentina national football team,fbi argentina","./explore?q=messi&geo=US"
"tormenta","50 mil+","11 de julho de 2026 às 12:20:00 UTC-3","11 de julho de 2026 às 23:30:00 UTC-3","tormenta","./explore?q=tormenta&geo=US"
"colombia world cup","1 mi+","7 de julho de 2026 às 16:40:00 UTC-3","7 de julho de 2026 às 22:00:00 UTC-3","colombia world cup,colombia,colombia vs,colombia game,columbia game,switzerland,colombia switzerland,switzerland vs colombia world cup 2026,switzerland vs colombia prediction,switzerland colombia,colombia game today,ruben vargas,swiss vs colombia,switzerland national football team vs colombia national football team stats,colombia national football team,colombia score,switzerland national football team vs colombia national football team lineups,columbia vs,luis díaz,switzerland national football team,murat yakin,luis diaz,colombia soccer,colombia switzerland game,colombia fc,who won columbia or switzerland,columbia vs switzerland,colombia and switzerland,switzerland vs colombia who won,who won switzerland or colombia,did colombia win,colombia vs switzerland who won,ricardo rodríguez,did colombia win today,vargas switzerland,dan ndoye,what time does colombia play today,sui vs col,yerry mina,world cup colombia,columbia world cup,switzerland game,colombia game today live,switzerland national football team vs colombia national football team,switzerland national football team vs colombia national football team timeline,ivan barton,who won colombia vs switzerland,columbia soccer,embolo switzerland,cedric itten,akanji,ruben vargas switzerland,zeki amdouni,manuel akanji,ricardo rodriguez,columbia switzerland score,bc place,columbia fifa,did colombia win the world cup,has colombia ever won a world cup,col vs switzerland,switzerland world cup history,swiss coach,switzerland soccer,who won switzerland vs colombia,how long is extra time in soccer,who won the colombia game,colombia vs swiss,campaz,colombia vs switzerland live,extra time in soccer,did switzerland win today,penalty shootout,switzerland vs colombia live,sui vs colombia,colombia match today,live score,silvan widmer,did switzerland win,world cup switzerland,sanchez colombia,switzerland and colombia,switzerland goalkeeper,nico elvedi,swiss soccer team,colombia coach","./explore?q=colombia%20world%20cup&geo=US"
"brandy social media statement body","20 mil+","12 de julho de 2026 às 23:50:00 UTC-3","13 de julho de 2026 às 11:50:00 UTC-3","brandy social media statement body,brandy norwood,brandy social media statement","./explore?q=brandy%20social%20media%20statement%20body&geo=US"
"house of the dragon season 3 episode 4","10 mil+","12 de julho de 2026 às 22:00:00 UTC-3","13 de julho de 2026 às 12:40:00 UTC-3","house of the dragon season 3 episode 4,house of dragon season 3,how many episodes in house of the dragon season 3,what time is house of the dragon,house of the dragon episode 4","./explore?q=house%20of%20the%20dragon%20season%203%20episode%204&geo=US"
"johnny galecki acting return","20 mil+","10 de julho de 2026 às 17:50:00 UTC-3","12 de julho de 2026 às 15:50:00 UTC-3","johnny galecki acting return,johnny galecki","./explore?q=johnny%20galecki%20acting%20return&geo=US"
"trump address the nation","1 mil+","13 de julho de 2026 às 22:00:00 UTC-3","14 de julho de 2026 às 00:20:00 UTC-3","trump address the nation","./explore?q=trump%20address%20the%20nation&geo=US"
"katie couric amnesia","100 mil+","8 de julho de 2026 às 13:40:00 UTC-3","9 de julho de 2026 às 22:20:00 UTC-3","katie couric amnesia,katie couric,katie couric transient global amnesia","./explore?q=katie%20couric%20amnesia&geo=US"
"bahamas plane crash","20 mil+","11 de julho de 2026 às 09:10:00 UTC-3","12 de julho de 2026 às 14:20:00 UTC-3","bahamas plane crash,da pond band,plane crash today,musicians killed in plane crashes,bahamas,the pond band","./explore?q=bahamas%20plane%20crash&geo=US"
"463000 kia tellurides recalled","50 mil+","9 de julho de 2026 às 10:50:00 UTC-3","11 de julho de 2026 às 09:10:00 UTC-3","463000 kia tellurides recalled,460k kia telluride vehicles recalled,kia telluride fire recall,kia telluride,kia telluride fire risk recall","./explore?q=463000%20kia%20tellurides%20recalled&geo=US"
"swift kelce pet rumors","2 mil+","13 de julho de 2026 às 17:50:00 UTC-3","13 de julho de 2026 às 22:10:00 UTC-3","swift kelce pet rumors","./explore?q=swift%20kelce%20pet%20rumors&geo=US"
"angels vs twins","20 mil+","10 de julho de 2026 às 20:20:00 UTC-3","11 de julho de 2026 às 21:50:00 UTC-3","angels vs twins,twins game,minnesota twins,angels","./explore?q=angels%20vs%20twins&geo=US"
"ryanair plane crash","100 mil+","10 de julho de 2026 às 21:20:00 UTC-3","11 de julho de 2026 às 11:20:00 UTC-3","ryanair plane crash,ryanair window incident,ryanair,ryanair plane emergency landing,ryanair emergency landing greece,ryanair window broken,ryanair passenger window smash,boeing 737-800 window issue ryanair,ryanair plane,ryanair flight window malfunction greece,passenger,ryan air,new york times","./explore?q=ryanair%20plane%20crash&geo=US"
"kennedy center whistleblower documents","20 mil+","11 de julho de 2026 às 09:50:00 UTC-3","12 de julho de 2026 às 20:20:00 UTC-3","kennedy center whistleblower documents,kennedy center whistleblower construction issues,john f. kennedy center for the performing arts,john f kennedy center for the performing arts","./explore?q=kennedy%20center%20whistleblower%20documents&geo=US"
"fever vs mercury","50 mil+","9 de julho de 2026 às 22:10:00 UTC-3","10 de julho de 2026 às 17:20:00 UTC-3","fever vs mercury,fever game today,wnba schedule,kelsey mitchell,indiana fever schedule,indiana fever vs phoenix mercury,wnba indiana fever,tyasha harris,wnba games,indiana fever vs phoenix mercury match player stats,fever score,fever schedule,indiana fever vs phoenix mercury timeline,mercury vs fever,fever game tonight","./explore?q=fever%20vs%20mercury&geo=US"
"bernie sanders","10 mil+","12 de julho de 2026 às 07:30:00 UTC-3","13 de julho de 2026 às 05:20:00 UTC-3","bernie sanders","./explore?q=bernie%20sanders&geo=US"
"selección de fútbol de argentina","50 mil+","11 de julho de 2026 às 22:10:00 UTC-3","12 de julho de 2026 às 22:00:00 UTC-3","selección de fútbol de argentina,inglaterra vs,maradona,diego maradona,argentina vs inglaterra,inglaterra vs argentina,cuándo juega argentina,argentina inglaterra,argentina vs inglaterra 2026","./explore?q=selecci%C3%B3n%20de%20f%C3%BAtbol%20de%20argentina&geo=US"
"mcdonalds bt21 happy meal","20 mil+","9 de julho de 2026 às 13:30:00 UTC-3","10 de julho de 2026 às 21:00:00 UTC-3","mcdonalds bt21 happy meal,bt21 mcdonald's happy meal release,mcdonalds bt21 happy meal release","./explore?q=mcdonalds%20bt21%20happy%20meal&geo=US"
"south carolina national guard suspended pilots","50 mil+","9 de julho de 2026 às 08:00:00 UTC-3","10 de julho de 2026 às 23:20:00 UTC-3","south carolina national guard suspended pilots,apache pilots suspended,helicopter","./explore?q=south%20carolina%20national%20guard%20suspended%20pilots&geo=US"
"juan soto","2 mil+","13 de julho de 2026 às 22:10:00 UTC-3","13 de julho de 2026 às 23:20:00 UTC-3","juan soto","./explore?q=juan%20soto&geo=US"
"luka dončić","10 mil+","10 de julho de 2026 às 05:00:00 UTC-3","12 de julho de 2026 às 20:50:00 UTC-3","luka dončić","./explore?q=luka%20don%C4%8Di%C4%87&geo=US"
"warde manuel","10 mil+","12 de julho de 2026 às 17:10:00 UTC-3","13 de julho de 2026 às 14:00:00 UTC-3","warde manuel,michigan ad warde manuel","./explore?q=warde%20manuel&geo=US"
"cycling","20 mil+","11 de julho de 2026 às 07:10:00 UTC-3","12 de julho de 2026 às 09:20:00 UTC-3","cycling","./explore?q=cycling&geo=US"
"gavin newsom","20 mil+","11 de julho de 2026 às 01:40:00 UTC-3","11 de julho de 2026 às 23:20:00 UTC-3","gavin newsom","./explore?q=gavin%20newsom&geo=US"
"jobs","20 mil+","11 de julho de 2026 às 07:10:00 UTC-3","12 de julho de 2026 às 09:20:00 UTC-3","jobs","./explore?q=jobs&geo=US"
"is norway still in the world cup","20 mil+","11 de julho de 2026 às 20:20:00 UTC-3","12 de julho de 2026 às 16:30:00 UTC-3","is norway still in the world cup","./explore?q=is%20norway%20still%20in%20the%20world%20cup&geo=US"
"william shatner","2 mil+","13 de julho de 2026 às 12:30:00 UTC-3","13 de julho de 2026 às 21:00:00 UTC-3","william shatner","./explore?q=william%20shatner&geo=US"
"events","20 mil+","11 de julho de 2026 às 07:10:00 UTC-3","12 de julho de 2026 às 09:20:00 UTC-3","events","./explore?q=events&geo=US"
"swimming","20 mil+","11 de julho de 2026 às 07:10:00 UTC-3","12 de julho de 2026 às 09:20:00 UTC-3","swimming","./explore?q=swimming&geo=US"
"megan moroney","20 mil+","9 de julho de 2026 às 11:40:00 UTC-3","11 de julho de 2026 às 20:00:00 UTC-3","megan moroney","./explore?q=megan%20moroney&geo=US"
"sports","50 mil+","11 de julho de 2026 às 07:10:00 UTC-3","12 de julho de 2026 às 09:20:00 UTC-3","sports","./explore?q=sports&geo=US"
"concerts","20 mil+","11 de julho de 2026 às 07:10:00 UTC-3","12 de julho de 2026 às 09:20:00 UTC-3","concerts","./explore?q=concerts&geo=US"
"cash app state attorneys settlement","1 mil+","13 de julho de 2026 às 21:20:00 UTC-3","13 de julho de 2026 às 23:30:00 UTC-3","cash app state attorneys settlement","./explore?q=cash%20app%20state%20attorneys%20settlement&geo=US"
"angels vs rangers","50 mil+","7 de julho de 2026 às 20:10:00 UTC-3","10 de julho de 2026 às 09:40:00 UTC-3","angels vs rangers,rangers vs angels","./explore?q=angels%20vs%20rangers&geo=US"
"guardians vs twins","50 mil+","7 de julho de 2026 às 20:10:00 UTC-3","9 de julho de 2026 às 20:40:00 UTC-3","guardians vs twins","./explore?q=guardians%20vs%20twins&geo=US"
"santina green","50 mil+","8 de julho de 2026 às 00:40:00 UTC-3","10 de julho de 2026 às 10:00:00 UTC-3","santina green","./explore?q=santina%20green&geo=US"
"justin verlander","50 mil+","8 de julho de 2026 às 13:40:00 UTC-3","10 de julho de 2026 às 22:40:00 UTC-3","justin verlander,verlander,justin verlander wife","./explore?q=justin%20verlander&geo=US"
"nyc building collapse","100 mil+","7 de julho de 2026 às 13:00:00 UTC-3","8 de julho de 2026 às 22:00:00 UTC-3","nyc building collapse,building collapse nyc,235 east 42nd street,new york building collapse,midtown building evacuated,pfizer building nyc,pfizer building,new york,pfizer building collapse,nyc,pfizer,nyc building evacuated,new york city,nypost","./explore?q=nyc%20building%20collapse&geo=US"
"summerslam 2026","1 mil+","13 de julho de 2026 às 23:50:00 UTC-3","14 de julho de 2026 às 00:50:00 UTC-3","summerslam 2026,lyra valkyria","./explore?q=summerslam%202026&geo=US"
"chase elliott","20 mil+","10 de julho de 2026 às 12:10:00 UTC-3","11 de julho de 2026 às 23:00:00 UTC-3","chase elliott,rajah caruth","./explore?q=chase%20elliott&geo=US"
"mike trout","2 mil+","13 de julho de 2026 às 21:10:00 UTC-3","13 de julho de 2026 às 22:20:00 UTC-3","mike trout","./explore?q=mike%20trout&geo=US"
"luke riley","20 mil+","11 de julho de 2026 às 02:30:00 UTC-3","12 de julho de 2026 às 04:20:00 UTC-3","luke riley,kai kamaka,luke riley ufc,luke riley vs kai kamaka,kai kamaka iii,where is luke riley from","./explore?q=luke%20riley&geo=US"
"product recall","100 mil+","7 de julho de 2026 às 06:40:00 UTC-3","9 de julho de 2026 às 09:40:00 UTC-3","product recall","./explore?q=product%20recall&geo=US"
"james woods","20 mil+","9 de julho de 2026 às 17:20:00 UTC-3","12 de julho de 2026 às 15:50:00 UTC-3","james woods","./explore?q=james%20woods&geo=US"
"housing bill","50 mil+","10 de julho de 2026 às 10:40:00 UTC-3","11 de julho de 2026 às 18:40:00 UTC-3","housing bill,trump says he won t sign housing bill that's set to become law at midnight,housing bill unsigned trump,act,sen warnock housing legislation,21st century road to housing act,housing bill 2026,bipartisan housing bill,trump housing bill refusal,trump unsigned housing bill,trump symbolic housing bill protest,road to housing act,housing affordability bill,trump housing bill","./explore?q=housing%20bill&geo=US"
"cole hauser","2 mil+","13 de julho de 2026 às 12:50:00 UTC-3","13 de julho de 2026 às 17:20:00 UTC-3","cole hauser","./explore?q=cole%20hauser&geo=US"
"tall ships boston","20 mil+","10 de julho de 2026 às 07:40:00 UTC-3","12 de julho de 2026 às 16:10:00 UTC-3","tall ships boston,boston,tall ships","./explore?q=tall%20ships%20boston&geo=US"
"ines de ramon","20 mil+","10 de julho de 2026 às 16:30:00 UTC-3","12 de julho de 2026 às 14:30:00 UTC-3","ines de ramon,brad pitt,penelope cruz,brad pitt girlfriend,javier bardem","./explore?q=ines%20de%20ramon&geo=US"
"the hawk netflix","2 mil+","13 de julho de 2026 às 09:30:00 UTC-3","14 de julho de 2026 às 00:00:00 UTC-3","the hawk netflix,best movies to stream,best movies on streaming","./explore?q=the%20hawk%20netflix&geo=US"
"islamic republic of japan","50 mil+","8 de julho de 2026 às 10:00:00 UTC-3","10 de julho de 2026 às 12:00:00 UTC-3","islamic republic of japan,111","./explore?q=islamic%20republic%20of%20japan&geo=US"
"anthony joshua","500+","13 de julho de 2026 às 23:10:00 UTC-3","14 de julho de 2026 às 00:20:00 UTC-3","anthony joshua","./explore?q=anthony%20joshua&geo=US"
"hotels","50 mil+","11 de julho de 2026 às 07:10:00 UTC-3","12 de julho de 2026 às 09:20:00 UTC-3","hotels,hotel","./explore?q=hotels&geo=US"
"irs july 10 refund deadline","50 mil+","9 de julho de 2026 às 18:00:00 UTC-3","10 de julho de 2026 às 21:40:00 UTC-3","irs july 10 refund deadline,irs covid tax refund deadline,irs tax refund,covid tax refund,where's my refund","./explore?q=irs%20july%2010%20refund%20deadline&geo=US"
"david beckham","50 mil+","11 de julho de 2026 às 18:10:00 UTC-3","11 de julho de 2026 às 22:50:00 UTC-3","david beckham,beckham,david beckham wife,david beckham world cup,david beckham kids,romeo beckham,beckham kids,cruz beckham,david beckham sons,david beckham children,did david beckham win the world cup","./explore?q=david%20beckham&geo=US"
"super mover walking speed benefits","10 mil+","11 de julho de 2026 às 13:30:00 UTC-3","13 de julho de 2026 às 09:40:00 UTC-3","super mover walking speed benefits,joe verghese walking pace research","./explore?q=super%20mover%20walking%20speed%20benefits&geo=US"
"kylie jenner","5 mil+","13 de julho de 2026 às 16:40:00 UTC-3","13 de julho de 2026 às 20:00:00 UTC-3","kylie jenner","./explore?q=kylie%20jenner&geo=US"
"bryce harper wife","1 mil+","13 de julho de 2026 às 22:30:00 UTC-3","13 de julho de 2026 às 23:50:00 UTC-3","bryce harper wife","./explore?q=bryce%20harper%20wife&geo=US"
"celebrity softball game 2026","500+","13 de julho de 2026 às 23:50:00 UTC-3","14 de julho de 2026 às 00:50:00 UTC-3","celebrity softball game 2026","./explore?q=celebrity%20softball%20game%202026&geo=US"
"t-mobile us","2 mil+","13 de julho de 2026 às 07:30:00 UTC-3","13 de julho de 2026 às 22:20:00 UTC-3","t-mobile us","./explore?q=t-mobile%20us&geo=US"
"luxor west bank tomb discovery","10 mil+","12 de julho de 2026 às 16:50:00 UTC-3","13 de julho de 2026 às 06:50:00 UTC-3","luxor west bank tomb discovery","./explore?q=luxor%20west%20bank%20tomb%20discovery&geo=US"
"in the city reunion bravo","1 mil+","13 de julho de 2026 às 20:30:00 UTC-3","13 de julho de 2026 às 23:10:00 UTC-3","in the city reunion bravo","./explore?q=in%20the%20city%20reunion%20bravo&geo=US"
"liberty vs lynx","20 mil+","11 de julho de 2026 às 13:10:00 UTC-3","12 de julho de 2026 às 00:00:00 UTC-3","liberty vs lynx,olivia miles,minnesota lynx,kayla mcbride,sabrina ionescu,new york liberty,mn lynx","./explore?q=liberty%20vs%20lynx&geo=US"
"boeing 747-8 air force one","50 mil+","8 de julho de 2026 às 20:20:00 UTC-3","10 de julho de 2026 às 18:40:00 UTC-3","boeing 747-8 air force one,air force one plane switch,plane","./explore?q=boeing%20747-8%20air%20force%20one&geo=US"
"public health emergency","10 mil+","12 de julho de 2026 às 10:50:00 UTC-3","13 de julho de 2026 às 09:00:00 UTC-3","public health emergency","./explore?q=public%20health%20emergency&geo=US"
"jacob tobey","100 mil+","9 de julho de 2026 às 12:10:00 UTC-3","10 de julho de 2026 às 12:20:00 UTC-3","jacob tobey,loren waters,loren waters spurs,lindy waters,lindy waters iii,jacob tobey loren waters,lindy waters sister,loren waters jacob tobey,spurs announcer fired,san antonio spurs,lindy waters iii sister,jacob tobey girlfriend,jacob tobey was fired after allegations involving player's sister,kasserine taylor","./explore?q=jacob%20tobey&geo=US"
"ckm syndrome","50 mil+","9 de julho de 2026 às 08:10:00 UTC-3","10 de julho de 2026 às 10:30:00 UTC-3","ckm syndrome,cardiovascular-kidney-metabolic syndrome,cardiovascular–kidney–metabolic syndrome","./explore?q=ckm%20syndrome&geo=US"
"big brother 2026 cast","200 mil+","7 de julho de 2026 às 13:10:00 UTC-3","9 de julho de 2026 às 00:30:00 UTC-3","big brother 2026 cast,big brother,big brother 2026,what time is big brother tonight,big brother schedule,big brother 28,what time does big brother come on tonight,dee valladares,big brother 28 cast,dee survivor,where to watch big brother,big brother tonight,big brother cast,big brother premiere,when does big brother 2026 start,what time is big brother on,rachel reilly,rick devens,when does big brother start,is big brother on tonight,what time is big brother on tonight,rachel big brother,big brother episodes,angela big brother,december 20 2023 big brother,big brother live feeds,dec 20 2023 big brother,december 20th 2023 big brother,big brother cast 2026,big brother premiere time,big brother season 28 cast,big brother unlocked,bb28,dee from survivor,angela murray,how to watch big brother,how to watch big brother live,julie chen,when does big brother start 2026,big brother december 20 2023,bb28 cast,how long is big brother tonight,dee valladares big brother,rachel reilly big brother,dee big brother 28,december 20, 2023 big brother,devens survivor,where can i watch big brother,kamu kirk,dee big brother,big brother spoilers,big brother december 2023,december 2023 big brother,big brother cast reveal","./explore?q=big%20brother%202026%20cast&geo=US"
"extreme heat watch","10 mil+","13 de julho de 2026 às 07:00:00 UTC-3","13 de julho de 2026 às 10:10:00 UTC-3","extreme heat watch","./explore?q=extreme%20heat%20watch&geo=US"
"caitlin clark","50 mil+","10 de julho de 2026 às 20:20:00 UTC-3","11 de julho de 2026 às 14:10:00 UTC-3","caitlin clark,reason,caitlin clark wnba protection,congress wnba caitlin clark letter,dick vitale,aliyah boston,wnba,abby phillip","./explore?q=caitlin%20clark&geo=US"
"michelle randolph","50 mil+","8 de julho de 2026 às 08:00:00 UTC-3","10 de julho de 2026 às 09:30:00 UTC-3","michelle randolph,glen powell","./explore?q=michelle%20randolph&geo=US"
"detención","50 mil+","9 de julho de 2026 às 09:00:00 UTC-3","10 de julho de 2026 às 10:20:00 UTC-3","detención","./explore?q=detenci%C3%B3n&geo=US"
"kate upton","20 mil+","8 de julho de 2026 às 14:20:00 UTC-3","10 de julho de 2026 às 11:20:00 UTC-3","kate upton","./explore?q=kate%20upton&geo=US"
"flights","50 mil+","11 de julho de 2026 às 07:10:00 UTC-3","12 de julho de 2026 às 09:20:00 UTC-3","flights,spacex starship thirteenth flight test","./explore?q=flights&geo=US"
"summit fire","20 mil+","10 de julho de 2026 às 18:50:00 UTC-3","12 de julho de 2026 às 12:40:00 UTC-3","summit fire,fire near me,los angeles weather,la weather","./explore?q=summit%20fire&geo=US"
"abc nbc cbs july ratings","20 mil+","10 de julho de 2026 às 13:20:00 UTC-3","11 de julho de 2026 às 14:20:00 UTC-3","abc nbc cbs july ratings","./explore?q=abc%20nbc%20cbs%20july%20ratings&geo=US"
"count binface","20 mil+","8 de julho de 2026 às 01:30:00 UTC-3","11 de julho de 2026 às 15:10:00 UTC-3","count binface,nigel farage","./explore?q=count%20binface&geo=US"
"netflix free trial","1 mil+","13 de julho de 2026 às 20:10:00 UTC-3","13 de julho de 2026 às 22:20:00 UTC-3","netflix free trial","./explore?q=netflix%20free%20trial&geo=US"
"liberty vs tempo","10 mil+","12 de julho de 2026 às 15:10:00 UTC-3","13 de julho de 2026 às 00:30:00 UTC-3","liberty vs tempo,marina mabrey,ny liberty,what is happening today","./explore?q=liberty%20vs%20tempo&geo=US"
"ryne sandberg","500+","13 de julho de 2026 às 23:20:00 UTC-3","14 de julho de 2026 às 00:30:00 UTC-3","ryne sandberg","./explore?q=ryne%20sandberg&geo=US"
"lennox lewis","10 mil+","12 de julho de 2026 às 09:30:00 UTC-3","13 de julho de 2026 às 09:30:00 UTC-3","lennox lewis","./explore?q=lennox%20lewis&geo=US"
"joe lieberman","5 mil+","12 de julho de 2026 às 05:30:00 UTC-3","13 de julho de 2026 às 12:20:00 UTC-3","joe lieberman","./explore?q=joe%20lieberman&geo=US"
"tristan peters","10 mil+","10 de julho de 2026 às 22:40:00 UTC-3","12 de julho de 2026 às 17:50:00 UTC-3","tristan peters,sean burke,tristan peters savannah bananas","./explore?q=tristan%20peters&geo=US"
"rashida jones","10 mil+","13 de julho de 2026 às 14:30:00 UTC-3","14 de julho de 2026 às 00:30:00 UTC-3","rashida jones,olivia wilde,will mccormack,seth rogen,the invite","./explore?q=rashida%20jones&geo=US"
"sky vs sparks","20 mil+","10 de julho de 2026 às 22:10:00 UTC-3","11 de julho de 2026 às 14:20:00 UTC-3","sky vs sparks,nneka ogwumike,rae burrell,kamilla cardoso,dearica hamby,sparks,jacy sheldon","./explore?q=sky%20vs%20sparks&geo=US"
"chad gable","500+","13 de julho de 2026 às 23:20:00 UTC-3","14 de julho de 2026 às 00:20:00 UTC-3","chad gable","./explore?q=chad%20gable&geo=US"
"cte","50 mil+","7 de julho de 2026 às 13:00:00 UTC-3","9 de julho de 2026 às 04:00:00 UTC-3","cte,chronic traumatic encephalopathy,marshawn kneeland","./explore?q=cte&geo=US"
"squishy","50 mil+","8 de julho de 2026 às 06:30:00 UTC-3","10 de julho de 2026 às 04:50:00 UTC-3","squishy,toy","./explore?q=squishy&geo=US"
"slavery","10 mil+","12 de julho de 2026 às 01:20:00 UTC-3","13 de julho de 2026 às 00:10:00 UTC-3","slavery","./explore?q=slavery&geo=US"
"mickey lee big brother","20 mil+","9 de julho de 2026 às 21:00:00 UTC-3","11 de julho de 2026 às 22:30:00 UTC-3","mickey lee big brother,mickey lee,mickey big brother,what happened to mickey lee from big brother,mickey lee big brother 27,how did mickey from big brother died","./explore?q=mickey%20lee%20big%20brother&geo=US"
"luke wilson","20 mil+","8 de julho de 2026 às 18:50:00 UTC-3","11 de julho de 2026 às 02:30:00 UTC-3","luke wilson,kendall yates","./explore?q=luke%20wilson&geo=US"
"gen z years","500+","14 de julho de 2026 às 00:10:00 UTC-3","14 de julho de 2026 às 00:50:00 UTC-3","gen z years","./explore?q=gen%20z%20years&geo=US"
"kyrie irving","2 mil+","13 de julho de 2026 às 03:30:00 UTC-3","13 de julho de 2026 às 16:40:00 UTC-3","kyrie irving","./explore?q=kyrie%20irving&geo=US"
"aaron lewis","10 mil+","11 de julho de 2026 às 19:50:00 UTC-3","12 de julho de 2026 às 16:10:00 UTC-3","aaron lewis","./explore?q=aaron%20lewis&geo=US"
"high potential","20 mil+","8 de julho de 2026 às 19:20:00 UTC-3","10 de julho de 2026 às 02:00:00 UTC-3","high potential","./explore?q=high%20potential&geo=US"
"boat","10 mil+","12 de julho de 2026 às 14:20:00 UTC-3","13 de julho de 2026 às 10:10:00 UTC-3","boat,lake pepin boating accident","./explore?q=boat&geo=US"
"argentina - egipto","100 mil+","7 de julho de 2026 às 12:10:00 UTC-3","8 de julho de 2026 às 01:30:00 UTC-3","argentina - egipto,argentina vs egipto,enzo fernández,suiza,egipto vs argentina,argentina vs. egipto,cómo va argentina,argentina hoy,egipto,selección de fútbol de argentina,argentina y egipto,argentina versus egipto,egipto argentina,como va argentina,argentina contra egipto,cómo va argentina y egipto,argentina mundial 2026,futbol","./explore?q=argentina%20-%20egipto&geo=US"
"when is the all star game","1 mil+","13 de julho de 2026 às 19:50:00 UTC-3","13 de julho de 2026 às 22:20:00 UTC-3","when is the all star game","./explore?q=when%20is%20the%20all%20star%20game&geo=US"
"carlos alcaraz","10 mil+","12 de julho de 2026 às 11:50:00 UTC-3","12 de julho de 2026 às 19:50:00 UTC-3","carlos alcaraz","./explore?q=carlos%20alcaraz&geo=US"
"garth brooks tour","50 mil+","7 de julho de 2026 às 08:10:00 UTC-3","9 de julho de 2026 às 09:40:00 UTC-3","garth brooks tour,garth brooks","./explore?q=garth%20brooks%20tour&geo=US"
"american airlines new international routes","5 mil+","12 de julho de 2026 às 06:30:00 UTC-3","13 de julho de 2026 às 10:50:00 UTC-3","american airlines new international routes","./explore?q=american%20airlines%20new%20international%20routes&geo=US"
"mikal bridges","20 mil+","10 de julho de 2026 às 18:20:00 UTC-3","12 de julho de 2026 às 01:10:00 UTC-3","mikal bridges","./explore?q=mikal%20bridges&geo=US"
"new world screwworm pet safety","50 mil+","7 de julho de 2026 às 23:40:00 UTC-3","9 de julho de 2026 às 12:00:00 UTC-3","new world screwworm pet safety","./explore?q=new%20world%20screwworm%20pet%20safety&geo=US"
"jade harlow","20 mil+","9 de julho de 2026 às 15:50:00 UTC-3","11 de julho de 2026 às 02:00:00 UTC-3","jade harlow,jade harlow joins the soap opera as marie kirkland,jade harlow joins the soap opera as a new character,marie kirkland y&r character","./explore?q=jade%20harlow&geo=US"
"andrew gillum","50 mil+","7 de julho de 2026 às 12:10:00 UTC-3","9 de julho de 2026 às 09:40:00 UTC-3","andrew gillum","./explore?q=andrew%20gillum&geo=US"
"lamine yamal birthday","5 mil+","13 de julho de 2026 às 02:00:00 UTC-3","13 de julho de 2026 às 23:30:00 UTC-3","lamine yamal birthday,when is lamine yamal birthday,how old is lionel messi","./explore?q=lamine%20yamal%20birthday&geo=US"
"july social security benefit schedule","5 mil+","12 de julho de 2026 às 17:00:00 UTC-3","13 de julho de 2026 às 10:50:00 UTC-3","july social security benefit schedule","./explore?q=july%20social%20security%20benefit%20schedule&geo=US"
"music","20 mil+","11 de julho de 2026 às 14:00:00 UTC-3","12 de julho de 2026 às 09:00:00 UTC-3","music","./explore?q=music&geo=US"
"jason statham amazon streaming hits","20 mil+","9 de julho de 2026 às 19:40:00 UTC-3","10 de julho de 2026 às 21:00:00 UTC-3","jason statham amazon streaming hits","./explore?q=jason%20statham%20amazon%20streaming%20hits&geo=US"
"storm vs dream","50 mil+","9 de julho de 2026 às 20:10:00 UTC-3","10 de julho de 2026 às 11:50:00 UTC-3","storm vs dream,jordin canada,rhyne howard,atlanta dream,seattle storm,flau'jae johnson,carla leite,seattle storm vs atlanta dream,allisha gray,awa fam","./explore?q=storm%20vs%20dream&geo=US"
"dreamdoll","50 mil+","7 de julho de 2026 às 01:50:00 UTC-3","8 de julho de 2026 às 09:30:00 UTC-3","dreamdoll,dream doll,dreamdoll died,dreamdoll streamer,dreamdoll death,dreamdoll dead,is dreamdoll dead,dream doll death,dream doll brii,dreamdoll bri shooting,dreamdoll bri age,is dream doll dead","./explore?q=dreamdoll&geo=US"
"cody bellinger","500+","13 de julho de 2026 às 22:00:00 UTC-3","13 de julho de 2026 às 23:10:00 UTC-3","cody bellinger","./explore?q=cody%20bellinger&geo=US"
"isco championship","10 mil+","12 de julho de 2026 às 15:50:00 UTC-3","12 de julho de 2026 às 22:30:00 UTC-3","isco championship","./explore?q=isco%20championship&geo=US"
"ifc","10 mil+","11 de julho de 2026 às 17:00:00 UTC-3","12 de julho de 2026 às 09:10:00 UTC-3","ifc","./explore?q=ifc&geo=US"
"jason tartick","1 mil+","13 de julho de 2026 às 20:50:00 UTC-3","13 de julho de 2026 às 23:00:00 UTC-3","jason tartick","./explore?q=jason%20tartick&geo=US"
"arthur kaluma","20 mil+","12 de julho de 2026 às 00:40:00 UTC-3","12 de julho de 2026 às 17:40:00 UTC-3","arthur kaluma,nba summer league scores,lakers summer league roster,lakers summer league,kaluma,kaluma lakers","./explore?q=arthur%20kaluma&geo=US"
"nirav shah","100 mil+","10 de julho de 2026 às 19:50:00 UTC-3","11 de julho de 2026 às 17:20:00 UTC-3","nirav shah,bernie,ballot,senator,graham platner news,graham platner tattoo,maine senate race,bernie sanders,troy,stephen king,chuck schumer,platner dropping out,valli geiger,graham platner wife,morris katz,lyndsey fifield,troy jackson maine,devon murphy-anderson,maine,platner maine,dan kleban,graham platner senate race,shenna bellows,devon murphy anderson,platner news,susan collins maine,daniel moraff,ro,ms now,in","./explore?q=nirav%20shah&geo=US"
"justin gaethje","10 mil+","11 de julho de 2026 às 17:40:00 UTC-3","12 de julho de 2026 às 06:20:00 UTC-3","justin gaethje","./explore?q=justin%20gaethje&geo=US"
"alexi lalas usmnt coaching critique","5 mil+","12 de julho de 2026 às 15:40:00 UTC-3","13 de julho de 2026 às 02:30:00 UTC-3","alexi lalas usmnt coaching critique","./explore?q=alexi%20lalas%20usmnt%20coaching%20critique&geo=US"
"haaland soccer player","50 mil+","11 de julho de 2026 às 18:00:00 UTC-3","11 de julho de 2026 às 21:50:00 UTC-3","haaland soccer player,how old is haaland,what team does haaland play for,who does haaland play for,how old is erling haaland,roy keane,where was haaland born,erling haaland age,haalands dad,what club does haaland play for,haaland brother,haaland team,haaland mom,erling haaland mom,where does haaland play,gry marita braut,haaland's sister,where is haaland from","./explore?q=haaland%20soccer%20player&geo=US"
"kathy griffin","10 mil+","10 de julho de 2026 às 09:50:00 UTC-3","11 de julho de 2026 às 22:40:00 UTC-3","kathy griffin","./explore?q=kathy%20griffin&geo=US"
"firefighter","20 mil+","8 de julho de 2026 às 14:30:00 UTC-3","10 de julho de 2026 às 14:40:00 UTC-3","firefighter","./explore?q=firefighter&geo=US"
"chuck grassley","10 mil+","12 de julho de 2026 às 04:20:00 UTC-3","13 de julho de 2026 às 17:10:00 UTC-3","chuck grassley,kash patel taxpayer resources usage","./explore?q=chuck%20grassley&geo=US"
"athletics vs white sox","20 mil+","12 de julho de 2026 às 14:50:00 UTC-3","12 de julho de 2026 às 18:40:00 UTC-3","athletics vs white sox,braden montgomery,white sox game","./explore?q=athletics%20vs%20white%20sox&geo=US"
"dewanna bonner","500+","14 de julho de 2026 às 00:10:00 UTC-3","14 de julho de 2026 às 00:40:00 UTC-3","dewanna bonner","./explore?q=dewanna%20bonner&geo=US"
"ledson fire","2 mil+","13 de julho de 2026 às 18:10:00 UTC-3","13 de julho de 2026 às 20:40:00 UTC-3","ledson fire","./explore?q=ledson%20fire&geo=US"
"messi height","20 mil+","11 de julho de 2026 às 21:50:00 UTC-3","12 de julho de 2026 às 01:50:00 UTC-3","messi height,lionel messi height","./explore?q=messi%20height&geo=US"
"nitro motorsports thomas annunziata kyle busch","20 mil+","9 de julho de 2026 às 19:20:00 UTC-3","11 de julho de 2026 às 11:50:00 UTC-3","nitro motorsports thomas annunziata kyle busch","./explore?q=nitro%20motorsports%20thomas%20annunziata%20kyle%20busch&geo=US"
"argentina vs suiza 2026","50 mil+","11 de julho de 2026 às 20:50:00 UTC-3","12 de julho de 2026 às 08:40:00 UTC-3","argentina vs suiza 2026,suiza,argentina hoy,cómo va argentina,copa mundial de fútbol,partido de argentina,nahuel molina,hasta donde llego inglaterra en el mundial 2026,cuando juega argentina,cómo va el partido de argentina,partido argentina,selección de fútbol de suiza,argentina versus suiza,rubén vargas,suiza argentina,argentina vs suiza hoy,juego de argentina hoy,cuándo juega argentina,partido de argentina hoy,julian alvarez argentina,quién ganó argentina o suiza,molina argentina,a qué hora juega argentina,argentina vs zuisa,partido argentina suiza,argentina suiza 2026,como va argentina,argentina vs suisa,argentina vs suiza","./explore?q=argentina%20vs%20suiza%202026&geo=US"
"senne lammens","100 mil+","10 de julho de 2026 às 17:30:00 UTC-3","11 de julho de 2026 às 03:40:00 UTC-3","senne lammens,courtois,thibaut courtois,courtois injury,lammens,marc cucurella,belgium goalkeeper,rudi garcia,tielemans,de bruyne,belgium goalie,why was courtois subbed off,spain goalkeeper,why did courtois get subbed off today,courtois belgium,why is courtois not playing,what happened to courtois,belgian goalkeeper,belgium keeper,rudy garcia,thibaut courtois injury","./explore?q=senne%20lammens&geo=US"
"robin roberts","20 mil+","7 de julho de 2026 às 21:00:00 UTC-3","9 de julho de 2026 às 23:20:00 UTC-3","robin roberts","./explore?q=robin%20roberts&geo=US"
"tsm stock","2 mil+","13 de julho de 2026 às 07:40:00 UTC-3","13 de julho de 2026 às 14:40:00 UTC-3","tsm stock,tsmc stock","./explore?q=tsm%20stock&geo=US"
"california oregon dei grant lawsuit","10 mil+","10 de julho de 2026 às 16:00:00 UTC-3","11 de julho de 2026 às 23:50:00 UTC-3","california oregon dei grant lawsuit","./explore?q=california%20oregon%20dei%20grant%20lawsuit&geo=US"
"argentina game","500 mil+","7 de julho de 2026 às 13:50:00 UTC-3","7 de julho de 2026 às 16:40:00 UTC-3","argentina game,argentina world cup,egypt world cup,egypt,argentina vs egypt world cup 2026,argentina score,argentina v egypt,argentina,messi,egypt game,lionel messi,mohamed salah,who won argentina or egypt,quarter finals world cup,world cup games today,argentina egypt game,egypt v argentina,argentina game today,world cup games,egypt vs,argentina match,did argentina win,argentina versus egypt,fifa games today,arg vs egypt,who does argentina play next,is colombia still in the world cup,did argentina win today,argentina soccer,world cup scores,argentina and egypt,argentina fifa,fifa game,world cup bracket today,worldcup,argentina vs egypt score,argentina vs egipto 2026,egypt argentina match,argentina national football team vs egypt national football team stats,soccer games today,argentina vs egypt live,egypt score,egypt soccer,salah,world cup game,world cup score,world cup argentina,wc,where to watch argentina national football team vs egypt national football team,workd cup,argentina national football team vs egypt national football team,argentina national football team,world cup argentina vs egypt,who won the last world cup,world cup live,argentina egypt score,egypt and argentina,egypt fifa ranking,yasser ibrahim,fifa score,who is argentina playing next,who will argentina play next,argentina world cup schedule,fifa live,cristian romero,egypt argentina game,argentina national football team vs egypt national football team lineups,world cup game today,who is playing in the world cup today,is this messi's last world cup,colombia vs argentina,foxsports,world cup match,whos playing today world cup,fifa matches today,where is argentina vs egypt playing,egypt fifa,argentina highlights,did argentina win the world cup,argentina match today,egypt game today,world cup matches today,argentina vs colombia,egypt game score,messi world cup goals,argentina today match,fifa game today,argentina game score,fifa argentina,argentina wc,leo messi,egypt argentina score,switzerland vs argentina,argentina goals,2026 world cup,watch world cup,wolrd cup,who won last world cup,is colombia out of the world cup,wc 2026,mercedes benz stadium,todays world cup match,football world cup,word cup,how much extra time in world cup,has colombia won a world cup,egypt versus argentina,argentin,is egypt still in the world cup,argentina score today,did messi score today,fifa argentina vs egypt,how long is extra time in world cup soccer,arg vs egy,argentina va egypt,world cup 2026 matches,what time is colombia playing today,salah egypt,argentina vs eygpt,argentina next match,egypt world cup history,egypt game world cup,wrld cup,argentina vs egyp,argentina vs egypt goals,soccer games today live,argentina football,what world cup games are on today,egypt goal,argentina vs egypt who won,world cup matches today live,what time does argentina play today,argentina president,egypt vs argentina score,argentina vs. egypt,wold cup,who does argentina play next in the world cup,messi vs egypt,fifa match,worl cup,argetina vs egypt,argentina players,remontada,egypt ranking fifa,score of argentina game today,how many world cups has argentina won,next argentina game,atlanta,argentina vs egypt world cup 2026 live score,argentina team,egypt vs argentina live,atlanta stadium,argentina vs egipt,world cup matches,argentina va,agentina vs egypt,fifa wc,messi goals,wordl cup,worls cup,argentina vs,egito vs argentina,egypt vs argentina odds,wirld cup,world cup today,argentina vs egypt world cup 2026 live,egypt vs arg,messi goals world cup 2026,world cup stats,where is argentina playing in the world cup,how many goals did messi score today,messi goal,who won the argentina game,argentina vs egypt world cup 2026 result,who plays in the world cup today,argentina soccer game,fifa world cup games today,argentina vs egypto,world.cup 2026,ramy rabia,world cup winners,world cup schedule 2026,argentina today,karim hafez,world.cup bracket,egypt wc,world cup game right now,score world cup,world cup results today,argentine vs egypt,world cup stream,egypt match,free games","./explore?q=argentina%20game&geo=US"
"mariners vs marlins","50 mil+","7 de julho de 2026 às 18:50:00 UTC-3","9 de julho de 2026 às 02:30:00 UTC-3","mariners vs marlins,marlins,miami marlins,mariners - marlins,mariners vs marlins prediction","./explore?q=mariners%20vs%20marlins&geo=US"
"%s","10 mil+","13 de julho de 2026 às 08:40:00 UTC-3","13 de julho de 2026 às 15:10:00 UTC-3","%s,gary trent jr,gary trent","./explore?q=%25s&geo=US"
"tristan rogers","2 mil+","13 de julho de 2026 às 17:40:00 UTC-3","13 de julho de 2026 às 20:10:00 UTC-3","tristan rogers","./explore?q=tristan%20rogers&geo=US"
"snakebite","20 mil+","10 de julho de 2026 às 08:50:00 UTC-3","11 de julho de 2026 às 04:50:00 UTC-3","snakebite","./explore?q=snakebite&geo=US"
"wimbledon 1995 fashion princess diana","10 mil+","10 de julho de 2026 às 17:10:00 UTC-3","11 de julho de 2026 às 16:30:00 UTC-3","wimbledon 1995 fashion princess diana","./explore?q=wimbledon%201995%20fashion%20princess%20diana&geo=US"
"class action","20 mil+","10 de julho de 2026 às 18:10:00 UTC-3","11 de julho de 2026 às 14:50:00 UTC-3","class action,costco orgain protein powder,orgain protein powder","./explore?q=class%20action&geo=US"
"air canada plane montreal airport","20 mil+","10 de julho de 2026 às 14:30:00 UTC-3","11 de julho de 2026 às 11:30:00 UTC-3","air canada plane montreal airport,air canada landing video montreal,air canada flight ac774,air canada","./explore?q=air%20canada%20plane%20montreal%20airport&geo=US"
"paige bueckers","5 mil+","12 de julho de 2026 às 19:50:00 UTC-3","13 de julho de 2026 às 09:00:00 UTC-3","paige bueckers","./explore?q=paige%20bueckers&geo=US"
"two usmnt staff members were suspended by fifa for game vs belgium why","50 mil+","7 de julho de 2026 às 22:00:00 UTC-3","9 de julho de 2026 às 09:40:00 UTC-3","two usmnt staff members were suspended by fifa for game vs belgium why,fifa suspended two united states staff members before the match,usmnt fifa staff suspensions,soccer game","./explore?q=two%20usmnt%20staff%20members%20were%20suspended%20by%20fifa%20for%20game%20vs%20belgium%20why&geo=US"
"justine pissott","20 mil+","11 de julho de 2026 às 21:00:00 UTC-3","13 de julho de 2026 às 00:20:00 UTC-3","justine pissott,chennedy carter,las vegas aces chennedy carter,chennedy carter waived","./explore?q=justine%20pissott&geo=US"
"pokemon go fest 2026","10 mil+","11 de julho de 2026 às 01:50:00 UTC-3","12 de julho de 2026 às 18:30:00 UTC-3","pokemon go fest 2026,mega mewtwo x pokémon go,pokémon go mega mewtwo x,mega mewtwo x and y pokemon go,go fest global 2026","./explore?q=pokemon%20go%20fest%202026&geo=US"
"dune 3","20 mil+","8 de julho de 2026 às 15:40:00 UTC-3","10 de julho de 2026 às 05:40:00 UTC-3","dune 3,dune,dune part 3,dune 3 trailer,robert pattinson,dune 3 release date","./explore?q=dune%203&geo=US"
"rent","5 mil+","13 de julho de 2026 às 03:10:00 UTC-3","13 de julho de 2026 às 07:40:00 UTC-3","rent","./explore?q=rent&geo=US"
"jude bellingham parents","10 mil+","11 de julho de 2026 às 18:40:00 UTC-3","12 de julho de 2026 às 14:50:00 UTC-3","jude bellingham parents","./explore?q=jude%20bellingham%20parents&geo=US"
"quinn hughes","2 mil+","12 de julho de 2026 às 20:10:00 UTC-3","13 de julho de 2026 às 15:20:00 UTC-3","quinn hughes","./explore?q=quinn%20hughes&geo=US"
"kansas city","20 mil+","11 de julho de 2026 às 21:10:00 UTC-3","12 de julho de 2026 às 01:50:00 UTC-3","kansas city,kansas city stadium,ted lasso,ted lasso cast","./explore?q=kansas%20city&geo=US"
"the miz","10 mil+","12 de julho de 2026 às 15:50:00 UTC-3","12 de julho de 2026 às 20:00:00 UTC-3","the miz,who is the miz","./explore?q=the%20miz&geo=US"
"homeland security citizenship data lawsuit","20 mil+","7 de julho de 2026 às 22:40:00 UTC-3","8 de julho de 2026 às 22:20:00 UTC-3","homeland security citizenship data lawsuit,midterm election voter citizenship disputes","./explore?q=homeland%20security%20citizenship%20data%20lawsuit&geo=US"
"tahiti","2 mil+","13 de julho de 2026 às 07:50:00 UTC-3","13 de julho de 2026 às 15:00:00 UTC-3","tahiti","./explore?q=tahiti&geo=US"
"layoff","20 mil+","12 de julho de 2026 às 19:20:00 UTC-3","13 de julho de 2026 às 09:40:00 UTC-3","layoff,asha sharma,h-1b visa,xbox cloud gaming","./explore?q=layoff&geo=US"
"apple iphone 18 pro","10 mil+","13 de julho de 2026 às 05:10:00 UTC-3","13 de julho de 2026 às 11:10:00 UTC-3","apple iphone 18 pro,apple iphone 18 pro max,iphone 18 pro max,iphone 18","./explore?q=apple%20iphone%2018%20pro&geo=US"
"ben schneider caa deal","20 mil+","10 de julho de 2026 às 16:50:00 UTC-3","11 de julho de 2026 às 21:30:00 UTC-3","ben schneider caa deal,bricks and minifigs","./explore?q=ben%20schneider%20caa%20deal&geo=US"
"the open last chance qualifier","2 mil+","13 de julho de 2026 às 08:00:00 UTC-3","13 de julho de 2026 às 13:00:00 UTC-3","the open last chance qualifier,last chance qualifier the open,open last chance qualifier","./explore?q=the%20open%20last%20chance%20qualifier&geo=US"
"legionnaires disease","20 mil+","11 de julho de 2026 às 09:20:00 UTC-3","12 de julho de 2026 às 11:50:00 UTC-3","legionnaires disease,legionella,bacteria","./explore?q=legionnaires%20disease&geo=US"
"messi age","20 mil+","11 de julho de 2026 às 22:00:00 UTC-3","12 de julho de 2026 às 01:40:00 UTC-3","messi age,lionel messi age","./explore?q=messi%20age&geo=US"
"scott bessent","500+","13 de julho de 2026 às 21:40:00 UTC-3","13 de julho de 2026 às 22:50:00 UTC-3","scott bessent","./explore?q=scott%20bessent&geo=US"
"christie brinkley","5 mil+","11 de julho de 2026 às 18:50:00 UTC-3","12 de julho de 2026 às 17:30:00 UTC-3","christie brinkley","./explore?q=christie%20brinkley&geo=US"
"green bay packers","5 mil+","12 de julho de 2026 às 09:20:00 UTC-3","13 de julho de 2026 às 10:30:00 UTC-3","green bay packers","./explore?q=green%20bay%20packers&geo=US"
"temporary protected status work extensions","20 mil+","10 de julho de 2026 às 18:20:00 UTC-3","11 de julho de 2026 às 19:10:00 UTC-3","temporary protected status work extensions,haitian immigrants work permits,immigrants","./explore?q=temporary%20protected%20status%20work%20extensions&geo=US"
"george clooney","500+","13 de julho de 2026 às 22:20:00 UTC-3","13 de julho de 2026 às 23:20:00 UTC-3","george clooney","./explore?q=george%20clooney&geo=US"
"windy city smokeout","20 mil+","8 de julho de 2026 às 08:20:00 UTC-3","11 de julho de 2026 às 16:30:00 UTC-3","windy city smokeout","./explore?q=windy%20city%20smokeout&geo=US"
"max verstappen","20 mil+","9 de julho de 2026 às 13:00:00 UTC-3","10 de julho de 2026 às 20:20:00 UTC-3","max verstappen,grand prix","./explore?q=max%20verstappen&geo=US"
"la nación","10 mil+","10 de julho de 2026 às 17:50:00 UTC-3","12 de julho de 2026 às 03:50:00 UTC-3","la nación","./explore?q=la%20naci%C3%B3n&geo=US"
"eng vs ind","50 mil+","11 de julho de 2026 às 10:00:00 UTC-3","11 de julho de 2026 às 14:50:00 UTC-3","eng vs ind,england vs india,india vs england,cricbuzz,england cricket team vs india national cricket team match scorecard,ind vs eng t20,jos buttler","./explore?q=eng%20vs%20ind&geo=US"
"tate mcrae","10 mil+","10 de julho de 2026 às 18:00:00 UTC-3","12 de julho de 2026 às 02:10:00 UTC-3","tate mcrae","./explore?q=tate%20mcrae&geo=US"
"gta online kortz center heist","20 mil+","10 de julho de 2026 às 07:30:00 UTC-3","10 de julho de 2026 às 23:10:00 UTC-3","gta online kortz center heist","./explore?q=gta%20online%20kortz%20center%20heist&geo=US"
"taylor swift nyc wedding fees","10 mil+","10 de julho de 2026 às 16:10:00 UTC-3","11 de julho de 2026 às 19:20:00 UTC-3","taylor swift nyc wedding fees,nyc taylor swift wedding cost,taylor swift msg wedding costs","./explore?q=taylor%20swift%20nyc%20wedding%20fees&geo=US"
"how old is messi","20 mil+","11 de julho de 2026 às 21:50:00 UTC-3","12 de julho de 2026 às 01:40:00 UTC-3","how old is messi,how old is messi the soccer player","./explore?q=how%20old%20is%20messi&geo=US"
"gpt 5.6","50 mil+","9 de julho de 2026 às 04:00:00 UTC-3","10 de julho de 2026 às 06:30:00 UTC-3","gpt 5.6,codex,microsoft,gpt chat,chatgpt work,chatgpt 5.6,artificial intelligence,gpt,open ai,gpt5.6,chatgpt,copilot","./explore?q=gpt%205.6&geo=US"
"deion sanders colorado coaching hires","10 mil+","10 de julho de 2026 às 18:00:00 UTC-3","11 de julho de 2026 às 21:50:00 UTC-3","deion sanders colorado coaching hires","./explore?q=deion%20sanders%20colorado%20coaching%20hires&geo=US"
"dennis goyette credit reporting lawsuit","20 mil+","8 de julho de 2026 às 17:20:00 UTC-3","10 de julho de 2026 às 10:10:00 UTC-3","dennis goyette credit reporting lawsuit","./explore?q=dennis%20goyette%20credit%20reporting%20lawsuit&geo=US"
"macgregor","5 mil+","11 de julho de 2026 às 21:10:00 UTC-3","12 de julho de 2026 às 13:10:00 UTC-3","macgregor","./explore?q=macgregor&geo=US"
"when is the next world cup game","10 mil+","12 de julho de 2026 às 00:40:00 UTC-3","12 de julho de 2026 às 21:50:00 UTC-3","when is the next world cup game","./explore?q=when%20is%20the%20next%20world%20cup%20game&geo=US"
"air force sergeant promotion errors","20 mil+","8 de julho de 2026 às 15:30:00 UTC-3","9 de julho de 2026 às 13:30:00 UTC-3","air force sergeant promotion errors,air force promotions,air force sergeant promotion test error","./explore?q=air%20force%20sergeant%20promotion%20errors&geo=US"
"angels vs twins","10 mil+","12 de julho de 2026 às 14:50:00 UTC-3","12 de julho de 2026 às 18:50:00 UTC-3","angels vs twins,twins game,royce lewis","./explore?q=angels%20vs%20twins&geo=US"
"kelly clarkson","20 mil+","9 de julho de 2026 às 18:40:00 UTC-3","10 de julho de 2026 às 19:20:00 UTC-3","kelly clarkson","./explore?q=kelly%20clarkson&geo=US"
"police","10 mil+","11 de julho de 2026 às 09:20:00 UTC-3","12 de julho de 2026 às 13:00:00 UTC-3","police","./explore?q=police&geo=US"
"new hampshire","5 mil+","12 de julho de 2026 às 22:10:00 UTC-3","13 de julho de 2026 às 04:40:00 UTC-3","new hampshire","./explore?q=new%20hampshire&geo=US"
"how tall is haaland","50 mil+","11 de julho de 2026 às 18:10:00 UTC-3","11 de julho de 2026 às 21:10:00 UTC-3","how tall is haaland,braut haaland,norway soccer players,haaland height,norwegian soccer player,how tall is erling haaland,erling haaland height,what team is haaland on,what is braut haaland,channing tatum","./explore?q=how%20tall%20is%20haaland&geo=US"
"zverev","50 mil+","10 de julho de 2026 às 09:30:00 UTC-3","10 de julho de 2026 às 16:00:00 UTC-3","zverev,alexander zverev,arthur fery,zverev vs fery,fery,fery tennis,fery vs zverev,arthur fery height,arthur ferry","./explore?q=zverev&geo=US"
"kinu rochford","10 mil+","11 de julho de 2026 às 09:30:00 UTC-3","12 de julho de 2026 às 12:40:00 UTC-3","kinu rochford","./explore?q=kinu%20rochford&geo=US"
"harrison ford showed off his muscular physique during a bike ride","2 mil+","13 de julho de 2026 às 05:40:00 UTC-3","13 de julho de 2026 às 15:00:00 UTC-3","harrison ford showed off his muscular physique during a bike ride","./explore?q=harrison%20ford%20showed%20off%20his%20muscular%20physique%20during%20a%20bike%20ride&geo=US"
"pokémon legends za season 14","10 mil+","9 de julho de 2026 às 14:40:00 UTC-3","10 de julho de 2026 às 22:20:00 UTC-3","pokémon legends za season 14","./explore?q=pok%C3%A9mon%20legends%20za%20season%2014&geo=US"
"pittsburgh","20 mil+","8 de julho de 2026 às 07:20:00 UTC-3","10 de julho de 2026 às 11:00:00 UTC-3","pittsburgh","./explore?q=pittsburgh&geo=US"
"farid basharat","10 mil+","11 de julho de 2026 às 12:40:00 UTC-3","12 de julho de 2026 às 02:30:00 UTC-3","farid basharat,chicago sky,monique akoa makani,wang cong ufc,sydney taylor","./explore?q=farid%20basharat&geo=US"
"heat wave","2 mil+","13 de julho de 2026 às 02:40:00 UTC-3","13 de julho de 2026 às 10:30:00 UTC-3","heat wave","./explore?q=heat%20wave&geo=US"
"aj dybantsa","100 mil+","9 de julho de 2026 às 22:30:00 UTC-3","10 de julho de 2026 às 09:00:00 UTC-3","aj dybantsa,summer league,wizards summer league game,nba summer league,wizards vs jazz,aj dybantsa summer league,wizards vs jazz summer league,darryn peterson,wizards,jazz vs wizards summer league,washington wizards,utah jazz,jazz vs wizards,summer league nba,aj dybantsa summer league stats,utah jazz summer league,aj dybantsa stats,utah vs washington summer league,washington wizards summer league,wizards summer league roster,utah vs washington,wizards summer league,nba summer league washington wizards,nba summer league 2026,darryn peterson stats,utah jazz vs washington wizards","./explore?q=aj%20dybantsa&geo=US"
"nick faldo","20 mil+","9 de julho de 2026 às 10:40:00 UTC-3","10 de julho de 2026 às 11:40:00 UTC-3","nick faldo","./explore?q=nick%20faldo&geo=US"
"carson hocevar","5 mil+","12 de julho de 2026 às 19:20:00 UTC-3","13 de julho de 2026 às 04:10:00 UTC-3","carson hocevar","./explore?q=carson%20hocevar&geo=US"
"dallas cowboys cheerleaders","10 mil+","9 de julho de 2026 às 17:00:00 UTC-3","11 de julho de 2026 às 00:40:00 UTC-3","dallas cowboys cheerleaders","./explore?q=dallas%20cowboys%20cheerleaders&geo=US"
"hailee steinfeld","10 mil+","9 de julho de 2026 às 18:00:00 UTC-3","11 de julho de 2026 às 05:20:00 UTC-3","hailee steinfeld,josh allen","./explore?q=hailee%20steinfeld&geo=US"
"james norton","5 mil+","12 de julho de 2026 às 22:20:00 UTC-3","13 de julho de 2026 às 04:50:00 UTC-3","james norton","./explore?q=james%20norton&geo=US"
"liga mx","10 mil+","11 de julho de 2026 às 22:30:00 UTC-3","13 de julho de 2026 às 01:40:00 UTC-3","liga mx","./explore?q=liga%20mx&geo=US"
"alexis mac allister","20 mil+","11 de julho de 2026 às 21:50:00 UTC-3","12 de julho de 2026 às 02:00:00 UTC-3","alexis mac allister","./explore?q=alexis%20mac%20allister&geo=US"
"callum turner","500+","13 de julho de 2026 às 22:00:00 UTC-3","13 de julho de 2026 às 23:10:00 UTC-3","callum turner","./explore?q=callum%20turner&geo=US"
"greta thunberg sister","2 mil+","12 de julho de 2026 às 20:00:00 UTC-3","13 de julho de 2026 às 09:30:00 UTC-3","greta thunberg sister","./explore?q=greta%20thunberg%20sister&geo=US"
"lincoln","10 mil+","10 de julho de 2026 às 18:20:00 UTC-3","11 de julho de 2026 às 23:30:00 UTC-3","lincoln","./explore?q=lincoln&geo=US"
"gray whales","10 mil+","10 de julho de 2026 às 00:30:00 UTC-3","11 de julho de 2026 às 08:20:00 UTC-3","gray whales","./explore?q=gray%20whales&geo=US"
"willie smit uci cycling disqualification","1 mil+","13 de julho de 2026 às 11:20:00 UTC-3","13 de julho de 2026 às 17:10:00 UTC-3","willie smit uci cycling disqualification","./explore?q=willie%20smit%20uci%20cycling%20disqualification&geo=US"
"whatsapp","50 mil+","9 de julho de 2026 às 07:10:00 UTC-3","10 de julho de 2026 às 02:50:00 UTC-3","whatsapp","./explore?q=whatsapp&geo=US"
"jimmy rollins","500+","13 de julho de 2026 às 22:30:00 UTC-3","13 de julho de 2026 às 23:40:00 UTC-3","jimmy rollins","./explore?q=jimmy%20rollins&geo=US"
"emelec - barcelona sc","10 mil+","12 de julho de 2026 às 19:20:00 UTC-3","13 de julho de 2026 às 00:10:00 UTC-3","emelec - barcelona sc,emelec vs bsc,emelec vs barcelona,posiciones de emelec contra barcelona sc","./explore?q=emelec%20-%20barcelona%20sc&geo=US"
"jamey carney","10 mil+","9 de julho de 2026 às 07:30:00 UTC-3","11 de julho de 2026 às 10:30:00 UTC-3","jamey carney,new york post","./explore?q=jamey%20carney&geo=US"
"firearm","2 mil+","13 de julho de 2026 às 07:10:00 UTC-3","13 de julho de 2026 às 13:00:00 UTC-3","firearm","./explore?q=firearm&geo=US"
"monday","2 mil+","13 de julho de 2026 às 06:00:00 UTC-3","13 de julho de 2026 às 16:20:00 UTC-3","monday","./explore?q=monday&geo=US"
"atlantis events scarlet lady blocked","10 mil+","11 de julho de 2026 às 09:40:00 UTC-3","11 de julho de 2026 às 19:50:00 UTC-3","atlantis events scarlet lady blocked,lgbtq cruise ship","./explore?q=atlantis%20events%20scarlet%20lady%20blocked&geo=US"
"black bear attacks","5 mil+","12 de julho de 2026 às 04:20:00 UTC-3","12 de julho de 2026 às 13:50:00 UTC-3","black bear attacks","./explore?q=black%20bear%20attacks&geo=US"
"wnba standings","5 mil+","12 de julho de 2026 às 22:20:00 UTC-3","13 de julho de 2026 às 09:20:00 UTC-3","wnba standings","./explore?q=wnba%20standings&geo=US"
"lexie hull sophie cunningham wnba","20 mil+","7 de julho de 2026 às 22:20:00 UTC-3","8 de julho de 2026 às 22:30:00 UTC-3","lexie hull sophie cunningham wnba,lexie hull","./explore?q=lexie%20hull%20sophie%20cunningham%20wnba&geo=US"
"los angeles lakers","20 mil+","9 de julho de 2026 às 08:30:00 UTC-3","10 de julho de 2026 às 01:50:00 UTC-3","los angeles lakers,jonathan kuminga lakers trade rumors,jonathan kuminga","./explore?q=los%20angeles%20lakers&geo=US"
"lando norris","20 mil+","9 de julho de 2026 às 11:50:00 UTC-3","10 de julho de 2026 às 12:30:00 UTC-3","lando norris,alix earle","./explore?q=lando%20norris&geo=US"
"ridley scott","10 mil+","10 de julho de 2026 às 20:20:00 UTC-3","11 de julho de 2026 às 18:10:00 UTC-3","ridley scott","./explore?q=ridley%20scott&geo=US"
"s janaki","10 mil+","11 de julho de 2026 às 12:00:00 UTC-3","12 de julho de 2026 às 12:00:00 UTC-3","s janaki,cremation,janaki","./explore?q=s%20janaki&geo=US"
"halland","20 mil+","11 de julho de 2026 às 18:20:00 UTC-3","11 de julho de 2026 às 21:50:00 UTC-3","halland","./explore?q=halland&geo=US"
"is sunfyre dead in the show","5 mil+","12 de julho de 2026 às 22:20:00 UTC-3","13 de julho de 2026 às 03:40:00 UTC-3","is sunfyre dead in the show,is sunfyre dead,aegon targaryen,sunfyre","./explore?q=is%20sunfyre%20dead%20in%20the%20show&geo=US"
"trump media suit dismissed","20 mil+","8 de julho de 2026 às 01:10:00 UTC-3","8 de julho de 2026 às 20:20:00 UTC-3","trump media suit dismissed,the washington post lawsuit ruling,judge","./explore?q=trump%20media%20suit%20dismissed&geo=US"
"khabib nurmagomedov","10 mil+","11 de julho de 2026 às 20:50:00 UTC-3","12 de julho de 2026 às 12:50:00 UTC-3","khabib nurmagomedov,khabib","./explore?q=khabib%20nurmagomedov&geo=US"
"aces vs fire","20 mil+","9 de julho de 2026 às 22:10:00 UTC-3","10 de julho de 2026 às 12:10:00 UTC-3","aces vs fire,las vegas aces,portland fire,aces wnba,a'ja wilson","./explore?q=aces%20vs%20fire&geo=US"
"real estate","5 mil+","13 de julho de 2026 às 03:00:00 UTC-3","13 de julho de 2026 às 07:40:00 UTC-3","real estate","./explore?q=real%20estate&geo=US"
"norway national football team","20 mil+","11 de julho de 2026 às 18:30:00 UTC-3","11 de julho de 2026 às 21:50:00 UTC-3","norway national football team,norway soccer team","./explore?q=norway%20national%20football%20team&geo=US"
"louise lasser","20 mil+","7 de julho de 2026 às 13:00:00 UTC-3","8 de julho de 2026 às 16:10:00 UTC-3","louise lasser","./explore?q=louise%20lasser&geo=US"
"liam neeson","5 mil+","11 de julho de 2026 às 20:50:00 UTC-3","12 de julho de 2026 às 22:20:00 UTC-3","liam neeson","./explore?q=liam%20neeson&geo=US"
"agenus news","500+","13 de julho de 2026 às 22:50:00 UTC-3","13 de julho de 2026 às 23:40:00 UTC-3","agenus news","./explore?q=agenus%20news&geo=US"
"microsoft lost a lawsuit to a gamer over account access","5 mil+","11 de julho de 2026 às 16:10:00 UTC-3","12 de julho de 2026 às 13:10:00 UTC-3","microsoft lost a lawsuit to a gamer over account access","./explore?q=microsoft%20lost%20a%20lawsuit%20to%20a%20gamer%20over%20account%20access&geo=US"
"estadio ciudad de méxico","10 mil+","10 de julho de 2026 às 23:00:00 UTC-3","11 de julho de 2026 às 22:40:00 UTC-3","estadio ciudad de méxico","./explore?q=estadio%20ciudad%20de%20m%C3%A9xico&geo=US"
"damian pinas","10 mil+","11 de julho de 2026 às 03:50:00 UTC-3","11 de julho de 2026 às 22:30:00 UTC-3","damian pinas,césar almeida,cesar almeida,pinas ufc","./explore?q=damian%20pinas&geo=US"
"max holloway wife","10 mil+","11 de julho de 2026 às 22:00:00 UTC-3","12 de julho de 2026 às 11:00:00 UTC-3","max holloway wife,alessa quizon","./explore?q=max%20holloway%20wife&geo=US"
"star city","5 mil+","12 de julho de 2026 às 08:10:00 UTC-3","12 de julho de 2026 às 23:30:00 UTC-3","star city","./explore?q=star%20city&geo=US"
"alycia parks","1 mil+","13 de julho de 2026 às 16:10:00 UTC-3","13 de julho de 2026 às 18:30:00 UTC-3","alycia parks,maria sakkari","./explore?q=alycia%20parks&geo=US"
"seafloor spreading","20 mil+","8 de julho de 2026 às 23:20:00 UTC-3","10 de julho de 2026 às 02:10:00 UTC-3","seafloor spreading","./explore?q=seafloor%20spreading&geo=US"
"big brother schedule","1 mil+","13 de julho de 2026 às 20:40:00 UTC-3","13 de julho de 2026 às 22:00:00 UTC-3","big brother schedule","./explore?q=big%20brother%20schedule&geo=US"
"allen iverson","2 mil+","13 de julho de 2026 às 07:50:00 UTC-3","13 de julho de 2026 às 13:30:00 UTC-3","allen iverson","./explore?q=allen%20iverson&geo=US"
"brandy","20 mil+","8 de julho de 2026 às 17:20:00 UTC-3","10 de julho de 2026 às 05:20:00 UTC-3","brandy","./explore?q=brandy&geo=US"
"valkyries vs sun","10 mil+","10 de julho de 2026 às 19:50:00 UTC-3","11 de julho de 2026 às 09:20:00 UTC-3","valkyries vs sun,leila lacan","./explore?q=valkyries%20vs%20sun&geo=US"
"bayeux tapestry","10 mil+","10 de julho de 2026 às 03:30:00 UTC-3","11 de julho de 2026 às 13:10:00 UTC-3","bayeux tapestry","./explore?q=bayeux%20tapestry&geo=US"
"celtics news","500+","13 de julho de 2026 às 21:40:00 UTC-3","13 de julho de 2026 às 22:30:00 UTC-3","celtics news","./explore?q=celtics%20news&geo=US"
"has england ever won the world cup","20 mil+","11 de julho de 2026 às 17:50:00 UTC-3","12 de julho de 2026 às 01:50:00 UTC-3","has england ever won the world cup,world cup winners by year,england world cup wins,who won the world cup in 2022,2018 world cup,how many world cups has england won,how many times has england won the world cup,world cup winners years,when did england last win the world cup,has england ever won a world cup","./explore?q=has%20england%20ever%20won%20the%20world%20cup&geo=US"
"marcello hernandez","500+","13 de julho de 2026 às 21:50:00 UTC-3","13 de julho de 2026 às 23:00:00 UTC-3","marcello hernandez","./explore?q=marcello%20hernandez&geo=US"
"wings vs liberty","50 mil+","7 de julho de 2026 às 20:20:00 UTC-3","8 de julho de 2026 às 12:10:00 UTC-3","wings vs liberty,dallas wings,awak kuier,ny liberty,fubo","./explore?q=wings%20vs%20liberty&geo=US"
"blueface","10 mil+","9 de julho de 2026 às 19:40:00 UTC-3","10 de julho de 2026 às 18:40:00 UTC-3","blueface","./explore?q=blueface&geo=US"
"dc studios supergirl movie revenue","10 mil+","10 de julho de 2026 às 06:30:00 UTC-3","11 de julho de 2026 às 21:10:00 UTC-3","dc studios supergirl movie revenue","./explore?q=dc%20studios%20supergirl%20movie%20revenue&geo=US"
"wally funk","10 mil+","9 de julho de 2026 às 14:10:00 UTC-3","10 de julho de 2026 às 21:30:00 UTC-3","wally funk","./explore?q=wally%20funk&geo=US"
"new films hbo max july","5 mil+","12 de julho de 2026 às 04:00:00 UTC-3","12 de julho de 2026 às 19:10:00 UTC-3","new films hbo max july,hbo","./explore?q=new%20films%20hbo%20max%20july&geo=US"
"france","100 mil+","9 de julho de 2026 às 17:20:00 UTC-3","9 de julho de 2026 às 20:40:00 UTC-3","france,france – maroc,france maroc,désiré doué,barcola france,coupe du monde 2026","./explore?q=france&geo=US"
"abc","500+","13 de julho de 2026 às 21:10:00 UTC-3","13 de julho de 2026 às 22:10:00 UTC-3","abc","./explore?q=abc&geo=US"
"novak djokovic","100 mil+","7 de julho de 2026 às 14:20:00 UTC-3","7 de julho de 2026 às 21:00:00 UTC-3","novak djokovic,djokovic,djokovic wimbledon,jannik sinner,felix auger aliassime,auger aliassime,djokovic vs aliassime,how old is felix auger aliassime,tennis,wimbledon today,novak djokovic age","./explore?q=novak%20djokovic&geo=US"
"jacob gonzalez","20 mil+","10 de julho de 2026 às 23:40:00 UTC-3","11 de julho de 2026 às 15:10:00 UTC-3","jacob gonzalez,jaden woods,brandon eisert,jacob gonzalez white sox,pirates schedule,jaden woods baseball,landon thome,jaden woods pirates","./explore?q=jacob%20gonzalez&geo=US"
"dino ebel","2 mil+","13 de julho de 2026 às 22:30:00 UTC-3","13 de julho de 2026 às 23:30:00 UTC-3","dino ebel,trey ebel,brady ebel","./explore?q=dino%20ebel&geo=US"
"granit xhaka","10 mil+","11 de julho de 2026 às 21:40:00 UTC-3","12 de julho de 2026 às 01:50:00 UTC-3","granit xhaka","./explore?q=granit%20xhaka&geo=US"
"christopher nolan","20 mil+","12 de julho de 2026 às 20:40:00 UTC-3","13 de julho de 2026 às 00:50:00 UTC-3","christopher nolan,the odyssey backlash social media,the odyssey,odyssey,elliot page odyssey,chris nolan,christopher nolan movies,odyssey cast,elliot page in odyssey","./explore?q=christopher%20nolan&geo=US"
"tiana's bayou adventure","10 mil+","8 de julho de 2026 às 22:40:00 UTC-3","10 de julho de 2026 às 11:00:00 UTC-3","tiana's bayou adventure","./explore?q=tiana%27s%20bayou%20adventure&geo=US"
"project runway 2026","20 mil+","9 de julho de 2026 às 16:30:00 UTC-3","11 de julho de 2026 às 03:10:00 UTC-3","project runway 2026,project runway,project runway season 22,heidi klum","./explore?q=project%20runway%202026&geo=US"
"cassadee pope","10 mil+","8 de julho de 2026 às 19:00:00 UTC-3","10 de julho de 2026 às 12:20:00 UTC-3","cassadee pope,maren morris and cassadee pope","./explore?q=cassadee%20pope&geo=US"
"luka doncic","10 mil+","11 de julho de 2026 às 08:20:00 UTC-3","11 de julho de 2026 às 16:50:00 UTC-3","luka doncic","./explore?q=luka%20doncic&geo=US"
"roma roth sullivan's crossing exit","20 mil+","7 de julho de 2026 às 22:50:00 UTC-3","8 de julho de 2026 às 21:40:00 UTC-3","roma roth sullivan's crossing exit,sullivan's crossing season 5","./explore?q=roma%20roth%20sullivan%27s%20crossing%20exit&geo=US"
"university of california","10 mil+","9 de julho de 2026 às 16:20:00 UTC-3","10 de julho de 2026 às 15:10:00 UTC-3","university of california","./explore?q=university%20of%20california&geo=US"
"dayton andre lindsay ice custody","10 mil+","10 de julho de 2026 às 07:40:00 UTC-3","11 de julho de 2026 às 12:50:00 UTC-3","dayton andre lindsay ice custody","./explore?q=dayton%20andre%20lindsay%20ice%20custody&geo=US"
"xero","2 mil+","13 de julho de 2026 às 01:00:00 UTC-3","13 de julho de 2026 às 18:40:00 UTC-3","xero","./explore?q=xero&geo=US"
"bears","10 mil+","10 de julho de 2026 às 22:30:00 UTC-3","11 de julho de 2026 às 13:40:00 UTC-3","bears","./explore?q=bears&geo=US"
"big boy train schedule","10 mil+","13 de julho de 2026 às 08:10:00 UTC-3","13 de julho de 2026 às 15:10:00 UTC-3","big boy train schedule,big boy train,big,big boy 4014,big boy","./explore?q=big%20boy%20train%20schedule&geo=US"
"ken paxton","20 mil+","7 de julho de 2026 às 13:50:00 UTC-3","8 de julho de 2026 às 11:40:00 UTC-3","ken paxton","./explore?q=ken%20paxton&geo=US"
"oracle stock","2 mil+","13 de julho de 2026 às 10:30:00 UTC-3","13 de julho de 2026 às 16:20:00 UTC-3","oracle stock,orcl stock","./explore?q=oracle%20stock&geo=US"
"john j. york","1 mil+","13 de julho de 2026 às 08:50:00 UTC-3","13 de julho de 2026 às 17:10:00 UTC-3","john j. york","./explore?q=john%20j.%20york&geo=US"
"harmeet dhillon voting letters","20 mil+","7 de julho de 2026 às 21:40:00 UTC-3","8 de julho de 2026 às 19:10:00 UTC-3","harmeet dhillon voting letters,election official","./explore?q=harmeet%20dhillon%20voting%20letters&geo=US"
"chris kattan","5 mil+","11 de julho de 2026 às 20:40:00 UTC-3","12 de julho de 2026 às 12:30:00 UTC-3","chris kattan","./explore?q=chris%20kattan&geo=US"
"karolína muchová","20 mil+","9 de julho de 2026 às 07:30:00 UTC-3","10 de julho de 2026 às 15:50:00 UTC-3","karolína muchová","./explore?q=karol%C3%ADna%20muchov%C3%A1&geo=US"
"ben rice","20 mil+","9 de julho de 2026 às 15:20:00 UTC-3","11 de julho de 2026 às 20:50:00 UTC-3","ben rice,yankees - rays,drew rasmussen,rays","./explore?q=ben%20rice&geo=US"
"9-1-1","10 mil+","10 de julho de 2026 às 21:10:00 UTC-3","11 de julho de 2026 às 11:30:00 UTC-3","9-1-1","./explore?q=9-1-1&geo=US"
"vanguard","10 mil+","12 de julho de 2026 às 17:50:00 UTC-3","12 de julho de 2026 às 21:30:00 UTC-3","vanguard,index fund","./explore?q=vanguard&geo=US"
"nfl top 100","2 mil+","13 de julho de 2026 às 15:40:00 UTC-3","13 de julho de 2026 às 17:40:00 UTC-3","nfl top 100,nfl top 100 players of 2026","./explore?q=nfl%20top%20100&geo=US"
"jobe bellingham","10 mil+","11 de julho de 2026 às 18:20:00 UTC-3","12 de julho de 2026 às 04:40:00 UTC-3","jobe bellingham,jude bellingham ethnicity,bellingham soccer player,mark bellingham,bellingham parents,where is jude bellingham from","./explore?q=jobe%20bellingham&geo=US"
"ios 27 public beta","1 mil+","13 de julho de 2026 às 20:00:00 UTC-3","13 de julho de 2026 às 21:30:00 UTC-3","ios 27 public beta,iphone 15","./explore?q=ios%2027%20public%20beta&geo=US"
"huey lewis","10 mil+","10 de julho de 2026 às 21:30:00 UTC-3","11 de julho de 2026 às 18:10:00 UTC-3","huey lewis,huey lewis deafness condition","./explore?q=huey%20lewis&geo=US"
"moana","20 mil+","9 de julho de 2026 às 22:50:00 UTC-3","11 de julho de 2026 às 03:00:00 UTC-3","moana","./explore?q=moana&geo=US"
"connor","5 mil+","11 de julho de 2026 às 23:20:00 UTC-3","12 de julho de 2026 às 11:20:00 UTC-3","connor","./explore?q=connor&geo=US"
"us news big ten universities","5 mil+","11 de julho de 2026 às 12:40:00 UTC-3","12 de julho de 2026 às 14:50:00 UTC-3","us news big ten universities","./explore?q=us%20news%20big%20ten%20universities&geo=US"
"lynx vs sun","20 mil+","8 de julho de 2026 às 19:40:00 UTC-3","9 de julho de 2026 às 09:40:00 UTC-3","lynx vs sun,courtney williams,leïla lacan","./explore?q=lynx%20vs%20sun&geo=US"
"supernatural","10 mil+","11 de julho de 2026 às 10:30:00 UTC-3","11 de julho de 2026 às 22:10:00 UTC-3","supernatural","./explore?q=supernatural&geo=US"
"landon thome","5 mil+","11 de julho de 2026 às 17:00:00 UTC-3","12 de julho de 2026 às 17:10:00 UTC-3","landon thome,jim thome","./explore?q=landon%20thome&geo=US"
"car","5 mil+","12 de julho de 2026 às 07:50:00 UTC-3","12 de julho de 2026 às 19:10:00 UTC-3","car","./explore?q=car&geo=US"
"carnival new cruise ship 2029","10 mil+","10 de julho de 2026 às 11:30:00 UTC-3","11 de julho de 2026 às 10:40:00 UTC-3","carnival new cruise ship 2029,carnival destiny,carnival,cruises","./explore?q=carnival%20new%20cruise%20ship%202029&geo=US"
"declan rice","20 mil+","11 de julho de 2026 às 18:10:00 UTC-3","11 de julho de 2026 às 20:20:00 UTC-3","declan rice,john stones,reece james,ezri konsa,marc guéhi,konsa,england lineup,england starting 11,marc guehi,konsa england","./explore?q=declan%20rice&geo=US"
"antonio rattin","20 mil+","11 de julho de 2026 às 22:00:00 UTC-3","12 de julho de 2026 às 02:20:00 UTC-3","antonio rattin,why is argentina wearing black arm bands,argentina black arm band,why is argentina wearing black armbands,1966 world cup,argentina black armband,antonio rattín,argentina black arm bands,why is argentina wearing black bands,argentina black armbands,argentina black band,why are argentina wearing black armbands,antonio ubaldo rattín,why is argentina wearing a black band,why argentina wearing black band,why is argentina wearing a black arm band","./explore?q=antonio%20rattin&geo=US"
"cole hauser","20 mil+","10 de julho de 2026 às 13:50:00 UTC-3","11 de julho de 2026 às 01:40:00 UTC-3","cole hauser,dutton ranch episodes,dutton ranch marshals crossover potential,dutton ranch season finale,dutton ranch","./explore?q=cole%20hauser&geo=US"
"magnus carlsen","20 mil+","11 de julho de 2026 às 19:40:00 UTC-3","12 de julho de 2026 às 00:10:00 UTC-3","magnus carlsen,magnus chess","./explore?q=magnus%20carlsen&geo=US"
"severe weather","5 mil+","12 de julho de 2026 às 18:40:00 UTC-3","13 de julho de 2026 às 00:20:00 UTC-3","severe weather,weather philadelphia","./explore?q=severe%20weather&geo=US"
"samantha morton","20 mil+","7 de julho de 2026 às 13:10:00 UTC-3","8 de julho de 2026 às 15:20:00 UTC-3","samantha morton","./explore?q=samantha%20morton&geo=US"
"the boroughs","20 mil+","9 de julho de 2026 às 05:50:00 UTC-3","10 de julho de 2026 às 10:30:00 UTC-3","the boroughs,i will find you netflix cast,harlan coben tv shows","./explore?q=the%20boroughs&geo=US"
"guardians of the galaxy","5 mil+","12 de julho de 2026 às 16:00:00 UTC-3","13 de julho de 2026 às 01:30:00 UTC-3","guardians of the galaxy","./explore?q=guardians%20of%20the%20galaxy&geo=US"
"qatar","5 mil+","12 de julho de 2026 às 00:20:00 UTC-3","12 de julho de 2026 às 16:10:00 UTC-3","qatar,hamad bin khalifa al thani,world map","./explore?q=qatar&geo=US"
"aapl stock","2 mil+","13 de julho de 2026 às 10:40:00 UTC-3","13 de julho de 2026 às 13:30:00 UTC-3","aapl stock,apple sues openai,apple openai","./explore?q=aapl%20stock&geo=US"
"abdul el-sayed","2 mil+","13 de julho de 2026 às 10:30:00 UTC-3","13 de julho de 2026 às 15:10:00 UTC-3","abdul el-sayed","./explore?q=abdul%20el-sayed&geo=US"
"copa mundial de fútbol de 2026","20 mil+","11 de julho de 2026 às 20:30:00 UTC-3","12 de julho de 2026 às 01:40:00 UTC-3","copa mundial de fútbol de 2026,partido de hoy,cómo quedó argentina,semifinales mundial 2026,noruega vs francia,copa mundial 2026,cuartos de final mundial 2026,final del mundial 2026,partidos mundial,partidos mundial 2026,copa del mundo,noticias de hoy,mundial hoy,partidos del mundial 2026,quien juega hoy en el mundial,partidos del mundial,partidos de hoy,partidos hoy mundial","./explore?q=copa%20mundial%20de%20f%C3%BAtbol%20de%202026&geo=US"
"odegaard","20 mil+","11 de julho de 2026 às 18:10:00 UTC-3","11 de julho de 2026 às 21:40:00 UTC-3","odegaard,martin ødegaard,martin odegaard,odegaard norway","./explore?q=odegaard&geo=US"
"godzilla minus zero","20 mil+","9 de julho de 2026 às 11:00:00 UTC-3","10 de julho de 2026 às 04:50:00 UTC-3","godzilla minus zero,godzilla minus zero teaser","./explore?q=godzilla%20minus%20zero&geo=US"
"alpha diallo","5 mil+","12 de julho de 2026 às 17:00:00 UTC-3","12 de julho de 2026 às 21:40:00 UTC-3","alpha diallo","./explore?q=alpha%20diallo&geo=US"
"kansas city weather","10 mil+","11 de julho de 2026 às 21:10:00 UTC-3","12 de julho de 2026 às 01:30:00 UTC-3","kansas city weather,weather kansas city,temp in kansas city","./explore?q=kansas%20city%20weather&geo=US"
"future the real me","20 mil+","10 de julho de 2026 às 01:00:00 UTC-3","11 de julho de 2026 às 16:30:00 UTC-3","future the real me,future albums,the real me future,future the real me features,future album,the real me future features,future new album,future album features,the real me,future new album features,the real me features","./explore?q=future%20the%20real%20me&geo=US"
"coco gauff","50 mil+","9 de julho de 2026 às 09:40:00 UTC-3","9 de julho de 2026 às 14:10:00 UTC-3","coco gauff,muchova,karolina muchova,coco gauff wimbledon,gauff,muchova tennis,gauff vs muchova,wimbledon today,wimbledon 2026 schedule,wimbledon schedule,coco gauff vs muchova,coco,did coco gauff win today,muchova vs gauff,andy roddick,wimbledon schedule today,gauff vs muchova prediction,wta live rankings,wimbledon,wimbledon bracket,wimbledon 2026","./explore?q=coco%20gauff&geo=US"
"quasi moon","10 mil+","11 de julho de 2026 às 14:00:00 UTC-3","12 de julho de 2026 às 03:20:00 UTC-3","quasi moon,earth quasi moon,tianwen-2","./explore?q=quasi%20moon&geo=US"
"lamine yamal brother","10 mil+","10 de julho de 2026 às 16:20:00 UTC-3","12 de julho de 2026 às 01:50:00 UTC-3","lamine yamal brother,lamine yamal ethnicity,lamine yamal parents","./explore?q=lamine%20yamal%20brother&geo=US"
"trump endangered species","5 mil+","11 de julho de 2026 às 01:50:00 UTC-3","11 de julho de 2026 às 20:00:00 UTC-3","trump endangered species,esa habitat modification legal changes","./explore?q=trump%20endangered%20species&geo=US"
"cheetah girls","10 mil+","8 de julho de 2026 às 18:00:00 UTC-3","10 de julho de 2026 às 04:20:00 UTC-3","cheetah girls,cheetah girls next gen","./explore?q=cheetah%20girls&geo=US"
"marvel rivals","50 mil+","7 de julho de 2026 às 15:50:00 UTC-3","8 de julho de 2026 às 05:40:00 UTC-3","marvel rivals,the hood marvel,jubilee marvel rivals,marvel rivals season 9,marvel rivals season 9 release date,when does marvel rivals season 9 start,jubilee marvel,when does season 9 of marvel rivals come out,marvel rivals season 9 release time,marvel the hood","./explore?q=marvel%20rivals&geo=US"
"england argentina","20 mil+","12 de julho de 2026 às 00:40:00 UTC-3","12 de julho de 2026 às 17:20:00 UTC-3","england argentina,fifa ranking 2026,world cup now,france vs spain world cup 2026,fifa ranking,when was the first world cup,world cup champions,fifa world rankings 2026,fifa world cup rankings,ranking fifa 2026,fifa team rankings","./explore?q=england%20argentina&geo=US"
"sky vs mercury","20 mil+","7 de julho de 2026 às 22:10:00 UTC-3","8 de julho de 2026 às 12:40:00 UTC-3","sky vs mercury","./explore?q=sky%20vs%20mercury&geo=US"
"rory mcilroy","10 mil+","12 de julho de 2026 às 07:30:00 UTC-3","12 de julho de 2026 às 17:00:00 UTC-3","rory mcilroy,pga tour","./explore?q=rory%20mcilroy&geo=US"
"raf georgia","10 mil+","11 de julho de 2026 às 09:20:00 UTC-3","11 de julho de 2026 às 22:00:00 UTC-3","raf georgia,raf,merab dvalishvili,petr yan","./explore?q=raf%20georgia&geo=US"
"jason statham amazon streaming hits","5 mil+","12 de julho de 2026 às 17:30:00 UTC-3","12 de julho de 2026 às 20:20:00 UTC-3","jason statham amazon streaming hits","./explore?q=jason%20statham%20amazon%20streaming%20hits&geo=US"
"arthur fery","50 mil+","8 de julho de 2026 às 11:40:00 UTC-3","9 de julho de 2026 às 09:40:00 UTC-3","arthur fery,flavio cobolli,fery,cobolli,fery tennis,olivia fery,fery tennis player,wimbledon results,wimbledon bracket,a fery,wimbeldon,arthur fery parents","./explore?q=arthur%20fery&geo=US"
"golden boot race 2026","20 mil+","11 de julho de 2026 às 18:30:00 UTC-3","12 de julho de 2026 às 01:50:00 UTC-3","golden boot race 2026,golden boot race,golden boot,world cup top scorer 2026,top scorer in world cup 2026,world cup golden boot,world cup top scorers,world cup golden boot race,lionel messi age","./explore?q=golden%20boot%20race%202026&geo=US"
"jim cramer","10 mil+","9 de julho de 2026 às 21:10:00 UTC-3","11 de julho de 2026 às 11:30:00 UTC-3","jim cramer","./explore?q=jim%20cramer&geo=US"
"college basketball","500+","13 de julho de 2026 às 18:40:00 UTC-3","13 de julho de 2026 às 20:30:00 UTC-3","college basketball","./explore?q=college%20basketball&geo=US"
"lindsay lohan","2 mil+","12 de julho de 2026 às 03:30:00 UTC-3","12 de julho de 2026 às 13:30:00 UTC-3","lindsay lohan","./explore?q=lindsay%20lohan&geo=US"
"baron corbin","5 mil+","10 de julho de 2026 às 22:50:00 UTC-3","11 de julho de 2026 às 14:20:00 UTC-3","baron corbin","./explore?q=baron%20corbin&geo=US"
"ben stiller","5 mil+","12 de julho de 2026 às 01:10:00 UTC-3","12 de julho de 2026 às 19:20:00 UTC-3","ben stiller","./explore?q=ben%20stiller&geo=US"
"kelly reilly","5 mil+","12 de julho de 2026 às 14:20:00 UTC-3","12 de julho de 2026 às 21:30:00 UTC-3","kelly reilly","./explore?q=kelly%20reilly&geo=US"
"marcus spears jr","20 mil+","9 de julho de 2026 às 15:50:00 UTC-3","10 de julho de 2026 às 11:00:00 UTC-3","marcus spears jr,marcus spears","./explore?q=marcus%20spears%20jr&geo=US"
"persian","10 mil+","9 de julho de 2026 às 01:40:00 UTC-3","10 de julho de 2026 às 02:50:00 UTC-3","persian","./explore?q=persian&geo=US"
"bellingham and haaland","10 mil+","11 de julho de 2026 às 17:50:00 UTC-3","11 de julho de 2026 às 23:00:00 UTC-3","bellingham and haaland,haaland and bellingham,haaland and bellingham same team,jude bellingham and haaland,haaland bellingham,v","./explore?q=bellingham%20and%20haaland&geo=US"
"k2 airways","20 mil+","7 de julho de 2026 às 16:30:00 UTC-3","9 de julho de 2026 às 09:40:00 UTC-3","k2 airways,missing k2 airways boeing 737,k2 airways 737,boeing 737","./explore?q=k2%20airways&geo=US"
"julián alvarez","10 mil+","11 de julho de 2026 às 21:40:00 UTC-3","12 de julho de 2026 às 02:30:00 UTC-3","julián alvarez,julián álvarez","./explore?q=juli%C3%A1n%20alvarez&geo=US"
"leandro paredes","10 mil+","11 de julho de 2026 às 21:40:00 UTC-3","12 de julho de 2026 às 02:20:00 UTC-3","leandro paredes,paredes","./explore?q=leandro%20paredes&geo=US"
"patrick berg","10 mil+","11 de julho de 2026 às 17:40:00 UTC-3","11 de julho de 2026 às 21:50:00 UTC-3","patrick berg,norway berg","./explore?q=patrick%20berg&geo=US"
"john daly","10 mil+","9 de julho de 2026 às 01:20:00 UTC-3","10 de julho de 2026 às 02:30:00 UTC-3","john daly,kaulig companies championship","./explore?q=john%20daly&geo=US"
"kalshi","20 mil+","11 de julho de 2026 às 18:50:00 UTC-3","12 de julho de 2026 às 00:30:00 UTC-3","kalshi","./explore?q=kalshi&geo=US"
"stat","1 mil+","13 de julho de 2026 às 16:10:00 UTC-3","13 de julho de 2026 às 19:30:00 UTC-3","stat","./explore?q=stat&geo=US"
"wisconsin judge hannah dugan","20 mil+","8 de julho de 2026 às 17:10:00 UTC-3","9 de julho de 2026 às 09:20:00 UTC-3","wisconsin judge hannah dugan,united states federal judge,hannah dugan obstruction conviction,wisconsin,prison","./explore?q=wisconsin%20judge%20hannah%20dugan&geo=US"
"erling haaland girlfriend","10 mil+","11 de julho de 2026 às 17:40:00 UTC-3","11 de julho de 2026 às 21:50:00 UTC-3","erling haaland girlfriend,haaland girlfriend,isabel haugseng johansen,norway soccer player","./explore?q=erling%20haaland%20girlfriend&geo=US"
"uap","5 mil+","10 de julho de 2026 às 19:40:00 UTC-3","12 de julho de 2026 às 09:30:00 UTC-3","uap","./explore?q=uap&geo=US"
"alessandro costa","10 mil+","11 de julho de 2026 às 03:40:00 UTC-3","11 de julho de 2026 às 20:00:00 UTC-3","alessandro costa,cody durden","./explore?q=alessandro%20costa&geo=US"
"who won the world cup 2026","10 mil+","11 de julho de 2026 às 20:40:00 UTC-3","12 de julho de 2026 às 02:10:00 UTC-3","who won the world cup 2026,world cup semi final 2026,fifa rankings 2026,where are the semi finals for world cup 2026","./explore?q=who%20won%20the%20world%20cup%202026&geo=US"
"keeper","1 mil+","13 de julho de 2026 às 00:00:00 UTC-3","13 de julho de 2026 às 15:20:00 UTC-3","keeper","./explore?q=keeper&geo=US"
"russia","10 mil+","13 de julho de 2026 às 14:10:00 UTC-3","13 de julho de 2026 às 16:40:00 UTC-3","russia,ukraine,ukraine strikes russian fuel processing,ukraine news","./explore?q=russia&geo=US"
"argentina fc","10 mil+","11 de julho de 2026 às 22:20:00 UTC-3","12 de julho de 2026 às 01:40:00 UTC-3","argentina fc,world cup game now","./explore?q=argentina%20fc&geo=US"
"haland","20 mil+","11 de julho de 2026 às 18:20:00 UTC-3","11 de julho de 2026 às 21:50:00 UTC-3","haland,what number is haaland,haaland jersey,braut haaland jersey,erling haaland jersey,norway haaland jersey,why does haaland jersey say braut haaland,norway jersey world cup 2026","./explore?q=haland&geo=US"
"cleveland cavaliers","10 mil+","9 de julho de 2026 às 22:30:00 UTC-3","11 de julho de 2026 às 16:30:00 UTC-3","cleveland cavaliers,bill simmons lebron james cavs","./explore?q=cleveland%20cavaliers&geo=US"
"messi net worth","10 mil+","11 de julho de 2026 às 21:50:00 UTC-3","12 de julho de 2026 às 01:50:00 UTC-3","messi net worth,lionel messi net worth","./explore?q=messi%20net%20worth&geo=US"
"big tigger","20 mil+","7 de julho de 2026 às 08:10:00 UTC-3","8 de julho de 2026 às 14:10:00 UTC-3","big tigger,alicia brown","./explore?q=big%20tigger&geo=US"
"cristina sanz","10 mil+","8 de julho de 2026 às 18:50:00 UTC-3","10 de julho de 2026 às 10:10:00 UTC-3","cristina sanz","./explore?q=cristina%20sanz&geo=US"
"marketwatch","1 mil+","13 de julho de 2026 às 09:20:00 UTC-3","13 de julho de 2026 às 13:10:00 UTC-3","marketwatch","./explore?q=marketwatch&geo=US"
"eduardo valencia","20 mil+","9 de julho de 2026 às 17:00:00 UTC-3","10 de julho de 2026 às 23:50:00 UTC-3","eduardo valencia,detroit tigers,eduardo valencia tigers,tigers game,tigers standings,detroit tigers schedule","./explore?q=eduardo%20valencia&geo=US"
"mamdani iran","10 mil+","10 de julho de 2026 às 19:00:00 UTC-3","11 de julho de 2026 às 12:00:00 UTC-3","mamdani iran,mamdani iran ambassador","./explore?q=mamdani%20iran&geo=US"
"duke of sussex birmingham trip","20 mil+","9 de julho de 2026 às 12:20:00 UTC-3","10 de julho de 2026 às 09:30:00 UTC-3","duke of sussex birmingham trip,prince harry news,prince harry uk royal visit,pickleball","./explore?q=duke%20of%20sussex%20birmingham%20trip&geo=US"
"toronto shooting","5 mil+","11 de julho de 2026 às 22:20:00 UTC-3","12 de julho de 2026 às 18:30:00 UTC-3","toronto shooting,toronto,salsa on st clair shooting","./explore?q=toronto%20shooting&geo=US"
"netflix new releases","2 mil+","13 de julho de 2026 às 01:20:00 UTC-3","13 de julho de 2026 às 13:40:00 UTC-3","netflix new releases,best movies on netflix,netflix new releases this week,best movies this year","./explore?q=netflix%20new%20releases&geo=US"
"the pitt season 3","5 mil+","10 de julho de 2026 às 13:20:00 UTC-3","12 de julho de 2026 às 12:00:00 UTC-3","the pitt season 3,noah wyle","./explore?q=the%20pitt%20season%203&geo=US"
"wimbeldon","5 mil+","12 de julho de 2026 às 12:50:00 UTC-3","12 de julho de 2026 às 17:10:00 UTC-3","wimbeldon","./explore?q=wimbeldon&geo=US"
"flock camera","20 mil+","8 de julho de 2026 às 20:00:00 UTC-3","11 de julho de 2026 às 12:40:00 UTC-3","flock camera","./explore?q=flock%20camera&geo=US"
"conor mcgregor wife","5 mil+","11 de julho de 2026 às 23:20:00 UTC-3","12 de julho de 2026 às 13:00:00 UTC-3","conor mcgregor wife,dee devlin,mcgregor wife","./explore?q=conor%20mcgregor%20wife&geo=US"
"william ray georgia subpoena ruling","20 mil+","7 de julho de 2026 às 17:10:00 UTC-3","8 de julho de 2026 às 17:50:00 UTC-3","william ray georgia subpoena ruling","./explore?q=william%20ray%20georgia%20subpoena%20ruling&geo=US"
"sun","10 mil+","8 de julho de 2026 às 09:40:00 UTC-3","9 de julho de 2026 às 09:20:00 UTC-3","sun","./explore?q=sun&geo=US"
"braces","2 mil+","12 de julho de 2026 às 19:20:00 UTC-3","12 de julho de 2026 às 23:10:00 UTC-3","braces","./explore?q=braces&geo=US"
"austin wells","1 mil+","13 de julho de 2026 às 08:30:00 UTC-3","13 de julho de 2026 às 17:30:00 UTC-3","austin wells","./explore?q=austin%20wells&geo=US"
"ciara miller","10 mil+","9 de julho de 2026 às 16:50:00 UTC-3","10 de julho de 2026 às 12:50:00 UTC-3","ciara miller","./explore?q=ciara%20miller&geo=US"
"world cup winners list","10 mil+","11 de julho de 2026 às 20:30:00 UTC-3","12 de julho de 2026 às 01:50:00 UTC-3","world cup winners list,world cup winners list by year,who won the world cup in 2022,who won world cup 2022","./explore?q=world%20cup%20winners%20list&geo=US"
"zack wheeler","10 mil+","12 de julho de 2026 às 09:20:00 UTC-3","12 de julho de 2026 às 19:10:00 UTC-3","zack wheeler,zack wheeler declined mlb invite,kyle schwarber,garrett stubbs","./explore?q=zack%20wheeler&geo=US"
"charles oliveira","5 mil+","11 de julho de 2026 às 21:20:00 UTC-3","12 de julho de 2026 às 06:00:00 UTC-3","charles oliveira","./explore?q=charles%20oliveira&geo=US"
"poutine","2 mil+","12 de julho de 2026 às 15:30:00 UTC-3","13 de julho de 2026 às 00:20:00 UTC-3","poutine","./explore?q=poutine&geo=US"
"jordan pickford","20 mil+","11 de julho de 2026 às 19:20:00 UTC-3","11 de julho de 2026 às 21:50:00 UTC-3","jordan pickford,pickford,pickford england,pickford goalie","./explore?q=jordan%20pickford&geo=US"
"birkenstock repetto","20 mil+","8 de julho de 2026 às 15:00:00 UTC-3","9 de julho de 2026 às 09:40:00 UTC-3","birkenstock repetto,birkenstock repetto balletcore collaboration,birkenstock repetto shoe collaboration","./explore?q=birkenstock%20repetto&geo=US"
"nj lottery","1 mil+","13 de julho de 2026 às 14:30:00 UTC-3","13 de julho de 2026 às 16:50:00 UTC-3","nj lottery","./explore?q=nj%20lottery&geo=US"
"msnow","5 mil+","12 de julho de 2026 às 03:40:00 UTC-3","12 de julho de 2026 às 11:20:00 UTC-3","msnow,ms now,alexis wilkins","./explore?q=msnow&geo=US"
"gabriel edwards hsc 5 commanding officer","20 mil+","7 de julho de 2026 às 22:40:00 UTC-3","8 de julho de 2026 às 19:00:00 UTC-3","gabriel edwards hsc 5 commanding officer,commander gabe edwards,commander gabriel edwards,emergency landing,us navy arabian sea search","./explore?q=gabriel%20edwards%20hsc%205%20commanding%20officer&geo=US"
"labrador retriever","2 mil+","13 de julho de 2026 às 13:50:00 UTC-3","13 de julho de 2026 às 16:00:00 UTC-3","labrador retriever,tokyo labrador lochaber rescue","./explore?q=labrador%20retriever&geo=US"
"dan ndoye","10 mil+","11 de julho de 2026 às 21:50:00 UTC-3","12 de julho de 2026 às 01:20:00 UTC-3","dan ndoye","./explore?q=dan%20ndoye&geo=US"
"wings vs tempo","20 mil+","10 de julho de 2026 às 20:10:00 UTC-3","10 de julho de 2026 às 23:40:00 UTC-3","wings vs tempo,dallas wings,paige bueckers,arike ogunbowale,isabelle harrison","./explore?q=wings%20vs%20tempo&geo=US"
"stuart fails to save the universe","500+","13 de julho de 2026 às 21:20:00 UTC-3","13 de julho de 2026 às 22:10:00 UTC-3","stuart fails to save the universe","./explore?q=stuart%20fails%20to%20save%20the%20universe&geo=US"
"grady emerson","5 mil+","11 de julho de 2026 às 14:00:00 UTC-3","12 de julho de 2026 às 10:50:00 UTC-3","grady emerson","./explore?q=grady%20emerson&geo=US"
"netflix stock","2 mil+","13 de julho de 2026 às 11:20:00 UTC-3","13 de julho de 2026 às 14:00:00 UTC-3","netflix stock,nflx stock","./explore?q=netflix%20stock&geo=US"
"weather next week","2 mil+","13 de julho de 2026 às 01:30:00 UTC-3","13 de julho de 2026 às 19:10:00 UTC-3","weather next week,tucson weather,blowing dust advisory,phoenix weather","./explore?q=weather%20next%20week&geo=US"
"argentine – suisse","10 mil+","11 de julho de 2026 às 21:10:00 UTC-3","12 de julho de 2026 às 02:00:00 UTC-3","argentine – suisse,ndoye,suisse,argentine,argentine suisse","./explore?q=argentine%20%E2%80%93%20suisse&geo=US"
"ufc 328","5 mil+","11 de julho de 2026 às 19:30:00 UTC-3","12 de julho de 2026 às 02:40:00 UTC-3","ufc 328,sean strickland,khamzat chimaev","./explore?q=ufc%20328&geo=US"
"rodrigo de paul","10 mil+","11 de julho de 2026 às 21:50:00 UTC-3","12 de julho de 2026 às 01:40:00 UTC-3","rodrigo de paul,de paul,de paul argentina","./explore?q=rodrigo%20de%20paul&geo=US"
"dakota johnson","1 mil+","13 de julho de 2026 às 07:30:00 UTC-3","13 de julho de 2026 às 11:40:00 UTC-3","dakota johnson","./explore?q=dakota%20johnson&geo=US"
"khris middleton","20 mil+","7 de julho de 2026 às 21:30:00 UTC-3","8 de julho de 2026 às 15:00:00 UTC-3","khris middleton,nba,khris middleton trade,nba trade,6 team nba trade,6 team trade,nba 6 team trade,6 team trade nba,mavs trade,wizards","./explore?q=khris%20middleton&geo=US"
"united airlines windowless seat lawsuit","10 mil+","11 de julho de 2026 às 15:00:00 UTC-3","12 de julho de 2026 às 12:30:00 UTC-3","united airlines windowless seat lawsuit,airline,united airlines window seat lawsuit,united airlines","./explore?q=united%20airlines%20windowless%20seat%20lawsuit&geo=US"
"dustin poirier","5 mil+","11 de julho de 2026 às 22:00:00 UTC-3","12 de julho de 2026 às 02:50:00 UTC-3","dustin poirier","./explore?q=dustin%20poirier&geo=US"
"lauren sanchez bezos fiji diving","20 mil+","8 de julho de 2026 às 18:20:00 UTC-3","9 de julho de 2026 às 09:30:00 UTC-3","lauren sanchez bezos fiji diving,lauren sánchez bezos","./explore?q=lauren%20sanchez%20bezos%20fiji%20diving&geo=US"
"new fallout game","5 mil+","13 de julho de 2026 às 14:50:00 UTC-3","13 de julho de 2026 às 17:00:00 UTC-3","new fallout game,obsidian entertainment,fallout,obsidian fallout games","./explore?q=new%20fallout%20game&geo=US"
"openai","20 mil+","8 de julho de 2026 às 04:30:00 UTC-3","9 de julho de 2026 às 09:00:00 UTC-3","openai,fidji simo","./explore?q=openai&geo=US"
"tv guide","500+","13 de julho de 2026 às 21:20:00 UTC-3","13 de julho de 2026 às 22:00:00 UTC-3","tv guide","./explore?q=tv%20guide&geo=US"
"mario kart tour","20 mil+","8 de julho de 2026 às 06:30:00 UTC-3","9 de julho de 2026 às 09:40:00 UTC-3","mario kart tour,nintendo mario kart tour,nintendo mario kart tour shutdown","./explore?q=mario%20kart%20tour&geo=US"
"ørjan nyland","10 mil+","11 de julho de 2026 às 18:00:00 UTC-3","11 de julho de 2026 às 21:50:00 UTC-3","ørjan nyland","./explore?q=%C3%B8rjan%20nyland&geo=US"
"esmerlyn valdez","5 mil+","11 de julho de 2026 às 14:20:00 UTC-3","11 de julho de 2026 às 21:20:00 UTC-3","esmerlyn valdez,brewers - pirates,aaron ashby","./explore?q=esmerlyn%20valdez&geo=US"
"noni madueke","20 mil+","11 de julho de 2026 às 17:20:00 UTC-3","11 de julho de 2026 às 21:00:00 UTC-3","noni madueke,madueke,eze,eberechi eze,zlatan,ibrahimovic","./explore?q=noni%20madueke&geo=US"
"drake powell","2 mil+","11 de julho de 2026 às 23:50:00 UTC-3","12 de julho de 2026 às 14:50:00 UTC-3","drake powell","./explore?q=drake%20powell&geo=US"
"echoes of aincrad","5 mil+","9 de julho de 2026 às 03:30:00 UTC-3","11 de julho de 2026 às 07:20:00 UTC-3","echoes of aincrad","./explore?q=echoes%20of%20aincrad&geo=US"
"tom herman","500+","13 de julho de 2026 às 18:10:00 UTC-3","13 de julho de 2026 às 19:50:00 UTC-3","tom herman","./explore?q=tom%20herman&geo=US"
"prediction market","2 mil+","11 de julho de 2026 às 20:20:00 UTC-3","12 de julho de 2026 às 16:20:00 UTC-3","prediction market","./explore?q=prediction%20market&geo=US"
"freedom 250 grand prix","1 mil+","13 de julho de 2026 às 14:40:00 UTC-3","13 de julho de 2026 às 16:20:00 UTC-3","freedom 250 grand prix,roger penske","./explore?q=freedom%20250%20grand%20prix&geo=US"
"victoria anne cranmer","5 mil+","10 de julho de 2026 às 23:00:00 UTC-3","11 de julho de 2026 às 20:50:00 UTC-3","victoria anne cranmer","./explore?q=victoria%20anne%20cranmer&geo=US"
"chicago bears","1 mil+","13 de julho de 2026 às 08:50:00 UTC-3","13 de julho de 2026 às 20:30:00 UTC-3","chicago bears","./explore?q=chicago%20bears&geo=US"
"new york weather","10 mil+","8 de julho de 2026 às 04:20:00 UTC-3","9 de julho de 2026 às 09:40:00 UTC-3","new york weather","./explore?q=new%20york%20weather&geo=US"
"gregor kobel","10 mil+","11 de julho de 2026 às 21:50:00 UTC-3","12 de julho de 2026 às 01:40:00 UTC-3","gregor kobel,kobel","./explore?q=gregor%20kobel&geo=US"
"liverpool","5 mil+","11 de julho de 2026 às 20:20:00 UTC-3","12 de julho de 2026 às 02:40:00 UTC-3","liverpool,manchester united","./explore?q=liverpool&geo=US"
"construction","1 mil+","13 de julho de 2026 às 07:50:00 UTC-3","13 de julho de 2026 às 11:50:00 UTC-3","construction","./explore?q=construction&geo=US"
"lincoln memorial reflecting pool","10 mil+","11 de julho de 2026 às 09:50:00 UTC-3","11 de julho de 2026 às 22:30:00 UTC-3","lincoln memorial reflecting pool,lincoln memorial","./explore?q=lincoln%20memorial%20reflecting%20pool&geo=US"
"molly shannon","1 mil+","13 de julho de 2026 às 09:20:00 UTC-3","13 de julho de 2026 às 13:30:00 UTC-3","molly shannon","./explore?q=molly%20shannon&geo=US"
"enzo fernández","10 mil+","11 de julho de 2026 às 21:50:00 UTC-3","12 de julho de 2026 às 01:30:00 UTC-3","enzo fernández","./explore?q=enzo%20fern%C3%A1ndez&geo=US"
"england vs india","20 mil+","7 de julho de 2026 às 13:20:00 UTC-3","7 de julho de 2026 às 22:30:00 UTC-3","england vs india,eng vs ind,india national cricket team vs england cricket team match scorecard,england cricket team vs india national cricket team match scorecard,prince yadav","./explore?q=england%20vs%20india&geo=US"
"oba femi","500+","13 de julho de 2026 às 21:40:00 UTC-3","13 de julho de 2026 às 22:20:00 UTC-3","oba femi","./explore?q=oba%20femi&geo=US"
"saka","10 mil+","11 de julho de 2026 às 19:00:00 UTC-3","11 de julho de 2026 às 21:40:00 UTC-3","saka,saka england,bukayo saka,marcus rashford,rashford","./explore?q=saka&geo=US"
"switzerland world cup","50 mil+","7 de julho de 2026 às 15:50:00 UTC-3","7 de julho de 2026 às 21:20:00 UTC-3","switzerland world cup,quarter finals world cup 2026","./explore?q=switzerland%20world%20cup&geo=US"
"cbo us treasury borrowing pace","10 mil+","10 de julho de 2026 às 10:30:00 UTC-3","10 de julho de 2026 às 22:30:00 UTC-3","cbo us treasury borrowing pace","./explore?q=cbo%20us%20treasury%20borrowing%20pace&geo=US"
"nikki haley","2 mil+","12 de julho de 2026 às 08:50:00 UTC-3","13 de julho de 2026 às 00:30:00 UTC-3","nikki haley","./explore?q=nikki%20haley&geo=US"
"peter capaldi","5 mil+","10 de julho de 2026 às 09:30:00 UTC-3","11 de julho de 2026 às 08:30:00 UTC-3","peter capaldi","./explore?q=peter%20capaldi&geo=US"
"uf","5 mil+","11 de julho de 2026 às 19:20:00 UTC-3","12 de julho de 2026 às 03:00:00 UTC-3","uf","./explore?q=uf&geo=US"
"southwest","50 mil+","9 de julho de 2026 às 09:20:00 UTC-3","9 de julho de 2026 às 16:40:00 UTC-3","southwest","./explore?q=southwest&geo=US"
"scottish open tv coverage","5 mil+","11 de julho de 2026 às 07:30:00 UTC-3","12 de julho de 2026 às 13:30:00 UTC-3","scottish open tv coverage","./explore?q=scottish%20open%20tv%20coverage&geo=US"
"plant","10 mil+","9 de julho de 2026 às 11:10:00 UTC-3","10 de julho de 2026 às 15:00:00 UTC-3","plant","./explore?q=plant&geo=US"
"oscar bobb","10 mil+","11 de julho de 2026 às 19:20:00 UTC-3","11 de julho de 2026 às 21:40:00 UTC-3","oscar bobb","./explore?q=oscar%20bobb&geo=US"
"blue bell chocolate lava cake","10 mil+","9 de julho de 2026 às 12:30:00 UTC-3","9 de julho de 2026 às 23:50:00 UTC-3","blue bell chocolate lava cake","./explore?q=blue%20bell%20chocolate%20lava%20cake&geo=US"
"brewer hicklen","2 mil+","12 de julho de 2026 às 15:50:00 UTC-3","12 de julho de 2026 às 20:00:00 UTC-3","brewer hicklen","./explore?q=brewer%20hicklen&geo=US"
"lorenzo sonego","20 mil+","13 de julho de 2026 às 06:00:00 UTC-3","13 de julho de 2026 às 08:30:00 UTC-3","lorenzo sonego,taylor fritz,clement tabur,zverev,fritz,alexander zverev,fritz vs zverev,wimbledon today,fritz vs zverev prediction,zverev vs fritz,federico cina","./explore?q=lorenzo%20sonego&geo=US"
"tormenta","20 mil+","7 de julho de 2026 às 07:30:00 UTC-3","7 de julho de 2026 às 22:00:00 UTC-3","tormenta","./explore?q=tormenta&geo=US"
"nascar points standings","1 mil+","13 de julho de 2026 às 07:10:00 UTC-3","13 de julho de 2026 às 11:40:00 UTC-3","nascar points standings","./explore?q=nascar%20points%20standings&geo=US"
"steven fisk","5 mil+","12 de julho de 2026 às 19:30:00 UTC-3","12 de julho de 2026 às 22:00:00 UTC-3","steven fisk,taylor pendrith,isco,steven fisk golf","./explore?q=steven%20fisk&geo=US"
"octavia spencer","2 mil+","13 de julho de 2026 às 09:50:00 UTC-3","13 de julho de 2026 às 12:30:00 UTC-3","octavia spencer,hannah waddingham,rami malek","./explore?q=octavia%20spencer&geo=US"
"karim adeyemi","20 mil+","8 de julho de 2026 às 19:30:00 UTC-3","9 de julho de 2026 às 14:30:00 UTC-3","karim adeyemi,adeyemi","./explore?q=karim%20adeyemi&geo=US"
"blaze alexander","2 mil+","12 de julho de 2026 às 17:40:00 UTC-3","12 de julho de 2026 às 22:00:00 UTC-3","blaze alexander,pitch","./explore?q=blaze%20alexander&geo=US"
"azzi fudd","2 mil+","12 de julho de 2026 às 20:10:00 UTC-3","13 de julho de 2026 às 09:40:00 UTC-3","azzi fudd","./explore?q=azzi%20fudd&geo=US"
"netflix subscription","1 mil+","13 de julho de 2026 às 00:50:00 UTC-3","13 de julho de 2026 às 17:20:00 UTC-3","netflix subscription","./explore?q=netflix%20subscription&geo=US"
"sun valley business conference fashion","5 mil+","11 de julho de 2026 às 10:10:00 UTC-3","11 de julho de 2026 às 21:00:00 UTC-3","sun valley business conference fashion","./explore?q=sun%20valley%20business%20conference%20fashion&geo=US"
"amzn","1 mil+","13 de julho de 2026 às 11:20:00 UTC-3","13 de julho de 2026 às 14:30:00 UTC-3","amzn","./explore?q=amzn&geo=US"
"antoine griezmann","10 mil+","9 de julho de 2026 às 17:40:00 UTC-3","10 de julho de 2026 às 12:00:00 UTC-3","antoine griezmann,griezmann,griezman,orlando city","./explore?q=antoine%20griezmann&geo=US"
"jetblue airlines","5 mil+","11 de julho de 2026 às 09:10:00 UTC-3","11 de julho de 2026 às 16:40:00 UTC-3","jetblue airlines","./explore?q=jetblue%20airlines&geo=US"
"brent crude oil price","1 mil+","13 de julho de 2026 às 07:30:00 UTC-3","13 de julho de 2026 às 13:20:00 UTC-3","brent crude oil price","./explore?q=brent%20crude%20oil%20price&geo=US"
"black panther","10 mil+","7 de julho de 2026 às 09:10:00 UTC-3","8 de julho de 2026 às 14:10:00 UTC-3","black panther","./explore?q=black%20panther&geo=US"
"watch","1 mil+","13 de julho de 2026 às 20:10:00 UTC-3","13 de julho de 2026 às 21:00:00 UTC-3","watch,best shows to watch","./explore?q=watch&geo=US"
"bangkok","1 mil+","13 de julho de 2026 às 19:40:00 UTC-3","13 de julho de 2026 às 20:50:00 UTC-3","bangkok,bangkok fire","./explore?q=bangkok&geo=US"
"waymo vehicle passenger privacy","10 mil+","10 de julho de 2026 às 08:50:00 UTC-3","10 de julho de 2026 às 20:00:00 UTC-3","waymo vehicle passenger privacy,waymo,robotaxi,police","./explore?q=waymo%20vehicle%20passenger%20privacy&geo=US"
"american horror story","5 mil+","9 de julho de 2026 às 18:00:00 UTC-3","11 de julho de 2026 às 05:00:00 UTC-3","american horror story","./explore?q=american%20horror%20story&geo=US"
"new reese's pieces product","20 mil+","8 de julho de 2026 às 12:10:00 UTC-3","8 de julho de 2026 às 21:10:00 UTC-3","new reese's pieces product,reeses pieces","./explore?q=new%20reese%27s%20pieces%20product&geo=US"
"meteo questa settimana","1 mil+","13 de julho de 2026 às 03:10:00 UTC-3","13 de julho de 2026 às 16:50:00 UTC-3","meteo questa settimana","./explore?q=meteo%20questa%20settimana&geo=US"
"andrey santos","10 mil+","13 de julho de 2026 às 10:50:00 UTC-3","13 de julho de 2026 às 12:10:00 UTC-3","andrey santos","./explore?q=andrey%20santos&geo=US"
"jeb bush iranian drone assessment","5 mil+","9 de julho de 2026 às 20:10:00 UTC-3","10 de julho de 2026 às 12:40:00 UTC-3","jeb bush iranian drone assessment","./explore?q=jeb%20bush%20iranian%20drone%20assessment&geo=US"
"ind vs eng","20 mil+","9 de julho de 2026 às 13:20:00 UTC-3","9 de julho de 2026 às 16:50:00 UTC-3","ind vs eng,eng vs ind,indw vs en-w,yastika bhatia,en-w vs indw,w","./explore?q=ind%20vs%20eng&geo=US"
"jay leno","500+","13 de julho de 2026 às 20:30:00 UTC-3","13 de julho de 2026 às 21:20:00 UTC-3","jay leno","./explore?q=jay%20leno&geo=US"
"emiliano martínez","5 mil+","11 de julho de 2026 às 22:00:00 UTC-3","12 de julho de 2026 às 01:40:00 UTC-3","emiliano martínez,martinez argentina","./explore?q=emiliano%20mart%C3%ADnez&geo=US"
"ford mustang us vehicle recall","20 mil+","7 de julho de 2026 às 12:10:00 UTC-3","8 de julho de 2026 às 09:20:00 UTC-3","ford mustang us vehicle recall,ford mustang,ford mustang recall","./explore?q=ford%20mustang%20us%20vehicle%20recall&geo=US"
"national french fry day","10 mil+","10 de julho de 2026 às 09:00:00 UTC-3","10 de julho de 2026 às 22:10:00 UTC-3","national french fry day,national french fry day 2026,national fry day","./explore?q=national%20french%20fry%20day&geo=US"
"melhores filmes netflix","1 mil+","13 de julho de 2026 às 00:50:00 UTC-3","13 de julho de 2026 às 19:40:00 UTC-3","melhores filmes netflix","./explore?q=melhores%20filmes%20netflix&geo=US"
"pam bondi","2 mil+","12 de julho de 2026 às 12:00:00 UTC-3","12 de julho de 2026 às 19:50:00 UTC-3","pam bondi","./explore?q=pam%20bondi&geo=US"
"how long is extra time in world cup soccer","10 mil+","11 de julho de 2026 às 20:00:00 UTC-3","12 de julho de 2026 às 01:30:00 UTC-3","how long is extra time in world cup soccer,2022 world cup,how long is a world cup game,how long is a world cup match,fifa world cup overtime rules,fifa world cup 2022,england 2022 world cup","./explore?q=how%20long%20is%20extra%20time%20in%20world%20cup%20soccer&geo=US"
"josh shapiro","500+","13 de julho de 2026 às 20:40:00 UTC-3","13 de julho de 2026 às 21:40:00 UTC-3","josh shapiro","./explore?q=josh%20shapiro&geo=US"
"portland thorns vs seattle reign fc","2 mil+","12 de julho de 2026 às 16:20:00 UTC-3","12 de julho de 2026 às 20:00:00 UTC-3","portland thorns vs seattle reign fc,portland thorns vs seattle reign fc standings","./explore?q=portland%20thorns%20vs%20seattle%20reign%20fc&geo=US"
"football games today","10 mil+","11 de julho de 2026 às 16:00:00 UTC-3","12 de julho de 2026 às 01:30:00 UTC-3","football games today,world cup stream,world cup live stream,where to watch world cup for free,watch world cup live,fifa world cup live,where can i watch the world cup for free,stream world cup,fifa game schedule,soccer game","./explore?q=football%20games%20today&geo=US"
"seven new xbox game pass games","2 mil+","13 de julho de 2026 às 13:30:00 UTC-3","13 de julho de 2026 às 16:20:00 UTC-3","seven new xbox game pass games,xbox game pass tier updates","./explore?q=seven%20new%20xbox%20game%20pass%20games&geo=US"
"patrick dempsey","10 mil+","8 de julho de 2026 às 19:40:00 UTC-3","9 de julho de 2026 às 21:20:00 UTC-3","patrick dempsey","./explore?q=patrick%20dempsey&geo=US"
"john wayne","2 mil+","11 de julho de 2026 às 21:30:00 UTC-3","12 de julho de 2026 às 18:20:00 UTC-3","john wayne","./explore?q=john%20wayne&geo=US"
"jeff arcuri","20 mil+","10 de julho de 2026 às 21:40:00 UTC-3","11 de julho de 2026 às 03:50:00 UTC-3","jeff arcuri,katie thurston","./explore?q=jeff%20arcuri&geo=US"
"haboob","2 mil+","12 de julho de 2026 às 23:20:00 UTC-3","13 de julho de 2026 às 03:00:00 UTC-3","haboob","./explore?q=haboob&geo=US"
"boston blue season 2 release","5 mil+","10 de julho de 2026 às 19:50:00 UTC-3","11 de julho de 2026 às 14:30:00 UTC-3","boston blue season 2 release,boston blue","./explore?q=boston%20blue%20season%202%20release&geo=US"
"orlando weather","2 mil+","13 de julho de 2026 às 17:40:00 UTC-3","13 de julho de 2026 às 18:30:00 UTC-3","orlando weather,weather orlando,tampa weather,weather tampa","./explore?q=orlando%20weather&geo=US"
"san antonio weather","5 mil+","11 de julho de 2026 às 08:20:00 UTC-3","11 de julho de 2026 às 18:50:00 UTC-3","san antonio weather,austin weather,weather austin","./explore?q=san%20antonio%20weather&geo=US"
"apple stock price","1 mil+","13 de julho de 2026 às 11:20:00 UTC-3","13 de julho de 2026 às 14:30:00 UTC-3","apple stock price","./explore?q=apple%20stock%20price&geo=US"
"tempo domani","500+","13 de julho de 2026 às 00:30:00 UTC-3","13 de julho de 2026 às 19:10:00 UTC-3","tempo domani","./explore?q=tempo%20domani&geo=US"
"real madrid players","10 mil+","11 de julho de 2026 às 18:50:00 UTC-3","12 de julho de 2026 às 02:20:00 UTC-3","real madrid players,who does bellingham play for,morgan rogers,who does jude bellingham play for,jude bellingham club,what team does bellingham play for,bellingham club team,what team does jude bellingham play for,what number is jude bellingham,bobby charlton,where does bellingham play,jude bellingham number,bellingham club,what club does jude bellingham play for,where does jude bellingham play","./explore?q=real%20madrid%20players&geo=US"
"ryan o'hearn","20 mil+","7 de julho de 2026 às 20:30:00 UTC-3","8 de julho de 2026 às 13:50:00 UTC-3","ryan o'hearn,pirates,most rbis in a game,pirates game,pirates score,ryan ohearn,hurston waldrep,pittsburgh pirates,ryan o hearn,most rbi in a game","./explore?q=ryan%20o%27hearn&geo=US"
"katie thurston","10 mil+","10 de julho de 2026 às 21:30:00 UTC-3","11 de julho de 2026 às 04:20:00 UTC-3","katie thurston","./explore?q=katie%20thurston&geo=US"
"general hospital","5 mil+","11 de julho de 2026 às 07:30:00 UTC-3","11 de julho de 2026 às 14:50:00 UTC-3","general hospital","./explore?q=general%20hospital&geo=US"
"janice dean","20 mil+","10 de julho de 2026 às 09:40:00 UTC-3","10 de julho de 2026 às 21:10:00 UTC-3","janice dean,fox,janice dean fox news departure,how old is janice dean,janice dean fox news,janice dean health","./explore?q=janice%20dean&geo=US"
"zverev girlfriend","5 mil+","12 de julho de 2026 às 13:00:00 UTC-3","12 de julho de 2026 às 17:20:00 UTC-3","zverev girlfriend,sophia thomalla,zverev girlfriend 2026,alexander zverev wife,zverev girlfriend now","./explore?q=zverev%20girlfriend&geo=US"
"victoria beckham","5 mil+","11 de julho de 2026 às 17:50:00 UTC-3","11 de julho de 2026 às 22:10:00 UTC-3","victoria beckham","./explore?q=victoria%20beckham&geo=US"
"earthquake","2 mil+","12 de julho de 2026 às 07:30:00 UTC-3","12 de julho de 2026 às 12:40:00 UTC-3","earthquake","./explore?q=earthquake&geo=US"
"ryan gandra","5 mil+","11 de julho de 2026 às 14:10:00 UTC-3","11 de julho de 2026 às 19:50:00 UTC-3","ryan gandra,zachary reese","./explore?q=ryan%20gandra&geo=US"
"travis kelce taylor swift proposal","10 mil+","8 de julho de 2026 às 09:30:00 UTC-3","9 de julho de 2026 às 01:00:00 UTC-3","travis kelce taylor swift proposal","./explore?q=travis%20kelce%20taylor%20swift%20proposal&geo=US"
"noticias de hoy","1 mil+","13 de julho de 2026 às 01:50:00 UTC-3","13 de julho de 2026 às 18:50:00 UTC-3","noticias de hoy","./explore?q=noticias%20de%20hoy&geo=US"
"kevon looney","20 mil+","7 de julho de 2026 às 17:30:00 UTC-3","8 de julho de 2026 às 03:40:00 UTC-3","kevon looney","./explore?q=kevon%20looney&geo=US"
"the walking dead: dead city","2 mil+","11 de julho de 2026 às 17:00:00 UTC-3","12 de julho de 2026 às 12:00:00 UTC-3","the walking dead: dead city","./explore?q=the%20walking%20dead%3A%20dead%20city&geo=US"
"anna bondar","1 mil+","13 de julho de 2026 às 09:30:00 UTC-3","13 de julho de 2026 às 12:20:00 UTC-3","anna bondar","./explore?q=anna%20bondar&geo=US"
"braden shewmake","2 mil+","12 de julho de 2026 às 11:10:00 UTC-3","12 de julho de 2026 às 16:20:00 UTC-3","braden shewmake","./explore?q=braden%20shewmake&geo=US"
"elephant fire","1 mil+","13 de julho de 2026 às 00:30:00 UTC-3","13 de julho de 2026 às 12:20:00 UTC-3","elephant fire","./explore?q=elephant%20fire&geo=US"
"infantino","10 mil+","11 de julho de 2026 às 19:20:00 UTC-3","12 de julho de 2026 às 01:30:00 UTC-3","infantino,2030 world cup,world cup 2030,where is the next world cup 2030,fifa results,where is the 2030 world cup,infantino fifa,where is the next world cup,where is 2030 world cup,where is the 2030 world cup going to be,next world cup,world cup scores yesterday","./explore?q=infantino&geo=US"
"mega millions","20 mil+","11 de julho de 2026 às 08:10:00 UTC-3","11 de julho de 2026 às 11:20:00 UTC-3","mega millions,mega millions numbers,mega millions drawing,mega millions winning numbers,megamillions,louisiana lottery,mega million numbers,mega,mega million,ohio lottery","./explore?q=mega%20millions&geo=US"
"cnn news","2 mil+","12 de julho de 2026 às 07:00:00 UTC-3","12 de julho de 2026 às 12:20:00 UTC-3","cnn news","./explore?q=cnn%20news&geo=US"
"lesley groff","10 mil+","9 de julho de 2026 às 08:10:00 UTC-3","10 de julho de 2026 às 00:50:00 UTC-3","lesley groff,epstein files","./explore?q=lesley%20groff&geo=US"
"manchester city","5 mil+","11 de julho de 2026 às 18:00:00 UTC-3","12 de julho de 2026 às 04:10:00 UTC-3","manchester city,man city","./explore?q=manchester%20city&geo=US"
"lautaro martínez","5 mil+","11 de julho de 2026 às 23:40:00 UTC-3","12 de julho de 2026 às 02:20:00 UTC-3","lautaro martínez,lautaro martinez","./explore?q=lautaro%20mart%C3%ADnez&geo=US"
"club américa","5 mil+","11 de julho de 2026 às 22:50:00 UTC-3","12 de julho de 2026 às 04:00:00 UTC-3","club américa","./explore?q=club%20am%C3%A9rica&geo=US"
"peso mexicano","500+","13 de julho de 2026 às 16:10:00 UTC-3","13 de julho de 2026 às 17:30:00 UTC-3","peso mexicano","./explore?q=peso%20mexicano&geo=US"
"pips","2 mil+","12 de julho de 2026 às 06:30:00 UTC-3","12 de julho de 2026 às 14:50:00 UTC-3","pips","./explore?q=pips&geo=US"
"target water beads lawsuit","5 mil+","9 de julho de 2026 às 23:00:00 UTC-3","10 de julho de 2026 às 14:50:00 UTC-3","target water beads lawsuit","./explore?q=target%20water%20beads%20lawsuit&geo=US"
"fold 8","10 mil+","9 de julho de 2026 às 00:40:00 UTC-3","9 de julho de 2026 às 21:40:00 UTC-3","fold 8,smartphone,z fold 8,samsung galaxy z fold 8,samsung galaxy z series","./explore?q=fold%208&geo=US"
"braces","5 mil+","11 de julho de 2026 às 11:40:00 UTC-3","11 de julho de 2026 às 20:30:00 UTC-3","braces,bavi,typhoon,typhoon bavi","./explore?q=braces&geo=US"
"evian championship","5 mil+","12 de julho de 2026 às 08:40:00 UTC-3","12 de julho de 2026 às 13:20:00 UTC-3","evian championship,brooke henderson,amundi evian championship,lpga,ryu hae-ran","./explore?q=evian%20championship&geo=US"
"doj trump tax lawsuit settlement","10 mil+","7 de julho de 2026 às 08:50:00 UTC-3","8 de julho de 2026 às 01:30:00 UTC-3","doj trump tax lawsuit settlement","./explore?q=doj%20trump%20tax%20lawsuit%20settlement&geo=US"
"larry millete","10 mil+","9 de julho de 2026 às 19:10:00 UTC-3","10 de julho de 2026 às 11:30:00 UTC-3","larry millete,maya millete,larry millete trial,millete trial","./explore?q=larry%20millete&geo=US"
"dallas weather","2 mil+","12 de julho de 2026 às 21:10:00 UTC-3","13 de julho de 2026 às 11:40:00 UTC-3","dallas weather,weather dallas","./explore?q=dallas%20weather&geo=US"
"water world","5 mil+","11 de julho de 2026 às 14:20:00 UTC-3","12 de julho de 2026 às 02:00:00 UTC-3","water world,waterworld","./explore?q=water%20world&geo=US"
"argentina x suíça","5 mil+","11 de julho de 2026 às 21:10:00 UTC-3","12 de julho de 2026 às 01:50:00 UTC-3","argentina x suíça","./explore?q=argentina%20x%20su%C3%AD%C3%A7a&geo=US"
"diddy","10 mil+","9 de julho de 2026 às 11:40:00 UTC-3","9 de julho de 2026 às 17:20:00 UTC-3","diddy","./explore?q=diddy&geo=US"
"djed spence","10 mil+","11 de julho de 2026 às 19:40:00 UTC-3","11 de julho de 2026 às 21:50:00 UTC-3","djed spence,djed spence jaw,why does djed spence wear a mask","./explore?q=djed%20spence&geo=US"
"noah kahan fenway","20 mil+","7 de julho de 2026 às 17:50:00 UTC-3","8 de julho de 2026 às 20:50:00 UTC-3","noah kahan fenway,noah kahan fenway tickets,noah kahan tour","./explore?q=noah%20kahan%20fenway&geo=US"
"que ver en netflix","1 mil+","13 de julho de 2026 às 00:40:00 UTC-3","13 de julho de 2026 às 13:30:00 UTC-3","que ver en netflix","./explore?q=que%20ver%20en%20netflix&geo=US"
"dak prescott","1 mil+","13 de julho de 2026 às 08:20:00 UTC-3","13 de julho de 2026 às 12:40:00 UTC-3","dak prescott","./explore?q=dak%20prescott&geo=US"
"tyler tolbert","10 mil+","7 de julho de 2026 às 22:00:00 UTC-3","8 de julho de 2026 às 13:20:00 UTC-3","tyler tolbert,kc royals","./explore?q=tyler%20tolbert&geo=US"
"cape fear show","5 mil+","12 de julho de 2026 às 20:40:00 UTC-3","12 de julho de 2026 às 23:30:00 UTC-3","cape fear show","./explore?q=cape%20fear%20show&geo=US"
"kahleah copper wnba technical foul","10 mil+","9 de julho de 2026 às 20:30:00 UTC-3","11 de julho de 2026 às 09:20:00 UTC-3","kahleah copper wnba technical foul,alyssa thomas wnba technical foul,kahleah copper","./explore?q=kahleah%20copper%20wnba%20technical%20foul&geo=US"
"paramount+","5 mil+","9 de julho de 2026 às 16:40:00 UTC-3","10 de julho de 2026 às 23:20:00 UTC-3","paramount+","./explore?q=paramount%2B&geo=US"
"michael jordan","1 mil+","13 de julho de 2026 às 00:50:00 UTC-3","13 de julho de 2026 às 06:00:00 UTC-3","michael jordan","./explore?q=michael%20jordan&geo=US"
"walmart discount pricing news","5 mil+","9 de julho de 2026 às 17:20:00 UTC-3","10 de julho de 2026 às 15:40:00 UTC-3","walmart discount pricing news","./explore?q=walmart%20discount%20pricing%20news&geo=US"
"noticias de hoje","500+","13 de julho de 2026 às 01:50:00 UTC-3","13 de julho de 2026 às 14:20:00 UTC-3","noticias de hoje","./explore?q=noticias%20de%20hoje&geo=US"
"aliyah boston","2 mil+","12 de julho de 2026 às 22:20:00 UTC-3","13 de julho de 2026 às 01:00:00 UTC-3","aliyah boston,becky hammon","./explore?q=aliyah%20boston&geo=US"
"bill murray","2 mil+","12 de julho de 2026 às 21:40:00 UTC-3","13 de julho de 2026 às 01:00:00 UTC-3","bill murray","./explore?q=bill%20murray&geo=US"
"kristoffer ajer","5 mil+","11 de julho de 2026 às 17:50:00 UTC-3","11 de julho de 2026 às 21:50:00 UTC-3","kristoffer ajer","./explore?q=kristoffer%20ajer&geo=US"
"charley crockett","5 mil+","10 de julho de 2026 às 14:30:00 UTC-3","11 de julho de 2026 às 12:00:00 UTC-3","charley crockett","./explore?q=charley%20crockett&geo=US"
"maría elvira salazar","1 mil+","13 de julho de 2026 às 06:30:00 UTC-3","13 de julho de 2026 às 11:20:00 UTC-3","maría elvira salazar","./explore?q=mar%C3%ADa%20elvira%20salazar&geo=US"
"john mulaney","2 mil+","11 de julho de 2026 às 17:00:00 UTC-3","12 de julho de 2026 às 12:30:00 UTC-3","john mulaney","./explore?q=john%20mulaney&geo=US"
"iran war news","10 mil+","8 de julho de 2026 às 05:50:00 UTC-3","10 de julho de 2026 às 10:10:00 UTC-3","iran war news,iran war update","./explore?q=iran%20war%20news&geo=US"
"johnny keefer","2 mil+","12 de julho de 2026 às 13:00:00 UTC-3","12 de julho de 2026 às 16:20:00 UTC-3","johnny keefer,johnny keefer golf","./explore?q=johnny%20keefer&geo=US"
"golden state warriors","10 mil+","8 de julho de 2026 às 15:50:00 UTC-3","9 de julho de 2026 às 14:00:00 UTC-3","golden state warriors,yaxel lendeborg,lj cryer","./explore?q=golden%20state%20warriors&geo=US"
"isco championship payout","5 mil+","12 de julho de 2026 às 19:50:00 UTC-3","12 de julho de 2026 às 22:00:00 UTC-3","isco championship payout,isco leaderboard,isco championship,max homa","./explore?q=isco%20championship%20payout&geo=US"
"jackson flora","10 mil+","11 de julho de 2026 às 14:50:00 UTC-3","11 de julho de 2026 às 19:00:00 UTC-3","jackson flora,giants,sf giants,giants game today,san francisco giants","./explore?q=jackson%20flora&geo=US"
"donovan mitchell","10 mil+","7 de julho de 2026 às 10:00:00 UTC-3","7 de julho de 2026 às 23:00:00 UTC-3","donovan mitchell,donovan mitchell contract,cavs","./explore?q=donovan%20mitchell&geo=US"
"ben franklin bridge celebration","5 mil+","11 de julho de 2026 às 07:40:00 UTC-3","11 de julho de 2026 às 15:20:00 UTC-3","ben franklin bridge celebration,ben franklin bridge","./explore?q=ben%20franklin%20bridge%20celebration&geo=US"
"haaland meme","5 mil+","11 de julho de 2026 às 17:50:00 UTC-3","11 de julho de 2026 às 21:30:00 UTC-3","haaland meme,haaland majin buu,majin buu haaland","./explore?q=haaland%20meme&geo=US"
"miomir kecmanovic","1 mil+","13 de julho de 2026 às 08:00:00 UTC-3","13 de julho de 2026 às 10:30:00 UTC-3","miomir kecmanovic,jaume munar","./explore?q=miomir%20kecmanovic&geo=US"
"marc messier","10 mil+","7 de julho de 2026 às 17:00:00 UTC-3","8 de julho de 2026 às 09:00:00 UTC-3","marc messier","./explore?q=marc%20messier&geo=US"
"grandview care center employee termination","5 mil+","10 de julho de 2026 às 08:00:00 UTC-3","11 de julho de 2026 às 10:40:00 UTC-3","grandview care center employee termination","./explore?q=grandview%20care%20center%20employee%20termination&geo=US"
"ncis new york jennifer beals","10 mil+","10 de julho de 2026 às 13:50:00 UTC-3","11 de julho de 2026 às 08:50:00 UTC-3","ncis new york jennifer beals,ncis new york,jennifer beals ncis new york,jennifer beals,ncis","./explore?q=ncis%20new%20york%20jennifer%20beals&geo=US"
"xrp","5 mil+","13 de julho de 2026 às 11:20:00 UTC-3","13 de julho de 2026 às 13:10:00 UTC-3","xrp,bitcoin","./explore?q=xrp&geo=US"
"argentina vs egypt highlights","10 mil+","7 de julho de 2026 às 15:00:00 UTC-3","8 de julho de 2026 às 09:10:00 UTC-3","argentina vs egypt highlights","./explore?q=argentina%20vs%20egypt%20highlights&geo=US"
"houston dash vs denver summit","2 mil+","12 de julho de 2026 às 19:40:00 UTC-3","12 de julho de 2026 às 22:40:00 UTC-3","houston dash vs denver summit,nwsl","./explore?q=houston%20dash%20vs%20denver%20summit&geo=US"
"amd stock price","1 mil+","13 de julho de 2026 às 11:20:00 UTC-3","13 de julho de 2026 às 12:40:00 UTC-3","amd stock price,amd","./explore?q=amd%20stock%20price&geo=US"
"ariana madix","2 mil+","12 de julho de 2026 às 23:40:00 UTC-3","13 de julho de 2026 às 01:00:00 UTC-3","ariana madix","./explore?q=ariana%20madix&geo=US"
"kristina mladenovic","5 mil+","12 de julho de 2026 às 09:20:00 UTC-3","12 de julho de 2026 às 12:20:00 UTC-3","kristina mladenovic,guo hanyu,mladenovic,gabriela dabrowski,mladenovic tennis","./explore?q=kristina%20mladenovic&geo=US"
"ferrari lewis hamilton 2027 contract","2 mil+","11 de julho de 2026 às 13:50:00 UTC-3","12 de julho de 2026 às 10:50:00 UTC-3","ferrari lewis hamilton 2027 contract","./explore?q=ferrari%20lewis%20hamilton%202027%20contract&geo=US"
"ibm stock","1 mil+","13 de julho de 2026 às 10:40:00 UTC-3","13 de julho de 2026 às 12:40:00 UTC-3","ibm stock","./explore?q=ibm%20stock&geo=US"
"data center","1 mil+","13 de julho de 2026 às 07:30:00 UTC-3","13 de julho de 2026 às 10:50:00 UTC-3","data center","./explore?q=data%20center&geo=US"
"thomas massie","10 mil+","9 de julho de 2026 às 08:10:00 UTC-3","10 de julho de 2026 às 09:10:00 UTC-3","thomas massie","./explore?q=thomas%20massie&geo=US"
"rolling stone","5 mil+","9 de julho de 2026 às 01:50:00 UTC-3","10 de julho de 2026 às 04:10:00 UTC-3","rolling stone","./explore?q=rolling%20stone&geo=US"
"noticias do mundo","500+","13 de julho de 2026 às 01:20:00 UTC-3","13 de julho de 2026 às 12:50:00 UTC-3","noticias do mundo","./explore?q=noticias%20do%20mundo&geo=US"
"kelly ripa","1 mil+","13 de julho de 2026 às 08:20:00 UTC-3","13 de julho de 2026 às 11:40:00 UTC-3","kelly ripa","./explore?q=kelly%20ripa&geo=US"
"maps","5 mil+","12 de julho de 2026 às 06:20:00 UTC-3","12 de julho de 2026 às 08:30:00 UTC-3","maps","./explore?q=maps&geo=US"
"sander berge","5 mil+","11 de julho de 2026 às 17:30:00 UTC-3","11 de julho de 2026 às 21:50:00 UTC-3","sander berge,fredrik aursnes","./explore?q=sander%20berge&geo=US"
"katy perry","5 mil+","10 de julho de 2026 às 12:00:00 UTC-3","11 de julho de 2026 às 10:40:00 UTC-3","katy perry,justin trudeau","./explore?q=katy%20perry&geo=US"
"intc","500+","13 de julho de 2026 às 11:20:00 UTC-3","13 de julho de 2026 às 14:30:00 UTC-3","intc","./explore?q=intc&geo=US"
"anson williams","2 mil+","11 de julho de 2026 às 18:50:00 UTC-3","12 de julho de 2026 às 11:40:00 UTC-3","anson williams","./explore?q=anson%20williams&geo=US"
"zazie beetz","2 mil+","12 de julho de 2026 às 01:10:00 UTC-3","12 de julho de 2026 às 11:40:00 UTC-3","zazie beetz","./explore?q=zazie%20beetz&geo=US"
"wimbledon today","5 mil+","12 de julho de 2026 às 10:50:00 UTC-3","12 de julho de 2026 às 17:00:00 UTC-3","wimbledon today,anna wintour,jodie foster","./explore?q=wimbledon%20today&geo=US"
"mortgage rates today","20 mil+","9 de julho de 2026 às 05:50:00 UTC-3","9 de julho de 2026 às 08:50:00 UTC-3","mortgage rates today,current mortgage rates,mortgage rates,refinance rates,mortgage interest rates,mortgage refinance rates","./explore?q=mortgage%20rates%20today&geo=US"
"vahn lackey","5 mil+","11 de julho de 2026 às 14:40:00 UTC-3","11 de julho de 2026 às 19:20:00 UTC-3","vahn lackey,twins,minnesota twins,twins game today,pick 3","./explore?q=vahn%20lackey&geo=US"
"kansas city, kansas police department","2 mil+","12 de julho de 2026 às 14:00:00 UTC-3","12 de julho de 2026 às 20:40:00 UTC-3","kansas city, kansas police department,amber alert","./explore?q=kansas%20city%2C%20kansas%20police%20department&geo=US"
"are there any world cup games today","100 mil+","8 de julho de 2026 às 08:50:00 UTC-3","8 de julho de 2026 às 19:10:00 UTC-3","are there any world cup games today,world cup schedule,fifa games,fifa game today,next world cup game,who is playing in the world cup today,fifa schedule,fifa games schedule,world cup games schedule,world.cup schedule,world cup schedule today,is there a world cup game today,world cup game schedule,who plays in the world cup today,wrld cup,fifa game schedule,world cup.schedule,when is the next world cup game,world cup games tomorrow,soccer today,fifa 2026 schedule,fifa world cup schedule,world cup tonight,soccer games today,next fifa game,world cup game tonight,fifa games tomorrow,wolrd cup,what world cup games are on today,games today world cup","./explore?q=are%20there%20any%20world%20cup%20games%20today&geo=US"
"moon","2 mil+","11 de julho de 2026 às 04:50:00 UTC-3","11 de julho de 2026 às 14:50:00 UTC-3","moon","./explore?q=moon&geo=US"
"jj wetherholt","5 mil+","10 de julho de 2026 às 16:00:00 UTC-3","10 de julho de 2026 às 23:00:00 UTC-3","jj wetherholt","./explore?q=jj%20wetherholt&geo=US"
"when is the love island reunion","2 mil+","12 de julho de 2026 às 22:50:00 UTC-3","13 de julho de 2026 às 02:40:00 UTC-3","when is the love island reunion,love island reunion,love island reunion season 8","./explore?q=when%20is%20the%20love%20island%20reunion&geo=US"
"what is streamer university","10 mil+","7 de julho de 2026 às 02:00:00 UTC-3","8 de julho de 2026 às 05:40:00 UTC-3","what is streamer university,kai cenat streamer university","./explore?q=what%20is%20streamer%20university&geo=US"
"dermot murnaghan","2 mil+","11 de julho de 2026 às 09:00:00 UTC-3","11 de julho de 2026 às 17:30:00 UTC-3","dermot murnaghan,prostate cancer","./explore?q=dermot%20murnaghan&geo=US"
"patrick mcenroe","2 mil+","12 de julho de 2026 às 12:00:00 UTC-3","12 de julho de 2026 às 17:20:00 UTC-3","patrick mcenroe","./explore?q=patrick%20mcenroe&geo=US"
"john stamos bob saget relationship","5 mil+","8 de julho de 2026 às 17:40:00 UTC-3","9 de julho de 2026 às 09:40:00 UTC-3","john stamos bob saget relationship","./explore?q=john%20stamos%20bob%20saget%20relationship&geo=US"
"china south china sea","2 mil+","12 de julho de 2026 às 19:30:00 UTC-3","13 de julho de 2026 às 01:30:00 UTC-3","china south china sea","./explore?q=china%20south%20china%20sea&geo=US"
"raspberries","500+","13 de julho de 2026 às 01:50:00 UTC-3","13 de julho de 2026 às 13:20:00 UTC-3","raspberries","./explore?q=raspberries&geo=US"
"cboe volatility index","500+","13 de julho de 2026 às 18:40:00 UTC-3","13 de julho de 2026 às 19:40:00 UTC-3","cboe volatility index","./explore?q=cboe%20volatility%20index&geo=US"
"levante - leganés","5 mil+","11 de julho de 2026 às 13:50:00 UTC-3","11 de julho de 2026 às 18:00:00 UTC-3","levante - leganés,levante vs leganes","./explore?q=levante%20-%20legan%C3%A9s&geo=US"
"mobland","5 mil+","11 de julho de 2026 às 21:50:00 UTC-3","12 de julho de 2026 às 02:20:00 UTC-3","mobland,helen mirren","./explore?q=mobland&geo=US"
"mariners vs marlins","20 mil+","9 de julho de 2026 às 19:20:00 UTC-3","9 de julho de 2026 às 23:30:00 UTC-3","mariners vs marlins,bryce miller,griffin conine,seattle mariners","./explore?q=mariners%20vs%20marlins&geo=US"
"world cup final tickets","5 mil+","11 de julho de 2026 às 18:40:00 UTC-3","12 de julho de 2026 às 02:20:00 UTC-3","world cup final tickets,world cup final,world cup finals,pitch","./explore?q=world%20cup%20final%20tickets&geo=US"
"james wood","5 mil+","12 de julho de 2026 às 14:40:00 UTC-3","12 de julho de 2026 às 17:30:00 UTC-3","james wood","./explore?q=james%20wood&geo=US"
"what to watch tonight","500+","13 de julho de 2026 às 00:40:00 UTC-3","13 de julho de 2026 às 09:30:00 UTC-3","what to watch tonight","./explore?q=what%20to%20watch%20tonight&geo=US"
"is caitlin clark playing tonight","2 mil+","12 de julho de 2026 às 21:10:00 UTC-3","12 de julho de 2026 às 23:00:00 UTC-3","is caitlin clark playing tonight,sue bird","./explore?q=is%20caitlin%20clark%20playing%20tonight&geo=US"
"alexandra daddario","2 mil+","11 de julho de 2026 às 23:20:00 UTC-3","12 de julho de 2026 às 19:40:00 UTC-3","alexandra daddario","./explore?q=alexandra%20daddario&geo=US"
"fox one","10 mil+","11 de julho de 2026 às 18:00:00 UTC-3","11 de julho de 2026 às 19:20:00 UTC-3","fox one","./explore?q=fox%20one&geo=US"
"stranger things season 5","500+","13 de julho de 2026 às 00:10:00 UTC-3","13 de julho de 2026 às 09:20:00 UTC-3","stranger things season 5","./explore?q=stranger%20things%20season%205&geo=US"
"playstation store","5 mil+","9 de julho de 2026 às 14:20:00 UTC-3","10 de julho de 2026 às 02:30:00 UTC-3","playstation store","./explore?q=playstation%20store&geo=US"
"lisandro martínez","5 mil+","11 de julho de 2026 às 22:40:00 UTC-3","12 de julho de 2026 às 01:30:00 UTC-3","lisandro martínez","./explore?q=lisandro%20mart%C3%ADnez&geo=US"
"brittany allen emmy campaign","5 mil+","9 de julho de 2026 às 18:40:00 UTC-3","10 de julho de 2026 às 14:20:00 UTC-3","brittany allen emmy campaign,brittany allen","./explore?q=brittany%20allen%20emmy%20campaign&geo=US"
"tadej pogačar gc agreement","2 mil+","12 de julho de 2026 às 07:00:00 UTC-3","12 de julho de 2026 às 13:40:00 UTC-3","tadej pogačar gc agreement","./explore?q=tadej%20poga%C4%8Dar%20gc%20agreement&geo=US"
"spacex ipo employee wealth impact","5 mil+","9 de julho de 2026 às 15:50:00 UTC-3","10 de julho de 2026 às 20:50:00 UTC-3","spacex ipo employee wealth impact","./explore?q=spacex%20ipo%20employee%20wealth%20impact&geo=US"
"bayer roundup trade petition","5 mil+","9 de julho de 2026 às 20:00:00 UTC-3","10 de julho de 2026 às 13:30:00 UTC-3","bayer roundup trade petition","./explore?q=bayer%20roundup%20trade%20petition&geo=US"
"peinado","5 mil+","10 de julho de 2026 às 12:50:00 UTC-3","11 de julho de 2026 às 00:50:00 UTC-3","peinado","./explore?q=peinado&geo=US"
"lamine yamal age","10 mil+","10 de julho de 2026 às 16:10:00 UTC-3","10 de julho de 2026 às 19:10:00 UTC-3","lamine yamal age,how old is lamine yamal,yamal age,how old is yamal,where is lamine yamal from","./explore?q=lamine%20yamal%20age&geo=US"
"wemby","10 mil+","10 de julho de 2026 às 16:00:00 UTC-3","11 de julho de 2026 às 01:50:00 UTC-3","wemby,victor wembanyama,wemby contract,wembanyama,victor wembanyama spurs contract extension","./explore?q=wemby&geo=US"
"iu","5 mil+","10 de julho de 2026 às 01:50:00 UTC-3","11 de julho de 2026 às 07:00:00 UTC-3","iu,iu and lee jong suk,la la land","./explore?q=iu&geo=US"
"when was the last time conor mcgregor fought","5 mil+","11 de julho de 2026 às 21:50:00 UTC-3","12 de julho de 2026 às 02:00:00 UTC-3","when was the last time conor mcgregor fought,when was the last time mcgregor fought,last time mcgregor fought,last time conor mcgregor fought,when is the last time conor mcgregor fought,connors last fight","./explore?q=when%20was%20the%20last%20time%20conor%20mcgregor%20fought&geo=US"
"how much is conor mcgregor getting paid for ufc 329","5 mil+","11 de julho de 2026 às 22:00:00 UTC-3","12 de julho de 2026 às 01:50:00 UTC-3","how much is conor mcgregor getting paid for ufc 329,where is ufc tonight,how much money did conor mcgregor make tonight","./explore?q=how%20much%20is%20conor%20mcgregor%20getting%20paid%20for%20ufc%20329&geo=US"
"knicks center replacement signing","5 mil+","8 de julho de 2026 às 06:40:00 UTC-3","9 de julho de 2026 às 16:30:00 UTC-3","knicks center replacement signing","./explore?q=knicks%20center%20replacement%20signing&geo=US"
"las vegas weather","1 mil+","13 de julho de 2026 às 10:40:00 UTC-3","13 de julho de 2026 às 13:10:00 UTC-3","las vegas weather","./explore?q=las%20vegas%20weather&geo=US"
"kevin de bruyne","10 mil+","10 de julho de 2026 às 16:40:00 UTC-3","10 de julho de 2026 às 18:50:00 UTC-3","kevin de bruyne,courtois de bruyne,kdb","./explore?q=kevin%20de%20bruyne&geo=US"
"djibril sow","2 mil+","11 de julho de 2026 às 21:20:00 UTC-3","12 de julho de 2026 às 01:10:00 UTC-3","djibril sow","./explore?q=djibril%20sow&geo=US"
"washington nationals","10 mil+","10 de julho de 2026 às 19:50:00 UTC-3","11 de julho de 2026 às 01:50:00 UTC-3","washington nationals,nationals,yankees game,curtis mead","./explore?q=washington%20nationals&geo=US"
"zim vs ban","10 mil+","11 de julho de 2026 às 04:00:00 UTC-3","11 de julho de 2026 às 11:30:00 UTC-3","zim vs ban,zimbabwe vs bangladesh,cricket","./explore?q=zim%20vs%20ban&geo=US"
"princess charlotte 90s style","5 mil+","8 de julho de 2026 às 13:50:00 UTC-3","9 de julho de 2026 às 14:30:00 UTC-3","princess charlotte 90s style","./explore?q=princess%20charlotte%2090s%20style&geo=US"
"ina garten","500+","13 de julho de 2026 às 10:50:00 UTC-3","13 de julho de 2026 às 13:30:00 UTC-3","ina garten","./explore?q=ina%20garten&geo=US"
"zach thornton","2 mil+","12 de julho de 2026 às 15:00:00 UTC-3","12 de julho de 2026 às 17:50:00 UTC-3","zach thornton","./explore?q=zach%20thornton&geo=US"
"zohran mamdani","10 mil+","9 de julho de 2026 às 16:10:00 UTC-3","10 de julho de 2026 às 00:40:00 UTC-3","zohran mamdani","./explore?q=zohran%20mamdani&geo=US"
"trump at nato","10 mil+","8 de julho de 2026 às 18:20:00 UTC-3","9 de julho de 2026 às 09:40:00 UTC-3","trump at nato,nato summit donald trump remarks,otan,nato summit,news","./explore?q=trump%20at%20nato&geo=US"
"best movies this year","500+","13 de julho de 2026 às 00:50:00 UTC-3","13 de julho de 2026 às 17:00:00 UTC-3","best movies this year","./explore?q=best%20movies%20this%20year&geo=US"
"philadelphia 76ers","2 mil+","11 de julho de 2026 às 05:40:00 UTC-3","11 de julho de 2026 às 12:00:00 UTC-3","philadelphia 76ers","./explore?q=philadelphia%2076ers&geo=US"
"illinois lottery","500+","13 de julho de 2026 às 15:40:00 UTC-3","14 de julho de 2026 às 00:50:00 UTC-3","illinois lottery","./explore?q=illinois%20lottery&geo=US"
"universitario - millonarios","5 mil+","11 de julho de 2026 às 17:10:00 UTC-3","11 de julho de 2026 às 21:10:00 UTC-3","universitario - millonarios,universitario vs millonarios","./explore?q=universitario%20-%20millonarios&geo=US"
"bleood","2 mil+","11 de julho de 2026 às 17:20:00 UTC-3","12 de julho de 2026 às 06:30:00 UTC-3","bleood","./explore?q=bleood&geo=US"
"taurean prince","20 mil+","7 de julho de 2026 às 20:40:00 UTC-3","8 de julho de 2026 às 09:30:00 UTC-3","taurean prince,gary harris,caris levert,pistons,pistons trade","./explore?q=taurean%20prince&geo=US"
"premier league","5 mil+","11 de julho de 2026 às 18:40:00 UTC-3","11 de julho de 2026 às 23:40:00 UTC-3","premier league","./explore?q=premier%20league&geo=US"
"tv app","2 mil+","11 de julho de 2026 às 18:10:00 UTC-3","12 de julho de 2026 às 01:40:00 UTC-3","tv app","./explore?q=tv%20app&geo=US"
"que hacer este fin de semana","500+","13 de julho de 2026 às 01:30:00 UTC-3","13 de julho de 2026 às 09:40:00 UTC-3","que hacer este fin de semana","./explore?q=que%20hacer%20este%20fin%20de%20semana&geo=US"
"port of shuaiba","1 mil+","12 de julho de 2026 às 20:40:00 UTC-3","13 de julho de 2026 às 11:20:00 UTC-3","port of shuaiba","./explore?q=port%20of%20shuaiba&geo=US"
"belmont cameli","5 mil+","8 de julho de 2026 às 23:40:00 UTC-3","10 de julho de 2026 às 03:10:00 UTC-3","belmont cameli","./explore?q=belmont%20cameli&geo=US"
"trevor condon","5 mil+","11 de julho de 2026 às 15:40:00 UTC-3","11 de julho de 2026 às 19:50:00 UTC-3","trevor condon,trevor condon baseball,randy flores","./explore?q=trevor%20condon&geo=US"
"sofi stadium","10 mil+","10 de julho de 2026 às 15:50:00 UTC-3","10 de julho de 2026 às 19:10:00 UTC-3","sofi stadium,los angeles stadium","./explore?q=sofi%20stadium&geo=US"
"kansas","5 mil+","11 de julho de 2026 às 21:40:00 UTC-3","12 de julho de 2026 às 01:30:00 UTC-3","kansas,kansas city chiefs","./explore?q=kansas&geo=US"
"emerson hancock","2 mil+","12 de julho de 2026 às 15:20:00 UTC-3","12 de julho de 2026 às 18:10:00 UTC-3","emerson hancock","./explore?q=emerson%20hancock&geo=US"
"matt damon","5 mil+","12 de julho de 2026 às 09:30:00 UTC-3","12 de julho de 2026 às 11:20:00 UTC-3","matt damon,matt damon movies","./explore?q=matt%20damon&geo=US"
"mets game today","10 mil+","10 de julho de 2026 às 19:50:00 UTC-3","11 de julho de 2026 às 00:50:00 UTC-3","mets game today,mets game,red sox game today,mets score,wilyer abreu,red sox - mets,red sox game","./explore?q=mets%20game%20today&geo=US"
"aapl","1 mil+","13 de julho de 2026 às 11:00:00 UTC-3","13 de julho de 2026 às 12:40:00 UTC-3","aapl","./explore?q=aapl&geo=US"
"polymarket","5 mil+","11 de julho de 2026 às 22:50:00 UTC-3","12 de julho de 2026 às 01:30:00 UTC-3","polymarket","./explore?q=polymarket&geo=US"
"robin byrd","5 mil+","11 de julho de 2026 às 07:30:00 UTC-3","11 de julho de 2026 às 12:40:00 UTC-3","robin byrd,robyn byrd","./explore?q=robin%20byrd&geo=US"
"jesper de jong","500+","13 de julho de 2026 às 10:40:00 UTC-3","13 de julho de 2026 às 14:10:00 UTC-3","jesper de jong","./explore?q=jesper%20de%20jong&geo=US"
"olivia dean","2 mil+","11 de julho de 2026 às 02:40:00 UTC-3","12 de julho de 2026 às 05:50:00 UTC-3","olivia dean","./explore?q=olivia%20dean&geo=US"
"世界杯","5 mil+","11 de julho de 2026 às 18:30:00 UTC-3","12 de julho de 2026 às 01:40:00 UTC-3","世界杯","./explore?q=%E4%B8%96%E7%95%8C%E6%9D%AF&geo=US"
"keaton wagler","2 mil+","9 de julho de 2026 às 23:40:00 UTC-3","10 de julho de 2026 às 12:10:00 UTC-3","keaton wagler","./explore?q=keaton%20wagler&geo=US"
"danna paola","2 mil+","12 de julho de 2026 às 18:30:00 UTC-3","13 de julho de 2026 às 01:30:00 UTC-3","danna paola","./explore?q=danna%20paola&geo=US"
"monica bellucci","500+","13 de julho de 2026 às 08:10:00 UTC-3","13 de julho de 2026 às 11:50:00 UTC-3","monica bellucci","./explore?q=monica%20bellucci&geo=US"
"big boy train pittsburgh","2 mil+","11 de julho de 2026 às 09:20:00 UTC-3","11 de julho de 2026 às 20:20:00 UTC-3","big boy train pittsburgh","./explore?q=big%20boy%20train%20pittsburgh&geo=US"
"vikings","5 mil+","11 de julho de 2026 às 18:00:00 UTC-3","11 de julho de 2026 às 21:30:00 UTC-3","vikings,o","./explore?q=vikings&geo=US"
"buenos aires","2 mil+","11 de julho de 2026 às 22:10:00 UTC-3","12 de julho de 2026 às 02:00:00 UTC-3","buenos aires","./explore?q=buenos%20aires&geo=US"
"fabián ruiz","5 mil+","10 de julho de 2026 às 15:30:00 UTC-3","10 de julho de 2026 às 19:20:00 UTC-3","fabián ruiz","./explore?q=fabi%C3%A1n%20ruiz&geo=US"
"braves game","10 mil+","10 de julho de 2026 às 21:40:00 UTC-3","11 de julho de 2026 às 01:30:00 UTC-3","braves game,cardinals game today,cardinals game,cardinals,danny young,braves cardinals,atlanta braves,st louis cardinals atlanta braves,where to watch atlanta braves vs st. louis cardinals,jimmy crooks","./explore?q=braves%20game&geo=US"
"raphael collignon","500+","13 de julho de 2026 às 10:50:00 UTC-3","13 de julho de 2026 às 13:00:00 UTC-3","raphael collignon","./explore?q=raphael%20collignon&geo=US"
"coco gauff","20 mil+","7 de julho de 2026 às 09:50:00 UTC-3","7 de julho de 2026 às 13:10:00 UTC-3","coco gauff,jessica pegula,pegula,gauff vs pegula","./explore?q=coco%20gauff&geo=US"
"john mcenroe","2 mil+","12 de julho de 2026 às 11:10:00 UTC-3","12 de julho de 2026 às 17:20:00 UTC-3","john mcenroe","./explore?q=john%20mcenroe&geo=US"
"mbappe age","20 mil+","9 de julho de 2026 às 18:00:00 UTC-3","9 de julho de 2026 às 20:10:00 UTC-3","mbappe age,how old is mbappe,mbappe girlfriend,mbappe wife","./explore?q=mbappe%20age&geo=US"
"qinwen zheng","500+","13 de julho de 2026 às 12:30:00 UTC-3","13 de julho de 2026 às 14:10:00 UTC-3","qinwen zheng","./explore?q=qinwen%20zheng&geo=US"
"columbia","20 mil+","7 de julho de 2026 às 17:20:00 UTC-3","7 de julho de 2026 às 21:40:00 UTC-3","columbia","./explore?q=columbia&geo=US"
"bts swim hybe copyright lawsuit","5 mil+","9 de julho de 2026 às 16:50:00 UTC-3","10 de julho de 2026 às 09:10:00 UTC-3","bts swim hybe copyright lawsuit","./explore?q=bts%20swim%20hybe%20copyright%20lawsuit&geo=US"
"di maria","2 mil+","11 de julho de 2026 às 22:10:00 UTC-3","12 de julho de 2026 às 01:40:00 UTC-3","di maria","./explore?q=di%20maria&geo=US"
"actualités aujourd'hui","1 mil+","13 de julho de 2026 às 01:50:00 UTC-3","13 de julho de 2026 às 19:20:00 UTC-3","actualités aujourd'hui","./explore?q=actualit%C3%A9s%20aujourd%27hui&geo=US"
"thiago almada","5 mil+","12 de julho de 2026 às 00:00:00 UTC-3","12 de julho de 2026 às 01:30:00 UTC-3","thiago almada","./explore?q=thiago%20almada&geo=US"
"lionel messi wife","5 mil+","11 de julho de 2026 às 21:50:00 UTC-3","12 de julho de 2026 às 01:40:00 UTC-3","lionel messi wife,messi wife,is messi married","./explore?q=lionel%20messi%20wife&geo=US"
"lluvia","2 mil+","11 de julho de 2026 às 07:50:00 UTC-3","11 de julho de 2026 às 18:20:00 UTC-3","lluvia","./explore?q=lluvia&geo=US"
"hannah waddingham","5 mil+","10 de julho de 2026 às 01:00:00 UTC-3","10 de julho de 2026 às 15:50:00 UTC-3","hannah waddingham","./explore?q=hannah%20waddingham&geo=US"
"ahmadinejad","1 mil+","13 de julho de 2026 às 09:50:00 UTC-3","13 de julho de 2026 às 12:20:00 UTC-3","ahmadinejad,mahmoud ahmadinejad,mahmoud ahmadinejad and israel","./explore?q=ahmadinejad&geo=US"
"justin lebron","2 mil+","11 de julho de 2026 às 15:40:00 UTC-3","11 de julho de 2026 às 21:10:00 UTC-3","justin lebron","./explore?q=justin%20lebron&geo=US"
"pedri","5 mil+","10 de julho de 2026 às 15:20:00 UTC-3","10 de julho de 2026 às 19:00:00 UTC-3","pedri,gavi","./explore?q=pedri&geo=US"
"thierry henry","5 mil+","11 de julho de 2026 às 19:00:00 UTC-3","11 de julho de 2026 às 22:10:00 UTC-3","thierry henry","./explore?q=thierry%20henry&geo=US"
"dram stock","1 mil+","13 de julho de 2026 às 11:20:00 UTC-3","13 de julho de 2026 às 12:30:00 UTC-3","dram stock","./explore?q=dram%20stock&geo=US"
"luis suarez","10 mil+","11 de julho de 2026 às 19:50:00 UTC-3","11 de julho de 2026 às 21:00:00 UTC-3","luis suarez,suarez,luis suárez","./explore?q=luis%20suarez&geo=US"
"rklb stock","2 mil+","13 de julho de 2026 às 11:20:00 UTC-3","13 de julho de 2026 às 12:40:00 UTC-3","rklb stock,rocket lab","./explore?q=rklb%20stock&geo=US"
"fox news","50 mil+","8 de julho de 2026 às 10:40:00 UTC-3","8 de julho de 2026 às 17:10:00 UTC-3","fox news","./explore?q=fox%20news&geo=US"
"notizie del mondo","500+","13 de julho de 2026 às 00:30:00 UTC-3","13 de julho de 2026 às 09:30:00 UTC-3","notizie del mondo","./explore?q=notizie%20del%20mondo&geo=US"
"noticias del mundo","500+","13 de julho de 2026 às 01:00:00 UTC-3","13 de julho de 2026 às 13:20:00 UTC-3","noticias del mundo","./explore?q=noticias%20del%20mundo&geo=US"
"mark aaron gatz sentencing","10 mil+","7 de julho de 2026 às 07:50:00 UTC-3","7 de julho de 2026 às 19:40:00 UTC-3","mark aaron gatz sentencing","./explore?q=mark%20aaron%20gatz%20sentencing&geo=US"
"prince of norway","5 mil+","11 de julho de 2026 às 18:10:00 UTC-3","11 de julho de 2026 às 21:40:00 UTC-3","prince of norway,crown prince of norway,norwegian royal family,norway royal family,crown prince haakon,prince haakon,norway prince","./explore?q=prince%20of%20norway&geo=US"
"kylie jenner pink hair","10 mil+","8 de julho de 2026 às 18:50:00 UTC-3","9 de julho de 2026 às 09:40:00 UTC-3","kylie jenner pink hair,king kylie collection dunkin,dunkin king kylie","./explore?q=kylie%20jenner%20pink%20hair&geo=US"
"miami stadium","5 mil+","11 de julho de 2026 às 17:50:00 UTC-3","11 de julho de 2026 às 21:10:00 UTC-3","miami stadium,miami stadium world cup","./explore?q=miami%20stadium&geo=US"
"alex pereira","2 mil+","11 de julho de 2026 às 22:00:00 UTC-3","12 de julho de 2026 às 02:00:00 UTC-3","alex pereira,mma fighting","./explore?q=alex%20pereira&geo=US"
"summer league schedule","5 mil+","9 de julho de 2026 às 16:20:00 UTC-3","10 de julho de 2026 às 02:10:00 UTC-3","summer league schedule,nba summer league scores,robbie avila","./explore?q=summer%20league%20schedule&geo=US"
"georgia lottery","2 mil+","12 de julho de 2026 às 07:40:00 UTC-3","12 de julho de 2026 às 15:00:00 UTC-3","georgia lottery,ga lottery","./explore?q=georgia%20lottery&geo=US"
"kevin mcgonigle","5 mil+","10 de julho de 2026 às 20:00:00 UTC-3","11 de julho de 2026 às 20:10:00 UTC-3","kevin mcgonigle","./explore?q=kevin%20mcgonigle&geo=US"
"palm beach airport","10 mil+","9 de julho de 2026 às 15:40:00 UTC-3","10 de julho de 2026 às 11:50:00 UTC-3","palm beach airport,pbi airport,trump airport,donald j trump international airport,palm beach international airport,djt airport","./explore?q=palm%20beach%20airport&geo=US"
"taylor swift new album","500+","13 de julho de 2026 às 02:00:00 UTC-3","13 de julho de 2026 às 09:50:00 UTC-3","taylor swift new album","./explore?q=taylor%20swift%20new%20album&geo=US"
"world cup 2022","2 mil+","11 de julho de 2026 às 20:50:00 UTC-3","12 de julho de 2026 às 02:10:00 UTC-3","world cup 2022,most goals scored in a world cup","./explore?q=world%20cup%202022&geo=US"
"megan moroney perfume","10 mil+","9 de julho de 2026 às 11:50:00 UTC-3","10 de julho de 2026 às 01:30:00 UTC-3","megan moroney perfume,fragrance by megan moroney","./explore?q=megan%20moroney%20perfume&geo=US"
"today","10 mil+","8 de julho de 2026 às 06:00:00 UTC-3","8 de julho de 2026 às 19:10:00 UTC-3","today,savannah guthrie","./explore?q=today&geo=US"
"norvège – angleterre","2 mil+","11 de julho de 2026 às 17:20:00 UTC-3","11 de julho de 2026 às 21:40:00 UTC-3","norvège – angleterre,coupe du monde 2026","./explore?q=norv%C3%A8ge%20%E2%80%93%20angleterre&geo=US"
"riley gaines","2 mil+","12 de julho de 2026 às 18:50:00 UTC-3","12 de julho de 2026 às 21:40:00 UTC-3","riley gaines","./explore?q=riley%20gaines&geo=US"
"turtle island beaver safety","2 mil+","10 de julho de 2026 às 08:10:00 UTC-3","11 de julho de 2026 às 09:10:00 UTC-3","turtle island beaver safety","./explore?q=turtle%20island%20beaver%20safety&geo=US"
"shakur stevenson","2 mil+","9 de julho de 2026 às 20:30:00 UTC-3","10 de julho de 2026 às 14:20:00 UTC-3","shakur stevenson","./explore?q=shakur%20stevenson&geo=US"
"ida wobker","5 mil+","7 de julho de 2026 às 23:50:00 UTC-3","8 de julho de 2026 às 14:40:00 UTC-3","ida wobker,ida wobker meltdown","./explore?q=ida%20wobker&geo=US"
"nachrichten heute","500+","13 de julho de 2026 às 00:30:00 UTC-3","13 de julho de 2026 às 09:10:00 UTC-3","nachrichten heute","./explore?q=nachrichten%20heute&geo=US"
"norway roster","2 mil+","11 de julho de 2026 às 18:20:00 UTC-3","11 de julho de 2026 às 21:40:00 UTC-3","norway roster,norway soccer roster","./explore?q=norway%20roster&geo=US"
"miro muheim","5 mil+","11 de julho de 2026 às 23:40:00 UTC-3","12 de julho de 2026 às 01:50:00 UTC-3","miro muheim,muheim","./explore?q=miro%20muheim&geo=US"
"new york","2 mil+","12 de julho de 2026 às 01:20:00 UTC-3","12 de julho de 2026 às 09:40:00 UTC-3","new york,manhattanhenge","./explore?q=new%20york&geo=US"
"fiji","5 mil+","9 de julho de 2026 às 21:50:00 UTC-3","10 de julho de 2026 às 04:00:00 UTC-3","fiji,new zealand","./explore?q=fiji&geo=US"
"jenna bush hager family vacation","5 mil+","8 de julho de 2026 às 17:50:00 UTC-3","9 de julho de 2026 às 09:40:00 UTC-3","jenna bush hager family vacation","./explore?q=jenna%20bush%20hager%20family%20vacation&geo=US"
"su-57 omsk drone strike","5 mil+","9 de julho de 2026 às 11:00:00 UTC-3","9 de julho de 2026 às 22:10:00 UTC-3","su-57 omsk drone strike","./explore?q=su-57%20omsk%20drone%20strike&geo=US"
"dylan cease","10 mil+","8 de julho de 2026 às 17:50:00 UTC-3","9 de julho de 2026 às 00:10:00 UTC-3","dylan cease,toronto blue jays,giants,dylan cease no hitter,blue jays - giants","./explore?q=dylan%20cease&geo=US"
"payton tolle","2 mil+","12 de julho de 2026 às 15:20:00 UTC-3","12 de julho de 2026 às 18:30:00 UTC-3","payton tolle","./explore?q=payton%20tolle&geo=US"
"lockhill post office lobby damage","2 mil+","10 de julho de 2026 às 06:50:00 UTC-3","10 de julho de 2026 às 20:10:00 UTC-3","lockhill post office lobby damage","./explore?q=lockhill%20post%20office%20lobby%20damage&geo=US"
"sony ps plus july 2026","5 mil+","7 de julho de 2026 às 07:50:00 UTC-3","7 de julho de 2026 às 20:30:00 UTC-3","sony ps plus july 2026","./explore?q=sony%20ps%20plus%20july%202026&geo=US"
"brewers","10 mil+","9 de julho de 2026 às 22:00:00 UTC-3","10 de julho de 2026 às 00:40:00 UTC-3","brewers,milwaukee brewers","./explore?q=brewers&geo=US"
"granit xhaka","20 mil+","7 de julho de 2026 às 16:50:00 UTC-3","7 de julho de 2026 às 21:00:00 UTC-3","granit xhaka,xhaka,xhaka switzerland","./explore?q=granit%20xhaka&geo=US"
"sevilla - juventud torremolinos","2 mil+","11 de julho de 2026 às 15:30:00 UTC-3","11 de julho de 2026 às 19:00:00 UTC-3","sevilla - juventud torremolinos","./explore?q=sevilla%20-%20juventud%20torremolinos&geo=US"
"youtube tv","10 mil+","11 de julho de 2026 às 18:10:00 UTC-3","11 de julho de 2026 às 19:10:00 UTC-3","youtube tv,youtubetv","./explore?q=youtube%20tv&geo=US"
"norway jersey","5 mil+","11 de julho de 2026 às 18:10:00 UTC-3","11 de julho de 2026 às 20:30:00 UTC-3","norway jersey,norway jersey 2026,norway soccer jersey","./explore?q=norway%20jersey&geo=US"
"isco championship","5 mil+","11 de julho de 2026 às 17:10:00 UTC-3","11 de julho de 2026 às 20:10:00 UTC-3","isco championship,lucas glover","./explore?q=isco%20championship&geo=US"
"lionel scaloni","2 mil+","11 de julho de 2026 às 22:00:00 UTC-3","12 de julho de 2026 às 03:20:00 UTC-3","lionel scaloni","./explore?q=lionel%20scaloni&geo=US"
"shipping","5 mil+","11 de julho de 2026 às 22:40:00 UTC-3","12 de julho de 2026 às 00:30:00 UTC-3","shipping","./explore?q=shipping&geo=US"
"obsidian entertainment misinformation developer response","2 mil+","11 de julho de 2026 às 16:00:00 UTC-3","12 de julho de 2026 às 08:20:00 UTC-3","obsidian entertainment misinformation developer response","./explore?q=obsidian%20entertainment%20misinformation%20developer%20response&geo=US"
"where is kansas city","2 mil+","11 de julho de 2026 às 21:40:00 UTC-3","12 de julho de 2026 às 01:30:00 UTC-3","where is kansas city,kansas city missouri","./explore?q=where%20is%20kansas%20city&geo=US"
"robert pattinson","1 mil+","13 de julho de 2026 às 10:40:00 UTC-3","13 de julho de 2026 às 12:30:00 UTC-3","robert pattinson","./explore?q=robert%20pattinson&geo=US"
"patrick mahomes","5 mil+","11 de julho de 2026 às 22:40:00 UTC-3","12 de julho de 2026 às 01:50:00 UTC-3","patrick mahomes,mahomes","./explore?q=patrick%20mahomes&geo=US"
"how long is half time world cup","5 mil+","11 de julho de 2026 às 18:50:00 UTC-3","11 de julho de 2026 às 23:50:00 UTC-3","how long is half time world cup,world cup halftime show,how long is halftime in the world cup,how long is world cup halftime","./explore?q=how%20long%20is%20half%20time%20world%20cup&geo=US"
"rangers","10 mil+","9 de julho de 2026 às 21:40:00 UTC-3","10 de julho de 2026 às 01:50:00 UTC-3","rangers,astros - rangers,texas rangers,rangers game","./explore?q=rangers&geo=US"
"liverpool light aircraft flight path","1 mil+","13 de julho de 2026 às 15:40:00 UTC-3","13 de julho de 2026 às 17:40:00 UTC-3","liverpool light aircraft flight path","./explore?q=liverpool%20light%20aircraft%20flight%20path&geo=US"
"morris katz","500+","13 de julho de 2026 às 17:30:00 UTC-3","13 de julho de 2026 às 18:30:00 UTC-3","morris katz","./explore?q=morris%20katz&geo=US"
"letterman","5 mil+","7 de julho de 2026 às 01:50:00 UTC-3","8 de julho de 2026 às 00:40:00 UTC-3","letterman","./explore?q=letterman&geo=US"
"steam frame","2 mil+","10 de julho de 2026 às 18:50:00 UTC-3","11 de julho de 2026 às 09:40:00 UTC-3","steam frame,valve steam frame","./explore?q=steam%20frame&geo=US"
"rays","2 mil+","12 de julho de 2026 às 15:50:00 UTC-3","12 de julho de 2026 às 18:40:00 UTC-3","rays,mariners - rays","./explore?q=rays&geo=US"
"michael chandler","2 mil+","11 de julho de 2026 às 21:10:00 UTC-3","12 de julho de 2026 às 02:30:00 UTC-3","michael chandler","./explore?q=michael%20chandler&geo=US"
"dharmesh patel","5 mil+","7 de julho de 2026 às 23:10:00 UTC-3","8 de julho de 2026 às 13:40:00 UTC-3","dharmesh patel","./explore?q=dharmesh%20patel&geo=US"
"fubo","10 mil+","11 de julho de 2026 às 18:00:00 UTC-3","11 de julho de 2026 às 19:30:00 UTC-3","fubo,fubotv,fubo tv","./explore?q=fubo&geo=US"
"victor wembanyama","10 mil+","7 de julho de 2026 às 13:10:00 UTC-3","7 de julho de 2026 às 21:00:00 UTC-3","victor wembanyama","./explore?q=victor%20wembanyama&geo=US"
"telemundo live","5 mil+","11 de julho de 2026 às 18:20:00 UTC-3","11 de julho de 2026 às 21:00:00 UTC-3","telemundo live,telemundo","./explore?q=telemundo%20live&geo=US"
"breaking news","2 mil+","12 de julho de 2026 às 04:10:00 UTC-3","12 de julho de 2026 às 10:40:00 UTC-3","breaking news","./explore?q=breaking%20news&geo=US"
"derek curiel","2 mil+","11 de julho de 2026 às 15:00:00 UTC-3","11 de julho de 2026 às 18:40:00 UTC-3","derek curiel,pirates schedule","./explore?q=derek%20curiel&geo=US"
"lilli tagger","500+","13 de julho de 2026 às 12:20:00 UTC-3","13 de julho de 2026 às 13:40:00 UTC-3","lilli tagger,sara bejlek","./explore?q=lilli%20tagger&geo=US"
"unai simón","5 mil+","10 de julho de 2026 às 16:00:00 UTC-3","10 de julho de 2026 às 19:00:00 UTC-3","unai simón,unai simon","./explore?q=unai%20sim%C3%B3n&geo=US"
"harriet tubman on $20 bill","5 mil+","8 de julho de 2026 às 00:30:00 UTC-3","8 de julho de 2026 às 15:20:00 UTC-3","harriet tubman on $20 bill,harriet tubman","./explore?q=harriet%20tubman%20on%20%2420%20bill&geo=US"
"china tornadoes","5 mil+","8 de julho de 2026 às 14:10:00 UTC-3","9 de julho de 2026 às 00:50:00 UTC-3","china tornadoes","./explore?q=china%20tornadoes&geo=US"
"jenise fernandez","5 mil+","8 de julho de 2026 às 19:50:00 UTC-3","9 de julho de 2026 às 14:40:00 UTC-3","jenise fernandez","./explore?q=jenise%20fernandez&geo=US"
"what is a monsoon","1 mil+","13 de julho de 2026 às 01:40:00 UTC-3","13 de julho de 2026 às 09:20:00 UTC-3","what is a monsoon,monsoon,south west states thunderstorms","./explore?q=what%20is%20a%20monsoon&geo=US"
"kathy hochul","500+","13 de julho de 2026 às 08:30:00 UTC-3","13 de julho de 2026 às 11:00:00 UTC-3","kathy hochul","./explore?q=kathy%20hochul&geo=US"
"sam elliott","500+","13 de julho de 2026 às 08:20:00 UTC-3","13 de julho de 2026 às 12:10:00 UTC-3","sam elliott","./explore?q=sam%20elliott&geo=US"
"spacex rocket launch","10 mil+","9 de julho de 2026 às 09:10:00 UTC-3","10 de julho de 2026 às 02:40:00 UTC-3","spacex rocket launch,spacex launch today,space x launch,vandenberg launch today,vandenberg launch schedule,falcon 9 starlink vandenberg","./explore?q=spacex%20rocket%20launch&geo=US"
"anthony seigler","2 mil+","10 de julho de 2026 às 22:50:00 UTC-3","11 de julho de 2026 às 10:20:00 UTC-3","anthony seigler","./explore?q=anthony%20seigler&geo=US"
"skylar diggins","5 mil+","12 de julho de 2026 às 20:40:00 UTC-3","12 de julho de 2026 às 22:20:00 UTC-3","skylar diggins,chicago sky","./explore?q=skylar%20diggins&geo=US"
"federal worker retirement tax planning","5 mil+","9 de julho de 2026 às 07:00:00 UTC-3","9 de julho de 2026 às 18:10:00 UTC-3","federal worker retirement tax planning","./explore?q=federal%20worker%20retirement%20tax%20planning&geo=US"
"nico williams","10 mil+","10 de julho de 2026 às 16:40:00 UTC-3","10 de julho de 2026 às 19:00:00 UTC-3","nico williams","./explore?q=nico%20williams&geo=US"
"bet365","2 mil+","11 de julho de 2026 às 21:30:00 UTC-3","12 de julho de 2026 às 01:40:00 UTC-3","bet365,bet 365","./explore?q=bet365&geo=US"
"swiss soccer coach","2 mil+","11 de julho de 2026 às 22:20:00 UTC-3","12 de julho de 2026 às 01:40:00 UTC-3","swiss soccer coach","./explore?q=swiss%20soccer%20coach&geo=US"
"honda 325k vehicle recall","5 mil+","8 de julho de 2026 às 12:40:00 UTC-3","8 de julho de 2026 às 20:50:00 UTC-3","honda 325k vehicle recall","./explore?q=honda%20325k%20vehicle%20recall&geo=US"
"dani olmo","5 mil+","10 de julho de 2026 às 16:10:00 UTC-3","10 de julho de 2026 às 18:50:00 UTC-3","dani olmo","./explore?q=dani%20olmo&geo=US"
"jude bellingham brother","2 mil+","11 de julho de 2026 às 18:20:00 UTC-3","11 de julho de 2026 às 22:00:00 UTC-3","jude bellingham brother","./explore?q=jude%20bellingham%20brother&geo=US"
"dustin hoffman","2 mil+","12 de julho de 2026 às 13:40:00 UTC-3","12 de julho de 2026 às 17:20:00 UTC-3","dustin hoffman","./explore?q=dustin%20hoffman&geo=US"
"linda nosková","10 mil+","8 de julho de 2026 às 08:40:00 UTC-3","8 de julho de 2026 às 15:10:00 UTC-3","linda nosková,kostyuk,jasmine paolini,noskova,linda noskova,paolini","./explore?q=linda%20noskov%C3%A1&geo=US"
"hunter biden","2 mil+","11 de julho de 2026 às 14:50:00 UTC-3","11 de julho de 2026 às 19:10:00 UTC-3","hunter biden","./explore?q=hunter%20biden&geo=US"
"marcell ozuna","1 mil+","12 de julho de 2026 às 14:10:00 UTC-3","12 de julho de 2026 às 17:30:00 UTC-3","marcell ozuna","./explore?q=marcell%20ozuna&geo=US"
"victor marx","5 mil+","9 de julho de 2026 às 20:10:00 UTC-3","10 de julho de 2026 às 09:50:00 UTC-3","victor marx,victor marx gop nomination colorado","./explore?q=victor%20marx&geo=US"
"donald trump jr.","500+","13 de julho de 2026 às 16:10:00 UTC-3","13 de julho de 2026 às 17:20:00 UTC-3","donald trump jr.","./explore?q=donald%20trump%20jr.&geo=US"
"jordan lee tennis","2 mil+","12 de julho de 2026 às 11:10:00 UTC-3","12 de julho de 2026 às 14:50:00 UTC-3","jordan lee tennis,cruz hewitt,lleyton hewitt,jordan lee","./explore?q=jordan%20lee%20tennis&geo=US"
"luke pettitte","2 mil+","12 de julho de 2026 às 15:00:00 UTC-3","12 de julho de 2026 às 18:50:00 UTC-3","luke pettitte,andy pettitte","./explore?q=luke%20pettitte&geo=US"
"unh stock","500+","13 de julho de 2026 às 10:50:00 UTC-3","13 de julho de 2026 às 12:30:00 UTC-3","unh stock","./explore?q=unh%20stock&geo=US"
"eduardo rivera","2 mil+","11 de julho de 2026 às 17:10:00 UTC-3","11 de julho de 2026 às 21:20:00 UTC-3","eduardo rivera","./explore?q=eduardo%20rivera&geo=US"
"new jersey fireboat whale collision","5 mil+","7 de julho de 2026 às 01:50:00 UTC-3","7 de julho de 2026 às 14:20:00 UTC-3","new jersey fireboat whale collision","./explore?q=new%20jersey%20fireboat%20whale%20collision&geo=US"
"ronda rousey","2 mil+","11 de julho de 2026 às 22:40:00 UTC-3","12 de julho de 2026 às 02:40:00 UTC-3","ronda rousey,gina carano","./explore?q=ronda%20rousey&geo=US"
"yassine bounou","20 mil+","9 de julho de 2026 às 17:20:00 UTC-3","9 de julho de 2026 às 19:40:00 UTC-3","yassine bounou,bono,morocco goalkeeper,bono goalkeeper,morocco goalie,yassine bono,bono goalie","./explore?q=yassine%20bounou&geo=US"
"michael lionsgate box office","2 mil+","12 de julho de 2026 às 14:40:00 UTC-3","12 de julho de 2026 às 20:30:00 UTC-3","michael lionsgate box office,michael box office","./explore?q=michael%20lionsgate%20box%20office&geo=US"
"harry kane wife","2 mil+","11 de julho de 2026 às 18:50:00 UTC-3","11 de julho de 2026 às 21:50:00 UTC-3","harry kane wife,kane age","./explore?q=harry%20kane%20wife&geo=US"
"pirates score","1 mil+","12 de julho de 2026 às 14:20:00 UTC-3","12 de julho de 2026 às 17:20:00 UTC-3","pirates score","./explore?q=pirates%20score&geo=US"
"blowing dust advisory","2 mil+","11 de julho de 2026 às 05:30:00 UTC-3","11 de julho de 2026 às 17:40:00 UTC-3","blowing dust advisory,tucson weather","./explore?q=blowing%20dust%20advisory&geo=US"
"u.s. soccer","20 mil+","9 de julho de 2026 às 09:40:00 UTC-3","9 de julho de 2026 às 17:40:00 UTC-3","u.s. soccer,belgium trump dance,who won the soccer game last night,did usa win,did the us win the soccer game today,soccer,did usa win the soccer game today,soccer games,us loss to belgium,john strong,world cu,who won last night soccer game,game today,future,word,fox one world cup","./explore?q=u.s.%20soccer&geo=US"
"matt miller espn leave","2 mil+","10 de julho de 2026 às 21:40:00 UTC-3","11 de julho de 2026 às 12:10:00 UTC-3","matt miller espn leave,matt miller espn,matt miller","./explore?q=matt%20miller%20espn%20leave&geo=US"
"costco stock","500+","13 de julho de 2026 às 11:00:00 UTC-3","13 de julho de 2026 às 12:50:00 UTC-3","costco stock","./explore?q=costco%20stock&geo=US"
"tiempo mañana","1 mil+","12 de julho de 2026 às 23:20:00 UTC-3","13 de julho de 2026 às 01:30:00 UTC-3","tiempo mañana","./explore?q=tiempo%20ma%C3%B1ana&geo=US"
"trump lawyer","2 mil+","12 de julho de 2026 às 16:20:00 UTC-3","12 de julho de 2026 às 18:10:00 UTC-3","trump lawyer","./explore?q=trump%20lawyer&geo=US"
"rodri","5 mil+","10 de julho de 2026 às 15:50:00 UTC-3","10 de julho de 2026 às 19:00:00 UTC-3","rodri","./explore?q=rodri&geo=US"
"club friendlies","2 mil+","11 de julho de 2026 às 23:30:00 UTC-3","12 de julho de 2026 às 03:40:00 UTC-3","club friendlies","./explore?q=club%20friendlies&geo=US"
"bantamweight","2 mil+","11 de julho de 2026 às 21:20:00 UTC-3","12 de julho de 2026 às 00:50:00 UTC-3","bantamweight","./explore?q=bantamweight&geo=US"
"tom hanks","5 mil+","9 de julho de 2026 às 07:30:00 UTC-3","10 de julho de 2026 às 02:20:00 UTC-3","tom hanks","./explore?q=tom%20hanks&geo=US"
"dan burn","5 mil+","11 de julho de 2026 às 20:30:00 UTC-3","11 de julho de 2026 às 21:50:00 UTC-3","dan burn,dan burn england","./explore?q=dan%20burn&geo=US"
"clima de hoy","1 mil+","13 de julho de 2026 às 07:30:00 UTC-3","13 de julho de 2026 às 09:10:00 UTC-3","clima de hoy","./explore?q=clima%20de%20hoy&geo=US"
"white house columns","5 mil+","9 de julho de 2026 às 15:40:00 UTC-3","10 de julho de 2026 às 02:10:00 UTC-3","white house columns,new subdivisions,is","./explore?q=white%20house%20columns&geo=US"
"dictator mbappe","10 mil+","9 de julho de 2026 às 16:30:00 UTC-3","9 de julho de 2026 às 20:50:00 UTC-3","dictator mbappe,mbappe dictator meme,mbappe dictator,mbappe meme","./explore?q=dictator%20mbappe&geo=US"
"météo cette semaine","500+","13 de julho de 2026 às 01:30:00 UTC-3","13 de julho de 2026 às 08:30:00 UTC-3","météo cette semaine","./explore?q=m%C3%A9t%C3%A9o%20cette%20semaine&geo=US"
"geno auriemma","5 mil+","7 de julho de 2026 às 15:10:00 UTC-3","8 de julho de 2026 às 00:20:00 UTC-3","geno auriemma","./explore?q=geno%20auriemma&geo=US"
"josé manuel lópez","2 mil+","12 de julho de 2026 às 00:20:00 UTC-3","12 de julho de 2026 às 02:00:00 UTC-3","josé manuel lópez","./explore?q=jos%C3%A9%20manuel%20l%C3%B3pez&geo=US"
"nvda stock price","500+","13 de julho de 2026 às 11:20:00 UTC-3","13 de julho de 2026 às 12:40:00 UTC-3","nvda stock price","./explore?q=nvda%20stock%20price&geo=US"
"mason thames","2 mil+","10 de julho de 2026 às 01:50:00 UTC-3","11 de julho de 2026 às 06:10:00 UTC-3","mason thames","./explore?q=mason%20thames&geo=US"
"salisbury poisonings","1 mil+","12 de julho de 2026 às 21:20:00 UTC-3","13 de julho de 2026 às 00:00:00 UTC-3","salisbury poisonings","./explore?q=salisbury%20poisonings&geo=US"
"ari shtein","2 mil+","10 de julho de 2026 às 01:30:00 UTC-3","10 de julho de 2026 às 14:30:00 UTC-3","ari shtein","./explore?q=ari%20shtein&geo=US"
"hey jude","2 mil+","11 de julho de 2026 às 18:50:00 UTC-3","12 de julho de 2026 às 02:00:00 UTC-3","hey jude","./explore?q=hey%20jude&geo=US"
"angel di maria","2 mil+","11 de julho de 2026 às 22:10:00 UTC-3","12 de julho de 2026 às 01:40:00 UTC-3","angel di maria,andres escobar,lucumi colombia,campaz colombia","./explore?q=angel%20di%20maria&geo=US"
"washington post","2 mil+","12 de julho de 2026 às 03:30:00 UTC-3","12 de julho de 2026 às 11:10:00 UTC-3","washington post","./explore?q=washington%20post&geo=US"
"mexico replaced their manager after the recent world cup elimination","10 mil+","7 de julho de 2026 às 07:20:00 UTC-3","7 de julho de 2026 às 20:20:00 UTC-3","mexico replaced their manager after the recent world cup elimination,are mexico and england going to rematch","./explore?q=mexico%20replaced%20their%20manager%20after%20the%20recent%20world%20cup%20elimination&geo=US"
"world cup overtime rules","5 mil+","11 de julho de 2026 às 20:00:00 UTC-3","11 de julho de 2026 às 21:20:00 UTC-3","world cup overtime rules,soccer overtime,world cup ot rules","./explore?q=world%20cup%20overtime%20rules&geo=US"
"jaime king","5 mil+","9 de julho de 2026 às 12:50:00 UTC-3","10 de julho de 2026 às 12:20:00 UTC-3","jaime king,blake lively","./explore?q=jaime%20king&geo=US"
"nusa","2 mil+","11 de julho de 2026 às 19:30:00 UTC-3","11 de julho de 2026 às 21:40:00 UTC-3","nusa","./explore?q=nusa&geo=US"
"zoo","2 mil+","11 de julho de 2026 às 10:40:00 UTC-3","11 de julho de 2026 às 16:00:00 UTC-3","zoo","./explore?q=zoo&geo=US"
"xom stock","500+","13 de julho de 2026 às 11:00:00 UTC-3","13 de julho de 2026 às 12:40:00 UTC-3","xom stock","./explore?q=xom%20stock&geo=US"
"magda linette","500+","13 de julho de 2026 às 12:30:00 UTC-3","13 de julho de 2026 às 14:00:00 UTC-3","magda linette","./explore?q=magda%20linette&geo=US"
"svengoolie","2 mil+","11 de julho de 2026 às 19:40:00 UTC-3","12 de julho de 2026 às 00:20:00 UTC-3","svengoolie,svengoolie tonight","./explore?q=svengoolie&geo=US"
"世界杯直播","2 mil+","11 de julho de 2026 às 18:10:00 UTC-3","12 de julho de 2026 às 01:00:00 UTC-3","世界杯直播,世界杯2026,阿根廷 对阵 瑞士","./explore?q=%E4%B8%96%E7%95%8C%E6%9D%AF%E7%9B%B4%E6%92%AD&geo=US"
"anthony davis la mansion sale","2 mil+","9 de julho de 2026 às 20:10:00 UTC-3","10 de julho de 2026 às 10:20:00 UTC-3","anthony davis la mansion sale","./explore?q=anthony%20davis%20la%20mansion%20sale&geo=US"
"covid-19 vaccine card","5 mil+","9 de julho de 2026 às 15:30:00 UTC-3","9 de julho de 2026 às 20:40:00 UTC-3","covid-19 vaccine card","./explore?q=covid-19%20vaccine%20card&geo=US"
"trump lincoln memorial renovation lawsuit","5 mil+","8 de julho de 2026 às 12:30:00 UTC-3","8 de julho de 2026 às 19:40:00 UTC-3","trump lincoln memorial renovation lawsuit,amy goodman","./explore?q=trump%20lincoln%20memorial%20renovation%20lawsuit&geo=US"
"matthew rhys","5 mil+","8 de julho de 2026 às 20:00:00 UTC-3","10 de julho de 2026 às 01:20:00 UTC-3","matthew rhys","./explore?q=matthew%20rhys&geo=US"
"jared leto","2 mil+","9 de julho de 2026 às 15:30:00 UTC-3","10 de julho de 2026 às 07:10:00 UTC-3","jared leto","./explore?q=jared%20leto&geo=US"
"ryan paevey cassius faison exit","5 mil+","7 de julho de 2026 às 07:20:00 UTC-3","7 de julho de 2026 às 14:30:00 UTC-3","ryan paevey cassius faison exit","./explore?q=ryan%20paevey%20cassius%20faison%20exit&geo=US"
"who does england play next","5 mil+","11 de julho de 2026 às 20:40:00 UTC-3","11 de julho de 2026 às 22:50:00 UTC-3","who does england play next,who will england play after norway,who does england play next in the world cup,who is england playing next","./explore?q=who%20does%20england%20play%20next&geo=US"
"javeayah harris","5 mil+","9 de julho de 2026 às 11:40:00 UTC-3","9 de julho de 2026 às 22:10:00 UTC-3","javeayah harris","./explore?q=javeayah%20harris&geo=US"
"landon donovan","5 mil+","11 de julho de 2026 às 22:10:00 UTC-3","11 de julho de 2026 às 23:40:00 UTC-3","landon donovan,pulisic injury,taylor twellman","./explore?q=landon%20donovan&geo=US"
"jimmie johnson","2 mil+","9 de julho de 2026 às 13:50:00 UTC-3","10 de julho de 2026 às 11:00:00 UTC-3","jimmie johnson","./explore?q=jimmie%20johnson&geo=US"
"keira knightley","2 mil+","10 de julho de 2026 às 23:40:00 UTC-3","11 de julho de 2026 às 17:50:00 UTC-3","keira knightley","./explore?q=keira%20knightley&geo=US"
"mike trout","5 mil+","8 de julho de 2026 às 23:30:00 UTC-3","10 de julho de 2026 às 01:10:00 UTC-3","mike trout","./explore?q=mike%20trout&geo=US"
"influencer marketing","200+","13 de julho de 2026 às 03:20:00 UTC-3","13 de julho de 2026 às 08:40:00 UTC-3","influencer marketing","./explore?q=influencer%20marketing&geo=US"
"alianza lima vs deportivo cali","1 mil+","12 de julho de 2026 às 17:20:00 UTC-3","12 de julho de 2026 às 21:00:00 UTC-3","alianza lima vs deportivo cali","./explore?q=alianza%20lima%20vs%20deportivo%20cali&geo=US"
"dibu martinez","2 mil+","11 de julho de 2026 às 22:20:00 UTC-3","12 de julho de 2026 às 01:40:00 UTC-3","dibu martinez,emiliano martínez","./explore?q=dibu%20martinez&geo=US"
"brahim diaz","10 mil+","9 de julho de 2026 às 17:00:00 UTC-3","9 de julho de 2026 às 19:30:00 UTC-3","brahim diaz,brahim díaz","./explore?q=brahim%20diaz&geo=US"
"braves trade rumors shortstop","5 mil+","8 de julho de 2026 às 18:10:00 UTC-3","9 de julho de 2026 às 14:10:00 UTC-3","braves trade rumors shortstop,jim jarvis","./explore?q=braves%20trade%20rumors%20shortstop&geo=US"
"widows bay","10 mil+","8 de julho de 2026 às 22:00:00 UTC-3","9 de julho de 2026 às 23:10:00 UTC-3","widows bay","./explore?q=widows%20bay&geo=US"
"rory mcilroy","5 mil+","11 de julho de 2026 às 09:40:00 UTC-3","11 de julho de 2026 às 17:00:00 UTC-3","rory mcilroy,the open","./explore?q=rory%20mcilroy&geo=US"
"wimbeldon","5 mil+","10 de julho de 2026 às 10:30:00 UTC-3","10 de julho de 2026 às 15:30:00 UTC-3","wimbeldon","./explore?q=wimbeldon&geo=US"
"luca van assche","200+","13 de julho de 2026 às 14:20:00 UTC-3","13 de julho de 2026 às 16:20:00 UTC-3","luca van assche","./explore?q=luca%20van%20assche&geo=US"
"fox sports","10 mil+","11 de julho de 2026 às 18:10:00 UTC-3","11 de julho de 2026 às 19:20:00 UTC-3","fox sports","./explore?q=fox%20sports&geo=US"
"fortnite pro am","1 mil+","12 de julho de 2026 às 17:40:00 UTC-3","12 de julho de 2026 às 21:00:00 UTC-3","fortnite pro am","./explore?q=fortnite%20pro%20am&geo=US"
"latest iphone rumors","1 mil+","13 de julho de 2026 às 02:40:00 UTC-3","13 de julho de 2026 às 09:30:00 UTC-3","latest iphone rumors,apple iphone ultra","./explore?q=latest%20iphone%20rumors&geo=US"
"jeremy doku","5 mil+","10 de julho de 2026 às 16:10:00 UTC-3","10 de julho de 2026 às 18:30:00 UTC-3","jeremy doku,jérémy doku","./explore?q=jeremy%20doku&geo=US"
"giants game","2 mil+","10 de julho de 2026 às 23:40:00 UTC-3","11 de julho de 2026 às 04:30:00 UTC-3","giants game,rockies - giants","./explore?q=giants%20game&geo=US"
"oil prices","20 mil+","8 de julho de 2026 às 07:30:00 UTC-3","8 de julho de 2026 às 11:40:00 UTC-3","oil prices,crude oil prices,crude oil prices today,iran ceasefire,kuwait,crude oil price","./explore?q=oil%20prices&geo=US"
"kaka","2 mil+","11 de julho de 2026 às 19:20:00 UTC-3","11 de julho de 2026 às 23:30:00 UTC-3","kaka","./explore?q=kaka&geo=US"
"alexi lalas","5 mil+","11 de julho de 2026 às 19:00:00 UTC-3","11 de julho de 2026 às 21:30:00 UTC-3","alexi lalas","./explore?q=alexi%20lalas&geo=US"
"obama presidential center","5 mil+","8 de julho de 2026 às 08:00:00 UTC-3","8 de julho de 2026 às 14:10:00 UTC-3","obama presidential center,wnba standings","./explore?q=obama%20presidential%20center&geo=US"
"sofia vergara","2 mil+","10 de julho de 2026 às 01:20:00 UTC-3","11 de julho de 2026 às 01:10:00 UTC-3","sofia vergara,red","./explore?q=sofia%20vergara&geo=US"
"pelea de mcgregor","2 mil+","11 de julho de 2026 às 23:20:00 UTC-3","12 de julho de 2026 às 02:40:00 UTC-3","pelea de mcgregor,pelea de conor mcgregor","./explore?q=pelea%20de%20mcgregor&geo=US"
"2027 jeep wrangler laredo","500+","13 de julho de 2026 às 08:20:00 UTC-3","13 de julho de 2026 às 10:50:00 UTC-3","2027 jeep wrangler laredo","./explore?q=2027%20jeep%20wrangler%20laredo&geo=US"
"mark esper","2 mil+","9 de julho de 2026 às 18:10:00 UTC-3","10 de julho de 2026 às 09:20:00 UTC-3","mark esper","./explore?q=mark%20esper&geo=US"
"zion rose","2 mil+","11 de julho de 2026 às 15:00:00 UTC-3","11 de julho de 2026 às 18:10:00 UTC-3","zion rose,zion rose baseball","./explore?q=zion%20rose&geo=US"
"dhs 2026 election grant rules","5 mil+","9 de julho de 2026 às 21:00:00 UTC-3","10 de julho de 2026 às 09:10:00 UTC-3","dhs 2026 election grant rules,election security","./explore?q=dhs%202026%20election%20grant%20rules&geo=US"
"forex factory","500+","13 de julho de 2026 às 10:40:00 UTC-3","13 de julho de 2026 às 12:20:00 UTC-3","forex factory","./explore?q=forex%20factory&geo=US"
"naomi osaka","20 mil+","7 de julho de 2026 às 12:50:00 UTC-3","7 de julho de 2026 às 15:00:00 UTC-3","naomi osaka,muchova,karolína muchová,osaka tennis,karolina muchova","./explore?q=naomi%20osaka&geo=US"
"aj brown","5 mil+","7 de julho de 2026 às 22:40:00 UTC-3","8 de julho de 2026 às 10:50:00 UTC-3","aj brown","./explore?q=aj%20brown&geo=US"
"golden goal","2 mil+","11 de julho de 2026 às 19:50:00 UTC-3","11 de julho de 2026 às 21:20:00 UTC-3","golden goal","./explore?q=golden%20goal&geo=US"
"wimbledon prize money","2 mil+","12 de julho de 2026 às 16:00:00 UTC-3","12 de julho de 2026 às 17:10:00 UTC-3","wimbledon prize money,wimbledon prize money 2026,jannik sinner net worth,how much does the winner of wimbledon get,wimbledon winner prize money","./explore?q=wimbledon%20prize%20money&geo=US"
"todays weather","500+","13 de julho de 2026 às 07:20:00 UTC-3","13 de julho de 2026 às 09:10:00 UTC-3","todays weather","./explore?q=todays%20weather&geo=US"
"san anselmo connections","5 mil+","7 de julho de 2026 às 07:10:00 UTC-3","8 de julho de 2026 às 00:10:00 UTC-3","san anselmo connections","./explore?q=san%20anselmo%20connections&geo=US"
"météo demain","2 mil+","12 de julho de 2026 às 22:20:00 UTC-3","13 de julho de 2026 às 08:10:00 UTC-3","météo demain,météo cette semaine","./explore?q=m%C3%A9t%C3%A9o%20demain&geo=US"
"kansas city temperature","2 mil+","11 de julho de 2026 às 22:10:00 UTC-3","12 de julho de 2026 às 01:00:00 UTC-3","kansas city temperature,temperature in kansas city,argentina weather","./explore?q=kansas%20city%20temperature&geo=US"
"clement turpin","2 mil+","11 de julho de 2026 às 18:20:00 UTC-3","11 de julho de 2026 às 21:30:00 UTC-3","clement turpin,turpin referee","./explore?q=clement%20turpin&geo=US"
"노르웨이 대 잉글랜드","2 mil+","11 de julho de 2026 às 17:30:00 UTC-3","11 de julho de 2026 às 21:50:00 UTC-3","노르웨이 대 잉글랜드","./explore?q=%EB%85%B8%EB%A5%B4%EC%9B%A8%EC%9D%B4%20%EB%8C%80%20%EC%9E%89%EA%B8%80%EB%9E%9C%EB%93%9C&geo=US"
"drew brees","2 mil+","11 de julho de 2026 às 21:10:00 UTC-3","12 de julho de 2026 às 01:20:00 UTC-3","drew brees","./explore?q=drew%20brees&geo=US"
"southwest emergency flight diversion","5 mil+","8 de julho de 2026 às 19:10:00 UTC-3","8 de julho de 2026 às 23:30:00 UTC-3","southwest emergency flight diversion","./explore?q=southwest%20emergency%20flight%20diversion&geo=US"
"california dmv license test irregularities","5 mil+","8 de julho de 2026 às 10:00:00 UTC-3","8 de julho de 2026 às 20:10:00 UTC-3","california dmv license test irregularities","./explore?q=california%20dmv%20license%20test%20irregularities&geo=US"
"walmart product cost rollbacks","2 mil+","9 de julho de 2026 às 07:40:00 UTC-3","9 de julho de 2026 às 17:40:00 UTC-3","walmart product cost rollbacks,walmart stock,walmart lowering prices","./explore?q=walmart%20product%20cost%20rollbacks&geo=US"
"wnba guard analysis caitlin clark","10 mil+","9 de julho de 2026 às 18:20:00 UTC-3","10 de julho de 2026 às 09:50:00 UTC-3","wnba guard analysis caitlin clark,nneka ogwumike,angel reese,wnba all star game 2026,rhyne howard,kelsey plum,wnba all star reserves 2026,angel","./explore?q=wnba%20guard%20analysis%20caitlin%20clark&geo=US"
"jackson hinkle","5 mil+","7 de julho de 2026 às 07:10:00 UTC-3","8 de julho de 2026 às 09:30:00 UTC-3","jackson hinkle,foxnews","./explore?q=jackson%20hinkle&geo=US"
"strand larsen","5 mil+","11 de julho de 2026 às 20:20:00 UTC-3","11 de julho de 2026 às 21:40:00 UTC-3","strand larsen,viking,norway row chant,liverpool england,norway row,ryerson soccer","./explore?q=strand%20larsen&geo=US"
"nikola kusturica","5 mil+","9 de julho de 2026 às 12:10:00 UTC-3","9 de julho de 2026 às 17:20:00 UTC-3","nikola kusturica","./explore?q=nikola%20kusturica&geo=US"
"derek hill","2 mil+","11 de julho de 2026 às 20:00:00 UTC-3","11 de julho de 2026 às 22:50:00 UTC-3","derek hill","./explore?q=derek%20hill&geo=US"
"tiffany haddish","10 mil+","9 de julho de 2026 às 00:40:00 UTC-3","9 de julho de 2026 às 05:00:00 UTC-3","tiffany haddish,jimmy kimmel","./explore?q=tiffany%20haddish&geo=US"
"ufc 6","2 mil+","11 de julho de 2026 às 22:40:00 UTC-3","12 de julho de 2026 às 02:00:00 UTC-3","ufc 6","./explore?q=ufc%206&geo=US"
"eric booth jr","2 mil+","11 de julho de 2026 às 15:10:00 UTC-3","11 de julho de 2026 às 18:30:00 UTC-3","eric booth jr","./explore?q=eric%20booth%20jr&geo=US"
"washington spirit vs north carolina courage","2 mil+","11 de julho de 2026 às 19:10:00 UTC-3","11 de julho de 2026 às 22:10:00 UTC-3","washington spirit vs north carolina courage","./explore?q=washington%20spirit%20vs%20north%20carolina%20courage&geo=US"
"henry cuellar","500+","13 de julho de 2026 às 17:20:00 UTC-3","13 de julho de 2026 às 18:00:00 UTC-3","henry cuellar","./explore?q=henry%20cuellar&geo=US"
"fraud","5 mil+","9 de julho de 2026 às 12:20:00 UTC-3","10 de julho de 2026 às 09:30:00 UTC-3","fraud,daycare center,daycare,childcare","./explore?q=fraud&geo=US"
"alex rodriguez new relationship hayden","5 mil+","7 de julho de 2026 às 06:50:00 UTC-3","7 de julho de 2026 às 19:00:00 UTC-3","alex rodriguez new relationship hayden,meghan hayden","./explore?q=alex%20rodriguez%20new%20relationship%20hayden&geo=US"
"mel gibson","2 mil+","11 de julho de 2026 às 23:10:00 UTC-3","12 de julho de 2026 às 01:20:00 UTC-3","mel gibson","./explore?q=mel%20gibson&geo=US"
"cape fear cast","2 mil+","10 de julho de 2026 às 21:00:00 UTC-3","11 de julho de 2026 às 03:00:00 UTC-3","cape fear cast","./explore?q=cape%20fear%20cast&geo=US"
"sheinelle jones","2 mil+","10 de julho de 2026 às 18:20:00 UTC-3","10 de julho de 2026 às 22:00:00 UTC-3","sheinelle jones,sheinelle jones twins clara uche","./explore?q=sheinelle%20jones&geo=US"
"manu koné","10 mil+","9 de julho de 2026 às 16:30:00 UTC-3","9 de julho de 2026 às 19:50:00 UTC-3","manu koné,manu kone,manchester united,kone france,kone","./explore?q=manu%20kon%C3%A9&geo=US"
"kate hudson","5 mil+","7 de julho de 2026 às 07:10:00 UTC-3","7 de julho de 2026 às 18:50:00 UTC-3","kate hudson","./explore?q=kate%20hudson&geo=US"
"satoru iwata","2 mil+","8 de julho de 2026 às 19:00:00 UTC-3","9 de julho de 2026 às 21:10:00 UTC-3","satoru iwata","./explore?q=satoru%20iwata&geo=US"
"zac funk","500+","13 de julho de 2026 às 17:40:00 UTC-3","13 de julho de 2026 às 18:10:00 UTC-3","zac funk","./explore?q=zac%20funk&geo=US"
"earthquake chicago","5 mil+","8 de julho de 2026 às 18:30:00 UTC-3","9 de julho de 2026 às 02:00:00 UTC-3","earthquake chicago,chicago earthquake","./explore?q=earthquake%20chicago&geo=US"
"rupert lowe","5 mil+","8 de julho de 2026 às 14:10:00 UTC-3","9 de julho de 2026 às 08:30:00 UTC-3","rupert lowe","./explore?q=rupert%20lowe&geo=US"
"mike tyson","2 mil+","11 de julho de 2026 às 23:50:00 UTC-3","12 de julho de 2026 às 01:50:00 UTC-3","mike tyson","./explore?q=mike%20tyson&geo=US"
"marl","500+","13 de julho de 2026 às 08:50:00 UTC-3","13 de julho de 2026 às 10:40:00 UTC-3","marl","./explore?q=marl&geo=US"
"espagne – belgique","5 mil+","10 de julho de 2026 às 15:10:00 UTC-3","10 de julho de 2026 às 19:10:00 UTC-3","espagne – belgique,espagne belgique,coupe du monde 2026","./explore?q=espagne%20%E2%80%93%20belgique&geo=US"
"angel city fc vs san diego wave","2 mil+","11 de julho de 2026 às 21:10:00 UTC-3","12 de julho de 2026 às 00:10:00 UTC-3","angel city fc vs san diego wave,fc,angel city fc vs san diego wave standings","./explore?q=angel%20city%20fc%20vs%20san%20diego%20wave&geo=US"
"antonio nusa","5 mil+","11 de julho de 2026 às 19:40:00 UTC-3","11 de julho de 2026 às 20:50:00 UTC-3","antonio nusa","./explore?q=antonio%20nusa&geo=US"
"tour de france stage 9","1 mil+","12 de julho de 2026 às 09:10:00 UTC-3","12 de julho de 2026 às 14:10:00 UTC-3","tour de france stage 9","./explore?q=tour%20de%20france%20stage%209&geo=US"
"schd","500+","13 de julho de 2026 às 11:00:00 UTC-3","13 de julho de 2026 às 12:30:00 UTC-3","schd","./explore?q=schd&geo=US"
"john riggins","5 mil+","9 de julho de 2026 às 13:10:00 UTC-3","10 de julho de 2026 às 10:10:00 UTC-3","john riggins,washington commanders","./explore?q=john%20riggins&geo=US"
"apple","10 mil+","9 de julho de 2026 às 04:10:00 UTC-3","9 de julho de 2026 às 14:10:00 UTC-3","apple,broadcom stock,avgo,avgo stock","./explore?q=apple&geo=US"
"kc current vs orlando pride","2 mil+","10 de julho de 2026 às 20:20:00 UTC-3","11 de julho de 2026 às 01:00:00 UTC-3","kc current vs orlando pride,kc current vs orlando pride standings","./explore?q=kc%20current%20vs%20orlando%20pride&geo=US"
"scott pelley","1 mil+","12 de julho de 2026 às 20:20:00 UTC-3","12 de julho de 2026 às 22:00:00 UTC-3","scott pelley","./explore?q=scott%20pelley&geo=US"
"jayz tickets","2 mil+","11 de julho de 2026 às 00:20:00 UTC-3","11 de julho de 2026 às 14:20:00 UTC-3","jayz tickets,jay z tickets","./explore?q=jayz%20tickets&geo=US"
"nba summer league schedule","5 mil+","9 de julho de 2026 às 19:00:00 UTC-3","10 de julho de 2026 às 01:50:00 UTC-3","nba summer league schedule","./explore?q=nba%20summer%20league%20schedule&geo=US"
"bitcoin","5 mil+","9 de julho de 2026 às 03:10:00 UTC-3","9 de julho de 2026 às 08:40:00 UTC-3","bitcoin","./explore?q=bitcoin&geo=US"
"vxus","200+","13 de julho de 2026 às 11:30:00 UTC-3","13 de julho de 2026 às 13:20:00 UTC-3","vxus","./explore?q=vxus&geo=US"
"ferran torres","5 mil+","10 de julho de 2026 às 17:10:00 UTC-3","10 de julho de 2026 às 21:10:00 UTC-3","ferran torres","./explore?q=ferran%20torres&geo=US"
"ausl","2 mil+","11 de julho de 2026 às 15:30:00 UTC-3","11 de julho de 2026 às 18:00:00 UTC-3","ausl","./explore?q=ausl&geo=US"
"boston weather","5 mil+","9 de julho de 2026 às 17:00:00 UTC-3","9 de julho de 2026 às 19:40:00 UTC-3","boston weather,weather boston","./explore?q=boston%20weather&geo=US"
"resort","2 mil+","11 de julho de 2026 às 06:00:00 UTC-3","11 de julho de 2026 às 09:40:00 UTC-3","resort","./explore?q=resort&geo=US"
"kris humphries","500+","13 de julho de 2026 às 08:40:00 UTC-3","13 de julho de 2026 às 10:50:00 UTC-3","kris humphries","./explore?q=kris%20humphries&geo=US"
"tom dundon","2 mil+","10 de julho de 2026 às 06:20:00 UTC-3","10 de julho de 2026 às 13:50:00 UTC-3","tom dundon","./explore?q=tom%20dundon&geo=US"
"nico elvedi","2 mil+","11 de julho de 2026 às 21:50:00 UTC-3","12 de julho de 2026 às 01:20:00 UTC-3","nico elvedi","./explore?q=nico%20elvedi&geo=US"
"jen pawol","500+","13 de julho de 2026 às 01:50:00 UTC-3","13 de julho de 2026 às 11:00:00 UTC-3","jen pawol","./explore?q=jen%20pawol&geo=US"
"france vs spain tickets","2 mil+","11 de julho de 2026 às 18:40:00 UTC-3","12 de julho de 2026 às 02:10:00 UTC-3","france vs spain tickets","./explore?q=france%20vs%20spain%20tickets&geo=US"
"chelsea gray","1 mil+","12 de julho de 2026 às 22:30:00 UTC-3","13 de julho de 2026 às 00:40:00 UTC-3","chelsea gray","./explore?q=chelsea%20gray&geo=US"
"james fishback","500+","13 de julho de 2026 às 14:10:00 UTC-3","13 de julho de 2026 às 15:10:00 UTC-3","james fishback","./explore?q=james%20fishback&geo=US"
"flood watch","10 mil+","9 de julho de 2026 às 07:00:00 UTC-3","9 de julho de 2026 às 09:00:00 UTC-3","flood watch","./explore?q=flood%20watch&geo=US"
"cristian romero","2 mil+","11 de julho de 2026 às 22:30:00 UTC-3","12 de julho de 2026 às 01:30:00 UTC-3","cristian romero","./explore?q=cristian%20romero&geo=US"
"javier hernandez","2 mil+","11 de julho de 2026 às 23:00:00 UTC-3","12 de julho de 2026 às 01:30:00 UTC-3","javier hernandez","./explore?q=javier%20hernandez&geo=US"
"billie jean king","2 mil+","11 de julho de 2026 às 12:10:00 UTC-3","11 de julho de 2026 às 16:10:00 UTC-3","billie jean king","./explore?q=billie%20jean%20king&geo=US"
"dwyane wade","2 mil+","10 de julho de 2026 às 17:30:00 UTC-3","11 de julho de 2026 às 04:00:00 UTC-3","dwyane wade,gabrielle union","./explore?q=dwyane%20wade&geo=US"
"aaron taylor johnson","5 mil+","7 de julho de 2026 às 17:40:00 UTC-3","8 de julho de 2026 às 09:00:00 UTC-3","aaron taylor johnson","./explore?q=aaron%20taylor%20johnson&geo=US"
"atp rankings","1 mil+","12 de julho de 2026 às 13:50:00 UTC-3","12 de julho de 2026 às 17:20:00 UTC-3","atp rankings,tennis scores today","./explore?q=atp%20rankings&geo=US"
"arman tsarukyan","2 mil+","11 de julho de 2026 às 15:10:00 UTC-3","12 de julho de 2026 às 03:00:00 UTC-3","arman tsarukyan","./explore?q=arman%20tsarukyan&geo=US"
"golden boot race 2026","10 mil+","9 de julho de 2026 às 18:20:00 UTC-3","9 de julho de 2026 às 21:00:00 UTC-3","golden boot race 2026,most world cup goals all time,world cup top scorer 2026,how many goals does mbappe have in the world cup,most world cup goals,all time world cup top scorers,has mbappe won a world cup,all time world cup goal scorers","./explore?q=golden%20boot%20race%202026&geo=US"
"steph curry","2 mil+","12 de julho de 2026 às 18:20:00 UTC-3","12 de julho de 2026 às 19:20:00 UTC-3","steph curry,dell curry","./explore?q=steph%20curry&geo=US"
"avgo stock","200+","13 de julho de 2026 às 11:20:00 UTC-3","13 de julho de 2026 às 12:20:00 UTC-3","avgo stock","./explore?q=avgo%20stock&geo=US"
"iphone siri delayed launch lawsuit","2 mil+","9 de julho de 2026 às 13:40:00 UTC-3","9 de julho de 2026 às 22:20:00 UTC-3","iphone siri delayed launch lawsuit","./explore?q=iphone%20siri%20delayed%20launch%20lawsuit&geo=US"
"erling haaland salary","2 mil+","11 de julho de 2026 às 18:00:00 UTC-3","11 de julho de 2026 às 21:30:00 UTC-3","erling haaland salary,haaland kid,erling haaland net worth,haaland net worth","./explore?q=erling%20haaland%20salary&geo=US"
"brody bumila","2 mil+","11 de julho de 2026 às 16:50:00 UTC-3","11 de julho de 2026 às 21:00:00 UTC-3","brody bumila,brody bumila mlb draft","./explore?q=brody%20bumila&geo=US"
"notizie oggi","200+","12 de julho de 2026 às 23:50:00 UTC-3","13 de julho de 2026 às 08:20:00 UTC-3","notizie oggi","./explore?q=notizie%20oggi&geo=US"
"hayden panettiere","1 mil+","11 de julho de 2026 às 23:40:00 UTC-3","13 de julho de 2026 às 01:50:00 UTC-3","hayden panettiere","./explore?q=hayden%20panettiere&geo=US"
"cbs","2 mil+","9 de julho de 2026 às 20:40:00 UTC-3","11 de julho de 2026 às 09:20:00 UTC-3","cbs","./explore?q=cbs&geo=US"
"ionq stock","200+","13 de julho de 2026 às 11:20:00 UTC-3","13 de julho de 2026 às 12:40:00 UTC-3","ionq stock","./explore?q=ionq%20stock&geo=US"
"keith urban","5 mil+","10 de julho de 2026 às 09:00:00 UTC-3","10 de julho de 2026 às 16:00:00 UTC-3","keith urban,sunday rose kidman 18th birthday","./explore?q=keith%20urban&geo=US"
"trump spain","5 mil+","8 de julho de 2026 às 08:00:00 UTC-3","8 de julho de 2026 às 16:50:00 UTC-3","trump spain,nato greenland dispute","./explore?q=trump%20spain&geo=US"
"maggie haberman","2 mil+","13 de julho de 2026 às 08:20:00 UTC-3","13 de julho de 2026 às 09:30:00 UTC-3","maggie haberman,trump truth social,truth social,trump hospital","./explore?q=maggie%20haberman&geo=US"
"how old is sinner tennis player","1 mil+","12 de julho de 2026 às 15:50:00 UTC-3","12 de julho de 2026 às 17:20:00 UTC-3","how old is sinner tennis player,jannik sinner parents","./explore?q=how%20old%20is%20sinner%20tennis%20player&geo=US"
"ben starr","2 mil+","11 de julho de 2026 às 16:20:00 UTC-3","11 de julho de 2026 às 19:30:00 UTC-3","ben starr,soulframe tennocon","./explore?q=ben%20starr&geo=US"
"robert f. kennedy jr.","1 mil+","12 de julho de 2026 às 08:40:00 UTC-3","12 de julho de 2026 às 11:20:00 UTC-3","robert f. kennedy jr.","./explore?q=robert%20f.%20kennedy%20jr.&geo=US"
"nwsl","2 mil+","10 de julho de 2026 às 21:00:00 UTC-3","11 de julho de 2026 às 01:30:00 UTC-3","nwsl","./explore?q=nwsl&geo=US"
"real madrid","2 mil+","11 de julho de 2026 às 20:10:00 UTC-3","11 de julho de 2026 às 22:00:00 UTC-3","real madrid","./explore?q=real%20madrid&geo=US"
"xbox bethesda studio job cuts","5 mil+","8 de julho de 2026 às 15:10:00 UTC-3","8 de julho de 2026 às 23:30:00 UTC-3","xbox bethesda studio job cuts","./explore?q=xbox%20bethesda%20studio%20job%20cuts&geo=US"
"simone biles","5 mil+","8 de julho de 2026 às 12:40:00 UTC-3","8 de julho de 2026 às 17:20:00 UTC-3","simone biles","./explore?q=simone%20biles&geo=US"
"doku","5 mil+","10 de julho de 2026 às 16:10:00 UTC-3","10 de julho de 2026 às 18:30:00 UTC-3","doku","./explore?q=doku&geo=US"
"benjamin netanyahu","1 mil+","12 de julho de 2026 às 01:10:00 UTC-3","12 de julho de 2026 às 13:20:00 UTC-3","benjamin netanyahu","./explore?q=benjamin%20netanyahu&geo=US"
"rattlesnake","5 mil+","10 de julho de 2026 às 07:10:00 UTC-3","10 de julho de 2026 às 09:40:00 UTC-3","rattlesnake","./explore?q=rattlesnake&geo=US"
"zverev diabetes","2 mil+","12 de julho de 2026 às 14:00:00 UTC-3","12 de julho de 2026 às 15:10:00 UTC-3","zverev diabetes,is zverev diabetic,does zverev have diabetes","./explore?q=zverev%20diabetes&geo=US"
"carlos alcaraz","2 mil+","10 de julho de 2026 às 12:30:00 UTC-3","10 de julho de 2026 às 16:00:00 UTC-3","carlos alcaraz,carlos alcaraz injury,alcaraz injury","./explore?q=carlos%20alcaraz&geo=US"
"dram","500+","13 de julho de 2026 às 11:00:00 UTC-3","13 de julho de 2026 às 12:30:00 UTC-3","dram","./explore?q=dram&geo=US"
"charles bassey","5 mil+","9 de julho de 2026 às 18:00:00 UTC-3","9 de julho de 2026 às 21:20:00 UTC-3","charles bassey,charles bassey warriors signing","./explore?q=charles%20bassey&geo=US"
"fifa match","2 mil+","11 de julho de 2026 às 18:10:00 UTC-3","12 de julho de 2026 às 01:10:00 UTC-3","fifa match,world cu","./explore?q=fifa%20match&geo=US"
"kamaru usman","2 mil+","11 de julho de 2026 às 22:30:00 UTC-3","12 de julho de 2026 às 02:40:00 UTC-3","kamaru usman","./explore?q=kamaru%20usman&geo=US"
"pickleball","1 mil+","12 de julho de 2026 às 16:10:00 UTC-3","12 de julho de 2026 às 18:40:00 UTC-3","pickleball","./explore?q=pickleball&geo=US"
"achraf hakimi","10 mil+","9 de julho de 2026 às 17:10:00 UTC-3","9 de julho de 2026 às 19:00:00 UTC-3","achraf hakimi,hakimi allegations,hakimi age,hakimi real madrid","./explore?q=achraf%20hakimi&geo=US"
"santos laguna vs américa de cali","2 mil+","9 de julho de 2026 às 21:10:00 UTC-3","10 de julho de 2026 às 02:00:00 UTC-3","santos laguna vs américa de cali","./explore?q=santos%20laguna%20vs%20am%C3%A9rica%20de%20cali&geo=US"
"dodgers vs diamondbacks","5 mil+","10 de julho de 2026 às 23:20:00 UTC-3","11 de julho de 2026 às 03:10:00 UTC-3","dodgers vs diamondbacks,kyle hurt,dbacks,mlb tv,arizona diamondbacks","./explore?q=dodgers%20vs%20diamondbacks&geo=US"
"chernobyl","2 mil+","8 de julho de 2026 às 00:20:00 UTC-3","9 de julho de 2026 às 00:20:00 UTC-3","chernobyl","./explore?q=chernobyl&geo=US"
"blue jays - padres","5 mil+","10 de julho de 2026 às 22:20:00 UTC-3","11 de julho de 2026 às 02:40:00 UTC-3","blue jays - padres,blue jays,toronto blue jays,padres game,san diego padres,padres","./explore?q=blue%20jays%20-%20padres&geo=US"
"the white house","2 mil+","10 de julho de 2026 às 14:40:00 UTC-3","10 de julho de 2026 às 20:50:00 UTC-3","the white house,ufc 250","./explore?q=the%20white%20house&geo=US"
"sndk","500+","13 de julho de 2026 às 11:20:00 UTC-3","13 de julho de 2026 às 12:20:00 UTC-3","sndk","./explore?q=sndk&geo=US"
"quansah red card","20 mil+","9 de julho de 2026 às 15:40:00 UTC-3","9 de julho de 2026 às 20:00:00 UTC-3","quansah red card,fifa game,fifa match,fifa games,fifa matches,quansah suspension,wc games,games","./explore?q=quansah%20red%20card&geo=US"
"openai","5 mil+","7 de julho de 2026 às 03:00:00 UTC-3","7 de julho de 2026 às 09:40:00 UTC-3","openai,british columbia","./explore?q=openai&geo=US"
"san andreas","1 mil+","12 de julho de 2026 às 17:10:00 UTC-3","12 de julho de 2026 às 19:40:00 UTC-3","san andreas","./explore?q=san%20andreas&geo=US"
"mike boynton","2 mil+","10 de julho de 2026 às 14:20:00 UTC-3","10 de julho de 2026 às 18:00:00 UTC-3","mike boynton,mike boynton jr,2","./explore?q=mike%20boynton&geo=US"
"kratom","2 mil+","10 de julho de 2026 às 21:20:00 UTC-3","11 de julho de 2026 às 08:50:00 UTC-3","kratom","./explore?q=kratom&geo=US"
"july 12 2026 astrological outlook","1 mil+","12 de julho de 2026 às 09:00:00 UTC-3","12 de julho de 2026 às 13:30:00 UTC-3","july 12 2026 astrological outlook","./explore?q=july%2012%202026%20astrological%20outlook&geo=US"
"spain fc","2 mil+","10 de julho de 2026 às 16:20:00 UTC-3","10 de julho de 2026 às 19:00:00 UTC-3","spain fc","./explore?q=spain%20fc&geo=US"
"argentina president","2 mil+","11 de julho de 2026 às 22:10:00 UTC-3","12 de julho de 2026 às 01:50:00 UTC-3","argentina president","./explore?q=argentina%20president&geo=US"
"carnival corporation ltd","2 mil+","10 de julho de 2026 às 00:30:00 UTC-3","10 de julho de 2026 às 11:30:00 UTC-3","carnival corporation ltd","./explore?q=carnival%20corporation%20ltd&geo=US"
"vti stock","1 mil+","13 de julho de 2026 às 11:10:00 UTC-3","13 de julho de 2026 às 12:20:00 UTC-3","vti stock,vti","./explore?q=vti%20stock&geo=US"
"espanha x bélgica","2 mil+","10 de julho de 2026 às 15:20:00 UTC-3","10 de julho de 2026 às 19:10:00 UTC-3","espanha x bélgica","./explore?q=espanha%20x%20b%C3%A9lgica&geo=US"
"tyler nickel","2 mil+","10 de julho de 2026 às 21:30:00 UTC-3","11 de julho de 2026 às 12:10:00 UTC-3","tyler nickel","./explore?q=tyler%20nickel&geo=US"
"mostafa ziko","5 mil+","7 de julho de 2026 às 12:10:00 UTC-3","7 de julho de 2026 às 20:20:00 UTC-3","mostafa ziko","./explore?q=mostafa%20ziko&geo=US"
"spectrum outage","5 mil+","8 de julho de 2026 às 06:20:00 UTC-3","8 de julho de 2026 às 11:40:00 UTC-3","spectrum outage,spectrum outage map,spectrum internet outage","./explore?q=spectrum%20outage&geo=US"
"rundisney","5 mil+","7 de julho de 2026 às 08:30:00 UTC-3","7 de julho de 2026 às 13:20:00 UTC-3","rundisney,run disney","./explore?q=rundisney&geo=US"
"blue jays","5 mil+","8 de julho de 2026 às 16:50:00 UTC-3","8 de julho de 2026 às 21:00:00 UTC-3","blue jays,giants game,toronto blue jays","./explore?q=blue%20jays&geo=US"
"houston weather","2 mil+","13 de julho de 2026 às 14:40:00 UTC-3","13 de julho de 2026 às 15:20:00 UTC-3","houston weather,weather houston","./explore?q=houston%20weather&geo=US"
"gabriela knutson","500+","13 de julho de 2026 às 12:30:00 UTC-3","13 de julho de 2026 às 13:30:00 UTC-3","gabriela knutson","./explore?q=gabriela%20knutson&geo=US"
"argentina vs suecia","2 mil+","11 de julho de 2026 às 22:20:00 UTC-3","12 de julho de 2026 às 01:40:00 UTC-3","argentina vs suecia,cuando es la final del mundial 2026","./explore?q=argentina%20vs%20suecia&geo=US"
"denny hamlin nascar r&d inspection","5 mil+","7 de julho de 2026 às 06:50:00 UTC-3","7 de julho de 2026 às 16:20:00 UTC-3","denny hamlin nascar r&d inspection","./explore?q=denny%20hamlin%20nascar%20r%26d%20inspection&geo=US"
"tornado","2 mil+","9 de julho de 2026 às 20:50:00 UTC-3","10 de julho de 2026 às 00:20:00 UTC-3","tornado","./explore?q=tornado&geo=US"
"chris hacopian","2 mil+","11 de julho de 2026 às 15:30:00 UTC-3","11 de julho de 2026 às 18:30:00 UTC-3","chris hacopian","./explore?q=chris%20hacopian&geo=US"
"james rodríguez","10 mil+","7 de julho de 2026 às 17:40:00 UTC-3","7 de julho de 2026 às 21:00:00 UTC-3","james rodríguez","./explore?q=james%20rodr%C3%ADguez&geo=US"
"wnba player guard ranking clark","2 mil+","11 de julho de 2026 às 16:20:00 UTC-3","11 de julho de 2026 às 21:30:00 UTC-3","wnba player guard ranking clark","./explore?q=wnba%20player%20guard%20ranking%20clark&geo=US"
"will riley","1 mil+","12 de julho de 2026 às 22:40:00 UTC-3","13 de julho de 2026 às 00:40:00 UTC-3","will riley","./explore?q=will%20riley&geo=US"
"michael j fox","1 mil+","12 de julho de 2026 às 20:20:00 UTC-3","12 de julho de 2026 às 22:40:00 UTC-3","michael j fox","./explore?q=michael%20j%20fox&geo=US"
"mateta","10 mil+","9 de julho de 2026 às 18:40:00 UTC-3","9 de julho de 2026 às 20:00:00 UTC-3","mateta,jean-philippe mateta,jean philippe mateta","./explore?q=mateta&geo=US"
"stream","2 mil+","11 de julho de 2026 às 22:30:00 UTC-3","12 de julho de 2026 às 01:40:00 UTC-3","stream,michael johnston","./explore?q=stream&geo=US"
"von miller","2 mil+","8 de julho de 2026 às 17:50:00 UTC-3","9 de julho de 2026 às 02:00:00 UTC-3","von miller","./explore?q=von%20miller&geo=US"
"kimberly stewart","2 mil+","9 de julho de 2026 às 20:00:00 UTC-3","10 de julho de 2026 às 10:40:00 UTC-3","kimberly stewart","./explore?q=kimberly%20stewart&geo=US"
"argentina y suiza","1 mil+","11 de julho de 2026 às 22:40:00 UTC-3","12 de julho de 2026 às 01:40:00 UTC-3","argentina y suiza","./explore?q=argentina%20y%20suiza&geo=US"
"españa fc","2 mil+","10 de julho de 2026 às 16:00:00 UTC-3","10 de julho de 2026 às 19:10:00 UTC-3","españa fc","./explore?q=espa%C3%B1a%20fc&geo=US"
"nico gonzalez","2 mil+","11 de julho de 2026 às 23:40:00 UTC-3","12 de julho de 2026 às 01:20:00 UTC-3","nico gonzalez","./explore?q=nico%20gonzalez&geo=US"
"brock lesnar","1 mil+","11 de julho de 2026 às 20:20:00 UTC-3","12 de julho de 2026 às 02:00:00 UTC-3","brock lesnar","./explore?q=brock%20lesnar&geo=US"
"colin jost","1 mil+","12 de julho de 2026 às 16:10:00 UTC-3","12 de julho de 2026 às 19:30:00 UTC-3","colin jost","./explore?q=colin%20jost&geo=US"
"ayo edebiri","2 mil+","8 de julho de 2026 às 19:00:00 UTC-3","9 de julho de 2026 às 12:40:00 UTC-3","ayo edebiri","./explore?q=ayo%20edebiri&geo=US"
"buenos aires weather","1 mil+","11 de julho de 2026 às 22:50:00 UTC-3","12 de julho de 2026 às 02:00:00 UTC-3","buenos aires weather","./explore?q=buenos%20aires%20weather&geo=US"
"henry patten","2 mil+","11 de julho de 2026 às 09:40:00 UTC-3","11 de julho de 2026 às 12:10:00 UTC-3","henry patten,mate pavić,heliovaara","./explore?q=henry%20patten&geo=US"
"kyle lowry","5 mil+","7 de julho de 2026 às 10:30:00 UTC-3","7 de julho de 2026 às 18:10:00 UTC-3","kyle lowry","./explore?q=kyle%20lowry&geo=US"
"anya taylor-joy","2 mil+","11 de julho de 2026 às 01:20:00 UTC-3","11 de julho de 2026 às 20:00:00 UTC-3","anya taylor-joy,taylor-joy","./explore?q=anya%20taylor-joy&geo=US"
"emaria peel","2 mil+","11 de julho de 2026 às 00:50:00 UTC-3","11 de julho de 2026 às 03:30:00 UTC-3","emaria peel,amber alert,emaria peel amber alert","./explore?q=emaria%20peel&geo=US"
"cryptocurrency trading","200+","13 de julho de 2026 às 06:40:00 UTC-3","13 de julho de 2026 às 09:20:00 UTC-3","cryptocurrency trading","./explore?q=cryptocurrency%20trading&geo=US"
"spacex stock ipo","2 mil+","9 de julho de 2026 às 20:00:00 UTC-3","10 de julho de 2026 às 00:20:00 UTC-3","spacex stock ipo,qqqm","./explore?q=spacex%20stock%20ipo&geo=US"
"mackenzie shirilla","5 mil+","8 de julho de 2026 às 14:20:00 UTC-3","9 de julho de 2026 às 07:30:00 UTC-3","mackenzie shirilla","./explore?q=mackenzie%20shirilla&geo=US"
"new york weather","5 mil+","7 de julho de 2026 às 03:50:00 UTC-3","7 de julho de 2026 às 14:10:00 UTC-3","new york weather,weather nyc","./explore?q=new%20york%20weather&geo=US"
"gloss up","1 mil+","12 de julho de 2026 às 13:40:00 UTC-3","12 de julho de 2026 às 16:00:00 UTC-3","gloss up","./explore?q=gloss%20up&geo=US"
"wetter morgen","200+","13 de julho de 2026 às 00:00:00 UTC-3","13 de julho de 2026 às 08:50:00 UTC-3","wetter morgen","./explore?q=wetter%20morgen&geo=US"
"wimbledon today","2 mil+","10 de julho de 2026 às 08:10:00 UTC-3","10 de julho de 2026 às 13:50:00 UTC-3","wimbledon today","./explore?q=wimbledon%20today&geo=US"
"rush limbaugh","500+","13 de julho de 2026 às 19:20:00 UTC-3","13 de julho de 2026 às 19:40:00 UTC-3","rush limbaugh,michael cohen","./explore?q=rush%20limbaugh&geo=US"
"lucas digne","2 mil+","9 de julho de 2026 às 16:50:00 UTC-3","9 de julho de 2026 às 19:50:00 UTC-3","lucas digne","./explore?q=lucas%20digne&geo=US"
"bankruptcy","2 mil+","10 de julho de 2026 às 18:00:00 UTC-3","10 de julho de 2026 às 21:00:00 UTC-3","bankruptcy","./explore?q=bankruptcy&geo=US"
"borussia dortmund","2 mil+","11 de julho de 2026 às 17:40:00 UTC-3","11 de julho de 2026 às 22:00:00 UTC-3","borussia dortmund","./explore?q=borussia%20dortmund&geo=US"
"meta stock price","200+","13 de julho de 2026 às 11:20:00 UTC-3","13 de julho de 2026 às 12:40:00 UTC-3","meta stock price","./explore?q=meta%20stock%20price&geo=US"
"be stock","500+","13 de julho de 2026 às 11:00:00 UTC-3","13 de julho de 2026 às 12:10:00 UTC-3","be stock","./explore?q=be%20stock&geo=US"
"aymeric laporte","2 mil+","10 de julho de 2026 às 16:10:00 UTC-3","10 de julho de 2026 às 19:00:00 UTC-3","aymeric laporte","./explore?q=aymeric%20laporte&geo=US"
"restaurante","1 mil+","12 de julho de 2026 às 09:20:00 UTC-3","12 de julho de 2026 às 16:50:00 UTC-3","restaurante","./explore?q=restaurante&geo=US"
"wsop main event 2026","200+","13 de julho de 2026 às 08:10:00 UTC-3","13 de julho de 2026 às 10:20:00 UTC-3","wsop main event 2026","./explore?q=wsop%20main%20event%202026&geo=US"
"brooklyn beckham","2 mil+","11 de julho de 2026 às 20:50:00 UTC-3","11 de julho de 2026 às 22:10:00 UTC-3","brooklyn beckham,beckham sons,nicola peltz","./explore?q=brooklyn%20beckham&geo=US"
"meta stock","5 mil+","10 de julho de 2026 às 10:50:00 UTC-3","10 de julho de 2026 às 12:20:00 UTC-3","meta stock,meta stock price,cloud","./explore?q=meta%20stock&geo=US"
"emi martinez","1 mil+","11 de julho de 2026 às 22:20:00 UTC-3","12 de julho de 2026 às 01:30:00 UTC-3","emi martinez","./explore?q=emi%20martinez&geo=US"
"infantino","20 mil+","7 de julho de 2026 às 15:10:00 UTC-3","7 de julho de 2026 às 21:00:00 UTC-3","infantino,fox sports,infantino fifa,gianni infantino,fifa president,foxsports,president of fifa","./explore?q=infantino&geo=US"
"ayyoub bouaddi","5 mil+","9 de julho de 2026 às 16:50:00 UTC-3","9 de julho de 2026 às 19:30:00 UTC-3","ayyoub bouaddi,bouaddi","./explore?q=ayyoub%20bouaddi&geo=US"
"jack flaherty","5 mil+","10 de julho de 2026 às 20:00:00 UTC-3","10 de julho de 2026 às 23:00:00 UTC-3","jack flaherty,tigers game,tigers,phillies - tigers,tim mayza,aaron nola,detroit tigers schedule","./explore?q=jack%20flaherty&geo=US"
"is spain still in the world cup","1 mil+","11 de julho de 2026 às 20:40:00 UTC-3","12 de julho de 2026 às 01:50:00 UTC-3","is spain still in the world cup","./explore?q=is%20spain%20still%20in%20the%20world%20cup&geo=US"
"ihra news","2 mil+","9 de julho de 2026 às 22:00:00 UTC-3","10 de julho de 2026 às 10:50:00 UTC-3","ihra news,ihra","./explore?q=ihra%20news&geo=US"
"what happened to jimmy kimmel","500+","12 de julho de 2026 às 22:40:00 UTC-3","13 de julho de 2026 às 00:50:00 UTC-3","what happened to jimmy kimmel","./explore?q=what%20happened%20to%20jimmy%20kimmel&geo=US"
"jim bridenstine","5 mil+","8 de julho de 2026 às 15:10:00 UTC-3","8 de julho de 2026 às 22:30:00 UTC-3","jim bridenstine,space exploration","./explore?q=jim%20bridenstine&geo=US"
"avion","1 mil+","11 de julho de 2026 às 07:50:00 UTC-3","11 de julho de 2026 às 13:30:00 UTC-3","avion","./explore?q=avion&geo=US"
"arsenal","1 mil+","11 de julho de 2026 às 18:40:00 UTC-3","11 de julho de 2026 às 21:40:00 UTC-3","arsenal","./explore?q=arsenal&geo=US"
"game pass games","2 mil+","9 de julho de 2026 às 14:10:00 UTC-3","9 de julho de 2026 às 22:20:00 UTC-3","game pass games","./explore?q=game%20pass%20games&geo=US"
"mo salah","5 mil+","7 de julho de 2026 às 13:30:00 UTC-3","7 de julho de 2026 às 16:30:00 UTC-3","mo salah,clarence seedorf","./explore?q=mo%20salah&geo=US"
"charlotte weather","200+","13 de julho de 2026 às 08:30:00 UTC-3","13 de julho de 2026 às 10:50:00 UTC-3","charlotte weather","./explore?q=charlotte%20weather&geo=US"
"the walking dead","5 mil+","9 de julho de 2026 às 07:10:00 UTC-3","9 de julho de 2026 às 13:00:00 UTC-3","the walking dead","./explore?q=the%20walking%20dead&geo=US"
"paige niemann","2 mil+","10 de julho de 2026 às 01:50:00 UTC-3","10 de julho de 2026 às 21:10:00 UTC-3","paige niemann","./explore?q=paige%20niemann&geo=US"
"gregor kobel","5 mil+","7 de julho de 2026 às 17:40:00 UTC-3","7 de julho de 2026 às 21:00:00 UTC-3","gregor kobel","./explore?q=gregor%20kobel&geo=US"
"troy","1 mil+","12 de julho de 2026 às 00:20:00 UTC-3","12 de julho de 2026 às 04:00:00 UTC-3","troy,tommy troy","./explore?q=troy&geo=US"
"twilight","2 mil+","11 de julho de 2026 às 18:50:00 UTC-3","11 de julho de 2026 às 21:20:00 UTC-3","twilight","./explore?q=twilight&geo=US"
"zoey deutch","2 mil+","11 de julho de 2026 às 01:00:00 UTC-3","11 de julho de 2026 às 05:10:00 UTC-3","zoey deutch","./explore?q=zoey%20deutch&geo=US"
"brooke shields","5 mil+","9 de julho de 2026 às 21:20:00 UTC-3","10 de julho de 2026 às 03:10:00 UTC-3","brooke shields","./explore?q=brooke%20shields&geo=US"
"norwegian","2 mil+","11 de julho de 2026 às 18:10:00 UTC-3","11 de julho de 2026 às 21:30:00 UTC-3","norwegian","./explore?q=norwegian&geo=US"
"mlb wild card standings","10 mil+","12 de julho de 2026 às 08:00:00 UTC-3","12 de julho de 2026 às 18:40:00 UTC-3","mlb wild card standings,al east standings,mlb,brewers score,brewers standings,yankee game today","./explore?q=mlb%20wild%20card%20standings&geo=US"
"suryansh shedge","2 mil+","11 de julho de 2026 às 11:50:00 UTC-3","11 de julho de 2026 às 15:30:00 UTC-3","suryansh shedge","./explore?q=suryansh%20shedge&geo=US"
"hunter greene","2 mil+","10 de julho de 2026 às 20:30:00 UTC-3","11 de julho de 2026 às 00:20:00 UTC-3","hunter greene","./explore?q=hunter%20greene&geo=US"
"joanna jedrzejczyk","1 mil+","11 de julho de 2026 às 22:30:00 UTC-3","12 de julho de 2026 às 01:00:00 UTC-3","joanna jedrzejczyk","./explore?q=joanna%20jedrzejczyk&geo=US"
"high potential season 3","200+","13 de julho de 2026 às 08:00:00 UTC-3","13 de julho de 2026 às 10:00:00 UTC-3","high potential season 3","./explore?q=high%20potential%20season%203&geo=US"
"jacob lombard","2 mil+","11 de julho de 2026 às 15:20:00 UTC-3","11 de julho de 2026 às 17:30:00 UTC-3","jacob lombard","./explore?q=jacob%20lombard&geo=US"
"daniel silva","200+","13 de julho de 2026 às 09:40:00 UTC-3","13 de julho de 2026 às 10:50:00 UTC-3","daniel silva","./explore?q=daniel%20silva&geo=US"
"marcelo arévalo","2 mil+","11 de julho de 2026 às 09:30:00 UTC-3","11 de julho de 2026 às 12:00:00 UTC-3","marcelo arévalo","./explore?q=marcelo%20ar%C3%A9valo&geo=US"
"last world cup winners","5 mil+","11 de julho de 2026 às 21:20:00 UTC-3","12 de julho de 2026 às 01:50:00 UTC-3","last world cup winners,what countries have won the world cup,how many countries have won the world cup,teams left in world cup,world cup teams left,fifa rankings","./explore?q=last%20world%20cup%20winners&geo=US"
"mike maignan","2 mil+","9 de julho de 2026 às 16:50:00 UTC-3","9 de julho de 2026 às 20:00:00 UTC-3","mike maignan","./explore?q=mike%20maignan&geo=US"
"scarlett johansson","1 mil+","12 de julho de 2026 às 01:40:00 UTC-3","12 de julho de 2026 às 17:10:00 UTC-3","scarlett johansson","./explore?q=scarlett%20johansson&geo=US"
"haaland weight","2 mil+","11 de julho de 2026 às 18:30:00 UTC-3","11 de julho de 2026 às 20:30:00 UTC-3","haaland weight,haaland height weight,erling haaland height and weight,how much does haaland weigh","./explore?q=haaland%20weight&geo=US"
"olise","10 mil+","9 de julho de 2026 às 18:10:00 UTC-3","9 de julho de 2026 às 19:50:00 UTC-3","olise,michael olise","./explore?q=olise&geo=US"
"hailey bieber son jack blues","2 mil+","8 de julho de 2026 às 17:50:00 UTC-3","9 de julho de 2026 às 09:00:00 UTC-3","hailey bieber son jack blues","./explore?q=hailey%20bieber%20son%20jack%20blues&geo=US"
"fracking","2 mil+","11 de julho de 2026 às 13:20:00 UTC-3","11 de julho de 2026 às 18:00:00 UTC-3","fracking","./explore?q=fracking&geo=US"
"thomas annunziata","1 mil+","12 de julho de 2026 às 01:20:00 UTC-3","12 de julho de 2026 às 11:10:00 UTC-3","thomas annunziata","./explore?q=thomas%20annunziata&geo=US"
"obama center tickets","2 mil+","8 de julho de 2026 às 08:40:00 UTC-3","8 de julho de 2026 às 15:10:00 UTC-3","obama center tickets,obama presidential center tickets","./explore?q=obama%20center%20tickets&geo=US"
"ian machado garry","2 mil+","11 de julho de 2026 às 22:40:00 UTC-3","12 de julho de 2026 às 02:20:00 UTC-3","ian machado garry,ian garry","./explore?q=ian%20machado%20garry&geo=US"
"alina charaeva","200+","13 de julho de 2026 às 09:30:00 UTC-3","13 de julho de 2026 às 10:50:00 UTC-3","alina charaeva","./explore?q=alina%20charaeva&geo=US"
"breel embolo","10 mil+","7 de julho de 2026 às 16:50:00 UTC-3","7 de julho de 2026 às 19:50:00 UTC-3","breel embolo,embolo","./explore?q=breel%20embolo&geo=US"
"galaxy watch ultra 2","200+","13 de julho de 2026 às 11:00:00 UTC-3","13 de julho de 2026 às 12:40:00 UTC-3","galaxy watch ultra 2","./explore?q=galaxy%20watch%20ultra%202&geo=US"
"oklo stock","200+","13 de julho de 2026 às 11:00:00 UTC-3","13 de julho de 2026 às 12:10:00 UTC-3","oklo stock","./explore?q=oklo%20stock&geo=US"
"wetter diese woche","200+","13 de julho de 2026 às 00:30:00 UTC-3","13 de julho de 2026 às 13:20:00 UTC-3","wetter diese woche","./explore?q=wetter%20diese%20woche&geo=US"
"منتخب الأرجنتين لكرة القدم","1 mil+","12 de julho de 2026 às 12:30:00 UTC-3","12 de julho de 2026 às 16:40:00 UTC-3","منتخب الأرجنتين لكرة القدم","./explore?q=%D9%85%D9%86%D8%AA%D8%AE%D8%A8%20%D8%A7%D9%84%D8%A3%D8%B1%D8%AC%D9%86%D8%AA%D9%8A%D9%86%20%D9%84%D9%83%D8%B1%D8%A9%20%D8%A7%D9%84%D9%82%D8%AF%D9%85&geo=US"
"lalique crystal jewelry theft","2 mil+","7 de julho de 2026 às 07:50:00 UTC-3","7 de julho de 2026 às 16:50:00 UTC-3","lalique crystal jewelry theft","./explore?q=lalique%20crystal%20jewelry%20theft&geo=US"
"台风","2 mil+","10 de julho de 2026 às 03:40:00 UTC-3","10 de julho de 2026 às 08:00:00 UTC-3","台风,台风路径","./explore?q=%E5%8F%B0%E9%A3%8E&geo=US"
"uber stock","200+","13 de julho de 2026 às 11:00:00 UTC-3","13 de julho de 2026 às 12:10:00 UTC-3","uber stock","./explore?q=uber%20stock&geo=US"
"10 year treasury yield","200+","13 de julho de 2026 às 10:30:00 UTC-3","13 de julho de 2026 às 12:30:00 UTC-3","10 year treasury yield","./explore?q=10%20year%20treasury%20yield&geo=US"
"marina mabrey","2 mil+","10 de julho de 2026 às 20:50:00 UTC-3","10 de julho de 2026 às 23:10:00 UTC-3","marina mabrey","./explore?q=marina%20mabrey&geo=US"
"rahm emanuel","1 mil+","12 de julho de 2026 às 11:30:00 UTC-3","12 de julho de 2026 às 13:10:00 UTC-3","rahm emanuel","./explore?q=rahm%20emanuel&geo=US"
"maria sharapova","1 mil+","11 de julho de 2026 às 12:00:00 UTC-3","11 de julho de 2026 às 15:30:00 UTC-3","maria sharapova","./explore?q=maria%20sharapova&geo=US"
"rocco maniscalco","1 mil+","11 de julho de 2026 às 18:00:00 UTC-3","12 de julho de 2026 às 12:40:00 UTC-3","rocco maniscalco","./explore?q=rocco%20maniscalco&geo=US"
"kevin feige x-men mcu plans","1 mil+","11 de julho de 2026 às 14:00:00 UTC-3","11 de julho de 2026 às 18:10:00 UTC-3","kevin feige x-men mcu plans","./explore?q=kevin%20feige%20x-men%20mcu%20plans&geo=US"
"aramco","2 mil+","11 de julho de 2026 às 18:30:00 UTC-3","12 de julho de 2026 às 01:00:00 UTC-3","aramco","./explore?q=aramco&geo=US"
"gotham vs utah royals fc","2 mil+","10 de julho de 2026 às 22:40:00 UTC-3","11 de julho de 2026 às 02:00:00 UTC-3","gotham vs utah royals fc,gotham fc vs utah royals standings","./explore?q=gotham%20vs%20utah%20royals%20fc&geo=US"
"special education office hhs move","2 mil+","10 de julho de 2026 às 07:30:00 UTC-3","10 de julho de 2026 às 13:30:00 UTC-3","special education office hhs move","./explore?q=special%20education%20office%20hhs%20move&geo=US"
"patrick peterson","1 mil+","12 de julho de 2026 às 17:10:00 UTC-3","12 de julho de 2026 às 18:20:00 UTC-3","patrick peterson","./explore?q=patrick%20peterson&geo=US"
"owen hargreaves","2 mil+","11 de julho de 2026 às 21:40:00 UTC-3","11 de julho de 2026 às 22:50:00 UTC-3","owen hargreaves,foxsports","./explore?q=owen%20hargreaves&geo=US"
"selección de fútbol de egipto","5 mil+","7 de julho de 2026 às 13:10:00 UTC-3","8 de julho de 2026 às 09:00:00 UTC-3","selección de fútbol de egipto,juego de argentina","./explore?q=selecci%C3%B3n%20de%20f%C3%BAtbol%20de%20egipto&geo=US"
"mo bamba","2 mil+","8 de julho de 2026 às 21:00:00 UTC-3","9 de julho de 2026 às 02:00:00 UTC-3","mo bamba","./explore?q=mo%20bamba&geo=US"
"streamed","1 mil+","11 de julho de 2026 às 18:20:00 UTC-3","12 de julho de 2026 às 01:30:00 UTC-3","streamed","./explore?q=streamed&geo=US"
"george clooney","1 mil+","10 de julho de 2026 às 23:20:00 UTC-3","11 de julho de 2026 às 06:10:00 UTC-3","george clooney","./explore?q=george%20clooney&geo=US"
"yankees - nationals","2 mil+","10 de julho de 2026 às 19:10:00 UTC-3","11 de julho de 2026 às 21:00:00 UTC-3","yankees - nationals","./explore?q=yankees%20-%20nationals&geo=US"
"nirav d. shah","2 mil+","10 de julho de 2026 às 17:50:00 UTC-3","10 de julho de 2026 às 21:00:00 UTC-3","nirav d. shah,tammy duckworth","./explore?q=nirav%20d.%20shah&geo=US"
"paula badosa","2 mil+","11 de julho de 2026 às 09:10:00 UTC-3","11 de julho de 2026 às 12:10:00 UTC-3","paula badosa","./explore?q=paula%20badosa&geo=US"
"ishowspeed fan confrontation fifa","5 mil+","7 de julho de 2026 às 16:10:00 UTC-3","7 de julho de 2026 às 21:10:00 UTC-3","ishowspeed fan confrontation fifa,ishowspeed argentina,ishowspeed","./explore?q=ishowspeed%20fan%20confrontation%20fifa&geo=US"
"maya jama","2 mil+","11 de julho de 2026 às 18:20:00 UTC-3","11 de julho de 2026 às 19:50:00 UTC-3","maya jama","./explore?q=maya%20jama&geo=US"
"kenny omega","2 mil+","8 de julho de 2026 às 23:00:00 UTC-3","9 de julho de 2026 às 08:40:00 UTC-3","kenny omega,aew","./explore?q=kenny%20omega&geo=US"
"sydney taylor","1 mil+","12 de julho de 2026 às 20:40:00 UTC-3","12 de julho de 2026 às 22:50:00 UTC-3","sydney taylor","./explore?q=sydney%20taylor&geo=US"
"paris riot","2 mil+","10 de julho de 2026 às 09:20:00 UTC-3","10 de julho de 2026 às 13:30:00 UTC-3","paris riot,spain france,fox world cup","./explore?q=paris%20riot&geo=US"
"nicolás gonzález","1 mil+","11 de julho de 2026 às 23:40:00 UTC-3","12 de julho de 2026 às 01:20:00 UTC-3","nicolás gonzález","./explore?q=nicol%C3%A1s%20gonz%C3%A1lez&geo=US"
"аргентина швейцария","1 mil+","11 de julho de 2026 às 22:40:00 UTC-3","12 de julho de 2026 às 01:50:00 UTC-3","аргентина швейцария,аргентина – швейцария","./explore?q=%D0%B0%D1%80%D0%B3%D0%B5%D0%BD%D1%82%D0%B8%D0%BD%D0%B0%20%D1%88%D0%B2%D0%B5%D0%B9%D1%86%D0%B0%D1%80%D0%B8%D1%8F&geo=US"
"argentina next game","5 mil+","7 de julho de 2026 às 15:00:00 UTC-3","7 de julho de 2026 às 21:00:00 UTC-3","argentina next game,how many world cups has messi won","./explore?q=argentina%20next%20game&geo=US"
"inter miami","1 mil+","11 de julho de 2026 às 19:50:00 UTC-3","12 de julho de 2026 às 01:20:00 UTC-3","inter miami","./explore?q=inter%20miami&geo=US"
"music","5 mil+","9 de julho de 2026 às 04:10:00 UTC-3","9 de julho de 2026 às 07:40:00 UTC-3","music","./explore?q=music&geo=US"
"puka nacua","1 mil+","12 de julho de 2026 às 00:10:00 UTC-3","12 de julho de 2026 às 01:50:00 UTC-3","puka nacua","./explore?q=puka%20nacua&geo=US"
"cade townsend","1 mil+","11 de julho de 2026 às 16:30:00 UTC-3","11 de julho de 2026 às 18:40:00 UTC-3","cade townsend","./explore?q=cade%20townsend&geo=US"
"adam schiff","500+","13 de julho de 2026 às 12:20:00 UTC-3","13 de julho de 2026 às 13:20:00 UTC-3","adam schiff","./explore?q=adam%20schiff&geo=US"
"el señor de los cielos","5 mil+","7 de julho de 2026 às 21:20:00 UTC-3","8 de julho de 2026 às 02:50:00 UTC-3","el señor de los cielos,el señor de los cielos 10,el senor de los cielos","./explore?q=el%20se%C3%B1or%20de%20los%20cielos&geo=US"
"natasha cloud","1 mil+","12 de julho de 2026 às 21:10:00 UTC-3","12 de julho de 2026 às 22:40:00 UTC-3","natasha cloud","./explore?q=natasha%20cloud&geo=US"
"us open 2026","1 mil+","12 de julho de 2026 às 16:00:00 UTC-3","12 de julho de 2026 às 17:30:00 UTC-3","us open 2026","./explore?q=us%20open%202026&geo=US"
"the guardian","1 mil+","12 de julho de 2026 às 08:20:00 UTC-3","12 de julho de 2026 às 11:00:00 UTC-3","the guardian,nypost","./explore?q=the%20guardian&geo=US"
"d'angelo russell","2 mil+","7 de julho de 2026 às 21:50:00 UTC-3","8 de julho de 2026 às 15:20:00 UTC-3","d'angelo russell","./explore?q=d%27angelo%20russell&geo=US"
"frança x marrocos","2 mil+","9 de julho de 2026 às 16:10:00 UTC-3","9 de julho de 2026 às 20:10:00 UTC-3","frança x marrocos,jogo argentina","./explore?q=fran%C3%A7a%20x%20marrocos&geo=US"
"wwe smackdown","2 mil+","10 de julho de 2026 às 21:00:00 UTC-3","11 de julho de 2026 às 08:50:00 UTC-3","wwe smackdown","./explore?q=wwe%20smackdown&geo=US"
"spacex launch","2 mil+","10 de julho de 2026 às 23:50:00 UTC-3","11 de julho de 2026 às 01:30:00 UTC-3","spacex launch","./explore?q=spacex%20launch&geo=US"
"ohio lottery","2 mil+","10 de julho de 2026 às 14:40:00 UTC-3","10 de julho de 2026 às 23:10:00 UTC-3","ohio lottery","./explore?q=ohio%20lottery&geo=US"
"android auto immersive map update","200+","13 de julho de 2026 às 09:30:00 UTC-3","13 de julho de 2026 às 13:10:00 UTC-3","android auto immersive map update","./explore?q=android%20auto%20immersive%20map%20update&geo=US"
"tour de france stage 8","2 mil+","11 de julho de 2026 às 09:00:00 UTC-3","11 de julho de 2026 às 13:10:00 UTC-3","tour de france stage 8,tour de france standings,tim merlier,tour de france stage 7","./explore?q=tour%20de%20france%20stage%208&geo=US"
"frontier","500+","13 de julho de 2026 às 04:00:00 UTC-3","13 de julho de 2026 às 05:00:00 UTC-3","frontier","./explore?q=frontier&geo=US"
"jack whitehall","200+","13 de julho de 2026 às 10:30:00 UTC-3","13 de julho de 2026 às 11:40:00 UTC-3","jack whitehall","./explore?q=jack%20whitehall&geo=US"
"didier deschamps","5 mil+","9 de julho de 2026 às 17:00:00 UTC-3","9 de julho de 2026 às 20:00:00 UTC-3","didier deschamps,france vs morocco referee,facundo tello,referees for france vs morocco","./explore?q=didier%20deschamps&geo=US"
"volcano fire","2 mil+","7 de julho de 2026 às 20:50:00 UTC-3","8 de julho de 2026 às 04:10:00 UTC-3","volcano fire","./explore?q=volcano%20fire&geo=US"
"lane kiffin","1 mil+","11 de julho de 2026 às 09:50:00 UTC-3","11 de julho de 2026 às 15:00:00 UTC-3","lane kiffin","./explore?q=lane%20kiffin&geo=US"
"is this messi's last world cup","5 mil+","11 de julho de 2026 às 22:30:00 UTC-3","12 de julho de 2026 às 01:30:00 UTC-3","is this messi's last world cup,world cup goal leaders,most goals scored in a world cup,who has the most goals in the world cup,how many goals does messi have in the world cup,world cup top scorers,top scorer in world cup 2026,most goals in world cup history","./explore?q=is%20this%20messi%27s%20last%20world%20cup&geo=US"
"the furious","2 mil+","7 de julho de 2026 às 21:50:00 UTC-3","8 de julho de 2026 às 06:00:00 UTC-3","the furious","./explore?q=the%20furious&geo=US"
"fifa president","2 mil+","11 de julho de 2026 às 19:20:00 UTC-3","11 de julho de 2026 às 20:30:00 UTC-3","fifa president,president of fifa","./explore?q=fifa%20president&geo=US"
"why did i get married 3","2 mil+","9 de julho de 2026 às 21:20:00 UTC-3","10 de julho de 2026 às 06:00:00 UTC-3","why did i get married 3","./explore?q=why%20did%20i%20get%20married%203&geo=US"
"kate middleton","1 mil+","11 de julho de 2026 às 13:40:00 UTC-3","11 de julho de 2026 às 15:50:00 UTC-3","kate middleton","./explore?q=kate%20middleton&geo=US"
"rocket launch today","5 mil+","9 de julho de 2026 às 06:10:00 UTC-3","9 de julho de 2026 às 08:40:00 UTC-3","rocket launch today,spacex launch,spacex launch today,space x launch,falcon 9,rocket launch,was there a rocket launch today,starlink","./explore?q=rocket%20launch%20today&geo=US"
"sydney sweeney","2 mil+","11 de julho de 2026 às 09:30:00 UTC-3","11 de julho de 2026 às 11:50:00 UTC-3","sydney sweeney","./explore?q=sydney%20sweeney&geo=US"
"what is a heat dome","200+","13 de julho de 2026 às 03:30:00 UTC-3","13 de julho de 2026 às 08:00:00 UTC-3","what is a heat dome","./explore?q=what%20is%20a%20heat%20dome&geo=US"
"cecilia suarez","2 mil+","8 de julho de 2026 às 07:30:00 UTC-3","9 de julho de 2026 às 04:20:00 UTC-3","cecilia suarez","./explore?q=cecilia%20suarez&geo=US"
"jared grindlinger","1 mil+","11 de julho de 2026 às 15:30:00 UTC-3","11 de julho de 2026 às 18:00:00 UTC-3","jared grindlinger","./explore?q=jared%20grindlinger&geo=US"
"trump epa truck emission proposal","2 mil+","9 de julho de 2026 às 16:00:00 UTC-3","9 de julho de 2026 às 21:00:00 UTC-3","trump epa truck emission proposal","./explore?q=trump%20epa%20truck%20emission%20proposal&geo=US"
"todd kress","500+","12 de julho de 2026 às 09:50:00 UTC-3","12 de julho de 2026 às 12:10:00 UTC-3","todd kress","./explore?q=todd%20kress&geo=US"
"trump administration 401(k) rule changes","2 mil+","9 de julho de 2026 às 09:50:00 UTC-3","9 de julho de 2026 às 17:30:00 UTC-3","trump administration 401(k) rule changes","./explore?q=trump%20administration%20401%28k%29%20rule%20changes&geo=US"
"sukhoi su-35","2 mil+","8 de julho de 2026 às 15:50:00 UTC-3","8 de julho de 2026 às 22:10:00 UTC-3","sukhoi su-35","./explore?q=sukhoi%20su-35&geo=US"
"farrah aldjufrie pregnancy updates","2 mil+","9 de julho de 2026 às 18:50:00 UTC-3","10 de julho de 2026 às 12:20:00 UTC-3","farrah aldjufrie pregnancy updates","./explore?q=farrah%20aldjufrie%20pregnancy%20updates&geo=US"
"smci stock","200+","13 de julho de 2026 às 11:20:00 UTC-3","13 de julho de 2026 às 12:30:00 UTC-3","smci stock","./explore?q=smci%20stock&geo=US"
"luisa stefani","500+","12 de julho de 2026 às 09:30:00 UTC-3","12 de julho de 2026 às 11:50:00 UTC-3","luisa stefani","./explore?q=luisa%20stefani&geo=US"
"offsides in soccer","2 mil+","11 de julho de 2026 às 18:50:00 UTC-3","11 de julho de 2026 às 19:50:00 UTC-3","offsides in soccer,offside","./explore?q=offsides%20in%20soccer&geo=US"
"kyle busch","2 mil+","9 de julho de 2026 às 18:10:00 UTC-3","10 de julho de 2026 às 02:10:00 UTC-3","kyle busch","./explore?q=kyle%20busch&geo=US"
"kraken","1 mil+","11 de julho de 2026 às 01:20:00 UTC-3","11 de julho de 2026 às 20:40:00 UTC-3","kraken","./explore?q=kraken&geo=US"
"cuba news","200+","13 de julho de 2026 às 09:00:00 UTC-3","13 de julho de 2026 às 10:40:00 UTC-3","cuba news","./explore?q=cuba%20news&geo=US"
"spotted lanternfly tennessee sightings 2026","2 mil+","9 de julho de 2026 às 13:50:00 UTC-3","9 de julho de 2026 às 19:40:00 UTC-3","spotted lanternfly tennessee sightings 2026","./explore?q=spotted%20lanternfly%20tennessee%20sightings%202026&geo=US"
"dodgers","20 mil+","7 de julho de 2026 às 02:20:00 UTC-3","7 de julho de 2026 às 03:40:00 UTC-3","dodgers,dodgers game today,dodgers score,dodger game,la dodgers","./explore?q=dodgers&geo=US"
"david beckham son","2 mil+","11 de julho de 2026 às 20:50:00 UTC-3","11 de julho de 2026 às 22:00:00 UTC-3","david beckham son","./explore?q=david%20beckham%20son&geo=US"
"youtube tv","20 mil+","7 de julho de 2026 às 13:40:00 UTC-3","7 de julho de 2026 às 16:00:00 UTC-3","youtube tv,youtubetv","./explore?q=youtube%20tv&geo=US"
"los angeles sparks","1 mil+","11 de julho de 2026 às 23:10:00 UTC-3","12 de julho de 2026 às 02:30:00 UTC-3","los angeles sparks","./explore?q=los%20angeles%20sparks&geo=US"
"rahm emanuel","2 mil+","8 de julho de 2026 às 12:30:00 UTC-3","9 de julho de 2026 às 21:20:00 UTC-3","rahm emanuel,rahm emanuel tel aviv speech,israel news","./explore?q=rahm%20emanuel&geo=US"
"will ferrell","2 mil+","10 de julho de 2026 às 20:20:00 UTC-3","11 de julho de 2026 às 01:10:00 UTC-3","will ferrell","./explore?q=will%20ferrell&geo=US"
"ohtani","2 mil+","10 de julho de 2026 às 17:50:00 UTC-3","11 de julho de 2026 às 01:50:00 UTC-3","ohtani","./explore?q=ohtani&geo=US"
"patrick stewart","2 mil+","7 de julho de 2026 às 20:10:00 UTC-3","8 de julho de 2026 às 04:00:00 UTC-3","patrick stewart","./explore?q=patrick%20stewart&geo=US"
"aj gracia","1 mil+","11 de julho de 2026 às 15:20:00 UTC-3","11 de julho de 2026 às 17:20:00 UTC-3","aj gracia","./explore?q=aj%20gracia&geo=US"
"did david beckham play in the world cup","1 mil+","11 de julho de 2026 às 18:10:00 UTC-3","11 de julho de 2026 às 21:50:00 UTC-3","did david beckham play in the world cup","./explore?q=did%20david%20beckham%20play%20in%20the%20world%20cup&geo=US"
"mark rutte","2 mil+","8 de julho de 2026 às 06:30:00 UTC-3","8 de julho de 2026 às 14:40:00 UTC-3","mark rutte","./explore?q=mark%20rutte&geo=US"
"mitt romney","2 mil+","11 de julho de 2026 às 11:30:00 UTC-3","11 de julho de 2026 às 17:00:00 UTC-3","mitt romney","./explore?q=mitt%20romney&geo=US"
"alexa bliss","1 mil+","10 de julho de 2026 às 22:30:00 UTC-3","11 de julho de 2026 às 09:40:00 UTC-3","alexa bliss","./explore?q=alexa%20bliss&geo=US"
"microsoft stock price","200+","13 de julho de 2026 às 11:10:00 UTC-3","13 de julho de 2026 às 12:20:00 UTC-3","microsoft stock price","./explore?q=microsoft%20stock%20price&geo=US"
"thailand ancient gold rings","5 mil+","7 de julho de 2026 às 14:30:00 UTC-3","7 de julho de 2026 às 21:20:00 UTC-3","thailand ancient gold rings","./explore?q=thailand%20ancient%20gold%20rings&geo=US"
"charles barkley","1 mil+","12 de julho de 2026 às 16:00:00 UTC-3","12 de julho de 2026 às 19:30:00 UTC-3","charles barkley","./explore?q=charles%20barkley&geo=US"
"dino prizmic","200+","13 de julho de 2026 às 17:10:00 UTC-3","13 de julho de 2026 às 17:50:00 UTC-3","dino prizmic","./explore?q=dino%20prizmic&geo=US"
"malvinas","1 mil+","12 de julho de 2026 às 01:00:00 UTC-3","12 de julho de 2026 às 14:10:00 UTC-3","malvinas","./explore?q=malvinas&geo=US"
"john smoltz","500+","12 de julho de 2026 às 18:40:00 UTC-3","12 de julho de 2026 às 19:50:00 UTC-3","john smoltz","./explore?q=john%20smoltz&geo=US"
"rosie o'donnell","500+","12 de julho de 2026 às 23:20:00 UTC-3","13 de julho de 2026 às 09:20:00 UTC-3","rosie o'donnell,why is rosie o'donnell's daughter in prison","./explore?q=rosie%20o%27donnell&geo=US"
"burning man","2 mil+","9 de julho de 2026 às 22:40:00 UTC-3","10 de julho de 2026 às 05:00:00 UTC-3","burning man,the man will burn","./explore?q=burning%20man&geo=US"
"haissem hassan","2 mil+","7 de julho de 2026 às 13:10:00 UTC-3","7 de julho de 2026 às 17:50:00 UTC-3","haissem hassan","./explore?q=haissem%20hassan&geo=US"
"fc cincinnati","2 mil+","10 de julho de 2026 às 20:10:00 UTC-3","10 de julho de 2026 às 23:50:00 UTC-3","fc cincinnati","./explore?q=fc%20cincinnati&geo=US"
"cameron flukey","1 mil+","11 de julho de 2026 às 16:20:00 UTC-3","11 de julho de 2026 às 18:30:00 UTC-3","cameron flukey","./explore?q=cameron%20flukey&geo=US"
"timberwolves hornets nets bulls trade","2 mil+","10 de julho de 2026 às 18:30:00 UTC-3","10 de julho de 2026 às 21:10:00 UTC-3","timberwolves hornets nets bulls trade","./explore?q=timberwolves%20hornets%20nets%20bulls%20trade&geo=US"
"world cup ticket prices drop","2 mil+","10 de julho de 2026 às 09:00:00 UTC-3","10 de julho de 2026 às 14:00:00 UTC-3","world cup ticket prices drop","./explore?q=world%20cup%20ticket%20prices%20drop&geo=US"
"pete alonso","1 mil+","11 de julho de 2026 às 21:30:00 UTC-3","11 de julho de 2026 às 23:30:00 UTC-3","pete alonso","./explore?q=pete%20alonso&geo=US"
"mikel oyarzabal","2 mil+","10 de julho de 2026 às 16:30:00 UTC-3","10 de julho de 2026 às 17:40:00 UTC-3","mikel oyarzabal","./explore?q=mikel%20oyarzabal&geo=US"
"wyatt russell goldie hawn kurt russell","2 mil+","10 de julho de 2026 às 09:50:00 UTC-3","10 de julho de 2026 às 15:50:00 UTC-3","wyatt russell goldie hawn kurt russell","./explore?q=wyatt%20russell%20goldie%20hawn%20kurt%20russell&geo=US"
"colorado rockies","2 mil+","11 de julho de 2026 às 01:40:00 UTC-3","11 de julho de 2026 às 03:50:00 UTC-3","colorado rockies,rockies,tyler bell","./explore?q=colorado%20rockies&geo=US"
"jackie tohn","2 mil+","10 de julho de 2026 às 21:00:00 UTC-3","10 de julho de 2026 às 23:00:00 UTC-3","jackie tohn","./explore?q=jackie%20tohn&geo=US"
"onds stock","200+","13 de julho de 2026 às 11:00:00 UTC-3","13 de julho de 2026 às 11:50:00 UTC-3","onds stock","./explore?q=onds%20stock&geo=US"
"wayne rooney","1 mil+","11 de julho de 2026 às 18:50:00 UTC-3","11 de julho de 2026 às 21:10:00 UTC-3","wayne rooney","./explore?q=wayne%20rooney&geo=US"
"tesla","5 mil+","8 de julho de 2026 às 04:30:00 UTC-3","8 de julho de 2026 às 09:10:00 UTC-3","tesla","./explore?q=tesla&geo=US"
"conor mcgregor walkout song","2 mil+","12 de julho de 2026 às 00:20:00 UTC-3","12 de julho de 2026 às 01:40:00 UTC-3","conor mcgregor walkout song,max holloway walkout song,mcgregor walkout song","./explore?q=conor%20mcgregor%20walkout%20song&geo=US"
"conor mcgregor controversy","1 mil+","12 de julho de 2026 às 00:20:00 UTC-3","12 de julho de 2026 às 02:20:00 UTC-3","conor mcgregor controversy","./explore?q=conor%20mcgregor%20controversy&geo=US"
"celtics summer league","1 mil+","10 de julho de 2026 às 22:10:00 UTC-3","11 de julho de 2026 às 09:00:00 UTC-3","celtics summer league","./explore?q=celtics%20summer%20league&geo=US"
"shakira austin","1 mil+","12 de julho de 2026 às 17:50:00 UTC-3","12 de julho de 2026 às 19:10:00 UTC-3","shakira austin","./explore?q=shakira%20austin&geo=US"
"harri heliövaara","1 mil+","11 de julho de 2026 às 09:40:00 UTC-3","11 de julho de 2026 às 12:10:00 UTC-3","harri heliövaara","./explore?q=harri%20heli%C3%B6vaara&geo=US"
"ace reese","1 mil+","11 de julho de 2026 às 16:30:00 UTC-3","11 de julho de 2026 às 18:30:00 UTC-3","ace reese","./explore?q=ace%20reese&geo=US"
"miami marlins","2 mil+","9 de julho de 2026 às 20:20:00 UTC-3","9 de julho de 2026 às 23:40:00 UTC-3","miami marlins,marlins","./explore?q=miami%20marlins&geo=US"
"ringo starr","2 mil+","7 de julho de 2026 às 08:10:00 UTC-3","7 de julho de 2026 às 17:50:00 UTC-3","ringo starr","./explore?q=ringo%20starr&geo=US"
"mariska hargitay","2 mil+","8 de julho de 2026 às 11:30:00 UTC-3","8 de julho de 2026 às 21:40:00 UTC-3","mariska hargitay","./explore?q=mariska%20hargitay&geo=US"
"tyler spangler","1 mil+","11 de julho de 2026 às 17:20:00 UTC-3","11 de julho de 2026 às 19:30:00 UTC-3","tyler spangler","./explore?q=tyler%20spangler&geo=US"
"cfl","1 mil+","12 de julho de 2026 às 20:40:00 UTC-3","12 de julho de 2026 às 22:10:00 UTC-3","cfl,tiger-cats vs roughriders","./explore?q=cfl&geo=US"
"donald trump energy policy coal","200+","13 de julho de 2026 às 13:40:00 UTC-3","13 de julho de 2026 às 16:10:00 UTC-3","donald trump energy policy coal","./explore?q=donald%20trump%20energy%20policy%20coal&geo=US"
"spx","200+","13 de julho de 2026 às 11:30:00 UTC-3","13 de julho de 2026 às 12:40:00 UTC-3","spx","./explore?q=spx&geo=US"
"ge stock","200+","13 de julho de 2026 às 11:10:00 UTC-3","13 de julho de 2026 às 12:10:00 UTC-3","ge stock","./explore?q=ge%20stock&geo=US"
"jordan clarkson","2 mil+","9 de julho de 2026 às 12:40:00 UTC-3","9 de julho de 2026 às 15:40:00 UTC-3","jordan clarkson,new york knicks","./explore?q=jordan%20clarkson&geo=US"
"harry kane dad","1 mil+","11 de julho de 2026 às 19:50:00 UTC-3","11 de julho de 2026 às 21:50:00 UTC-3","harry kane dad,harry kane father","./explore?q=harry%20kane%20dad&geo=US"
"america fc","1 mil+","12 de julho de 2026 às 00:00:00 UTC-3","12 de julho de 2026 às 02:50:00 UTC-3","america fc","./explore?q=america%20fc&geo=US"
"lucas digne","200+","13 de julho de 2026 às 11:20:00 UTC-3","13 de julho de 2026 às 12:00:00 UTC-3","lucas digne","./explore?q=lucas%20digne&geo=US"
"ohtani","5 mil+","7 de julho de 2026 às 23:20:00 UTC-3","8 de julho de 2026 às 09:30:00 UTC-3","ohtani,shohei ohtani","./explore?q=ohtani&geo=US"
"mary morello","200+","13 de julho de 2026 às 08:20:00 UTC-3","13 de julho de 2026 às 10:20:00 UTC-3","mary morello","./explore?q=mary%20morello&geo=US"
"rafael devers","1 mil+","11 de julho de 2026 às 00:10:00 UTC-3","11 de julho de 2026 às 08:50:00 UTC-3","rafael devers","./explore?q=rafael%20devers&geo=US"
"miguel vargas","1 mil+","10 de julho de 2026 às 23:20:00 UTC-3","11 de julho de 2026 às 02:40:00 UTC-3","miguel vargas","./explore?q=miguel%20vargas&geo=US"
"dillon mitchell","500+","12 de julho de 2026 às 19:50:00 UTC-3","12 de julho de 2026 às 21:20:00 UTC-3","dillon mitchell","./explore?q=dillon%20mitchell&geo=US"
"the cook political report","2 mil+","10 de julho de 2026 às 15:50:00 UTC-3","10 de julho de 2026 às 21:20:00 UTC-3","the cook political report","./explore?q=the%20cook%20political%20report&geo=US"
"dana chandler","1 mil+","11 de julho de 2026 às 22:50:00 UTC-3","12 de julho de 2026 às 00:50:00 UTC-3","dana chandler","./explore?q=dana%20chandler&geo=US"
"allegiant stadium","1 mil+","10 de julho de 2026 às 23:00:00 UTC-3","11 de julho de 2026 às 04:50:00 UTC-3","allegiant stadium","./explore?q=allegiant%20stadium&geo=US"
"north berwick scotland","1 mil+","11 de julho de 2026 às 13:40:00 UTC-3","11 de julho de 2026 às 16:40:00 UTC-3","north berwick scotland","./explore?q=north%20berwick%20scotland&geo=US"
"robert gasser","500+","12 de julho de 2026 às 14:00:00 UTC-3","12 de julho de 2026 às 16:10:00 UTC-3","robert gasser","./explore?q=robert%20gasser&geo=US"
"jose pekerman","1 mil+","11 de julho de 2026 às 22:50:00 UTC-3","12 de julho de 2026 às 02:00:00 UTC-3","jose pekerman","./explore?q=jose%20pekerman&geo=US"
"vargas switzerland","2 mil+","12 de julho de 2026 às 00:30:00 UTC-3","12 de julho de 2026 às 01:40:00 UTC-3","vargas switzerland,ruben vargas","./explore?q=vargas%20switzerland&geo=US"
"kristin cavallari","1 mil+","12 de julho de 2026 às 07:50:00 UTC-3","12 de julho de 2026 às 10:50:00 UTC-3","kristin cavallari","./explore?q=kristin%20cavallari&geo=US"
"reds","5 mil+","9 de julho de 2026 às 22:00:00 UTC-3","9 de julho de 2026 às 23:40:00 UTC-3","reds,cincinnati reds,reds game","./explore?q=reds&geo=US"
"marlins","2 mil+","10 de julho de 2026 às 22:00:00 UTC-3","10 de julho de 2026 às 23:30:00 UTC-3","marlins,miami marlins,guardians - marlins","./explore?q=marlins&geo=US"
"mathieu van der poel","1 mil+","12 de julho de 2026 às 12:20:00 UTC-3","12 de julho de 2026 às 13:30:00 UTC-3","mathieu van der poel","./explore?q=mathieu%20van%20der%20poel&geo=US"
"world cup qualifiers schedule","200+","13 de julho de 2026 às 07:10:00 UTC-3","13 de julho de 2026 às 09:20:00 UTC-3","world cup qualifiers schedule","./explore?q=world%20cup%20qualifiers%20schedule&geo=US"
"tesla","5 mil+","9 de julho de 2026 às 04:10:00 UTC-3","9 de julho de 2026 às 07:30:00 UTC-3","tesla","./explore?q=tesla&geo=US"
"best movies to stream right now","2 mil+","10 de julho de 2026 às 21:20:00 UTC-3","11 de julho de 2026 às 00:00:00 UTC-3","best movies to stream right now,best movies to stream,best movies streaming now,best shows to watch","./explore?q=best%20movies%20to%20stream%20right%20now&geo=US"
"itvx","1 mil+","11 de julho de 2026 às 18:00:00 UTC-3","11 de julho de 2026 às 20:00:00 UTC-3","itvx","./explore?q=itvx&geo=US"
"aaron wise","500+","12 de julho de 2026 às 19:40:00 UTC-3","12 de julho de 2026 às 20:50:00 UTC-3","aaron wise","./explore?q=aaron%20wise&geo=US"
"soxl stock","500+","13 de julho de 2026 às 11:20:00 UTC-3","13 de julho de 2026 às 12:10:00 UTC-3","soxl stock","./explore?q=soxl%20stock&geo=US"
"today wordle answers","2 mil+","11 de julho de 2026 às 12:20:00 UTC-3","11 de julho de 2026 às 14:30:00 UTC-3","today wordle answers,wordle — the new york times,wordle july 11","./explore?q=today%20wordle%20answers&geo=US"
"allison janney","2 mil+","8 de julho de 2026 às 00:50:00 UTC-3","8 de julho de 2026 às 05:20:00 UTC-3","allison janney","./explore?q=allison%20janney&geo=US"
"pete crow-armstrong","2 mil+","8 de julho de 2026 às 21:00:00 UTC-3","9 de julho de 2026 às 00:40:00 UTC-3","pete crow-armstrong,orioles score,pete crow armstrong","./explore?q=pete%20crow-armstrong&geo=US"
"tracker","1 mil+","10 de julho de 2026 às 08:50:00 UTC-3","10 de julho de 2026 às 13:30:00 UTC-3","tracker","./explore?q=tracker&geo=US"
"world cup teams left","1 mil+","11 de julho de 2026 às 20:40:00 UTC-3","12 de julho de 2026 às 01:50:00 UTC-3","world cup teams left","./explore?q=world%20cup%20teams%20left&geo=US"
"matt damon wife","1 mil+","12 de julho de 2026 às 09:30:00 UTC-3","12 de julho de 2026 às 10:50:00 UTC-3","matt damon wife,matt damon daughters,how old is matt damon","./explore?q=matt%20damon%20wife&geo=US"
"hardrock 100","2 mil+","11 de julho de 2026 às 08:10:00 UTC-3","11 de julho de 2026 às 11:40:00 UTC-3","hardrock 100","./explore?q=hardrock%20100&geo=US"
"wonderwall england","2 mil+","11 de julho de 2026 às 20:50:00 UTC-3","11 de julho de 2026 às 22:00:00 UTC-3","wonderwall england,england wonderwall,england song world cup,wonderwall england fans,why does england play wonderwall,wonderwall england soccer","./explore?q=wonderwall%20england&geo=US"
"who has won the most world cups","1 mil+","11 de julho de 2026 às 20:40:00 UTC-3","12 de julho de 2026 às 01:50:00 UTC-3","who has won the most world cups","./explore?q=who%20has%20won%20the%20most%20world%20cups&geo=US"
"rockies - dodgers","2 mil+","8 de julho de 2026 às 23:00:00 UTC-3","9 de julho de 2026 às 02:40:00 UTC-3","rockies - dodgers,jordan romano,mookie betts","./explore?q=rockies%20-%20dodgers&geo=US"
"storm","1 mil+","11 de julho de 2026 às 10:10:00 UTC-3","11 de julho de 2026 às 12:20:00 UTC-3","storm","./explore?q=storm&geo=US"
"hilary duff","200+","13 de julho de 2026 às 04:10:00 UTC-3","13 de julho de 2026 às 05:20:00 UTC-3","hilary duff","./explore?q=hilary%20duff&geo=US"
"mls","1 mil+","11 de julho de 2026 às 19:50:00 UTC-3","11 de julho de 2026 às 23:30:00 UTC-3","mls","./explore?q=mls&geo=US"
"jim cramer new stock picks","2 mil+","7 de julho de 2026 às 08:10:00 UTC-3","7 de julho de 2026 às 14:00:00 UTC-3","jim cramer new stock picks","./explore?q=jim%20cramer%20new%20stock%20picks&geo=US"
"strikeout","1 mil+","11 de julho de 2026 às 23:40:00 UTC-3","12 de julho de 2026 às 01:40:00 UTC-3","strikeout","./explore?q=strikeout&geo=US"
"sony rx10 v","2 mil+","9 de julho de 2026 às 11:50:00 UTC-3","9 de julho de 2026 às 17:30:00 UTC-3","sony rx10 v","./explore?q=sony%20rx10%20v&geo=US"
"roberto baggio","1 mil+","11 de julho de 2026 às 22:10:00 UTC-3","11 de julho de 2026 às 23:20:00 UTC-3","roberto baggio","./explore?q=roberto%20baggio&geo=US"
"spain wildfires","2 mil+","10 de julho de 2026 às 15:50:00 UTC-3","10 de julho de 2026 às 17:00:00 UTC-3","spain wildfires,wildfires in spain,spain fires,wildfires spain","./explore?q=spain%20wildfires&geo=US"
"patrick peterson","1 mil+","11 de julho de 2026 às 16:50:00 UTC-3","11 de julho de 2026 às 18:10:00 UTC-3","patrick peterson","./explore?q=patrick%20peterson&geo=US"
"st louis weather","2 mil+","10 de julho de 2026 às 22:00:00 UTC-3","11 de julho de 2026 às 00:50:00 UTC-3","st louis weather,storm","./explore?q=st%20louis%20weather&geo=US"
"zverev allegations","500+","12 de julho de 2026 às 13:10:00 UTC-3","12 de julho de 2026 às 15:10:00 UTC-3","zverev allegations","./explore?q=zverev%20allegations&geo=US"
"baba stock","1 mil+","13 de julho de 2026 às 11:00:00 UTC-3","13 de julho de 2026 às 11:50:00 UTC-3","baba stock","./explore?q=baba%20stock&geo=US"
"paige bueckers","5 mil+","7 de julho de 2026 às 21:10:00 UTC-3","8 de julho de 2026 às 00:10:00 UTC-3","paige bueckers","./explore?q=paige%20bueckers&geo=US"
"adou thiero","2 mil+","11 de julho de 2026 às 00:50:00 UTC-3","11 de julho de 2026 às 04:40:00 UTC-3","adou thiero,lakers summer league","./explore?q=adou%20thiero&geo=US"
"sf giants","2 mil+","10 de julho de 2026 às 00:00:00 UTC-3","10 de julho de 2026 às 02:30:00 UTC-3","sf giants,casey schmitt,willy adames","./explore?q=sf%20giants&geo=US"
"connor bedard","2 mil+","8 de julho de 2026 às 16:20:00 UTC-3","8 de julho de 2026 às 21:30:00 UTC-3","connor bedard","./explore?q=connor%20bedard&geo=US"
"sal stewart","2 mil+","8 de julho de 2026 às 21:00:00 UTC-3","9 de julho de 2026 às 00:30:00 UTC-3","sal stewart,tanner banks,reds score","./explore?q=sal%20stewart&geo=US"
"ridley scott","2 mil+","8 de julho de 2026 às 23:10:00 UTC-3","9 de julho de 2026 às 05:10:00 UTC-3","ridley scott","./explore?q=ridley%20scott&geo=US"
"fenerbahçe vs pogoń szczecin","1 mil+","11 de julho de 2026 às 15:00:00 UTC-3","11 de julho de 2026 às 17:30:00 UTC-3","fenerbahçe vs pogoń szczecin","./explore?q=fenerbah%C3%A7e%20vs%20pogo%C5%84%20szczecin&geo=US"
"tom kim wife","500+","12 de julho de 2026 às 15:40:00 UTC-3","12 de julho de 2026 às 16:50:00 UTC-3","tom kim wife","./explore?q=tom%20kim%20wife&geo=US"
"anna blinkova","2 mil+","10 de julho de 2026 às 09:10:00 UTC-3","10 de julho de 2026 às 12:00:00 UTC-3","anna blinkova","./explore?q=anna%20blinkova&geo=US"
"hunter dietz","2 mil+","11 de julho de 2026 às 17:10:00 UTC-3","11 de julho de 2026 às 18:40:00 UTC-3","hunter dietz,mlb.com","./explore?q=hunter%20dietz&geo=US"
"nathan ngoy","2 mil+","10 de julho de 2026 às 15:50:00 UTC-3","10 de julho de 2026 às 18:40:00 UTC-3","nathan ngoy","./explore?q=nathan%20ngoy&geo=US"
"courtney vandersloot","500+","12 de julho de 2026 às 21:20:00 UTC-3","12 de julho de 2026 às 22:30:00 UTC-3","courtney vandersloot","./explore?q=courtney%20vandersloot&geo=US"
"nvidia rtx","1 mil+","11 de julho de 2026 às 13:50:00 UTC-3","11 de julho de 2026 às 16:10:00 UTC-3","nvidia rtx","./explore?q=nvidia%20rtx&geo=US"
"cher","500+","12 de julho de 2026 às 14:10:00 UTC-3","12 de julho de 2026 às 15:30:00 UTC-3","cher","./explore?q=cher&geo=US"
"orlando weather","1 mil+","12 de julho de 2026 às 15:00:00 UTC-3","12 de julho de 2026 às 16:20:00 UTC-3","orlando weather,weather orlando","./explore?q=orlando%20weather&geo=US"
"dan quinn","500+","12 de julho de 2026 às 18:50:00 UTC-3","12 de julho de 2026 às 20:00:00 UTC-3","dan quinn","./explore?q=dan%20quinn&geo=US"
"sofia vergara","2 mil+","7 de julho de 2026 às 21:20:00 UTC-3","8 de julho de 2026 às 02:20:00 UTC-3","sofia vergara","./explore?q=sofia%20vergara&geo=US"
"jonas valančiūnas","2 mil+","8 de julho de 2026 às 18:00:00 UTC-3","8 de julho de 2026 às 21:50:00 UTC-3","jonas valančiūnas","./explore?q=jonas%20valan%C4%8Di%C5%ABnas&geo=US"
"mass lottery","500+","12 de julho de 2026 às 07:40:00 UTC-3","12 de julho de 2026 às 09:40:00 UTC-3","mass lottery","./explore?q=mass%20lottery&geo=US"
"gillette stadium","2 mil+","9 de julho de 2026 às 16:30:00 UTC-3","9 de julho de 2026 às 19:40:00 UTC-3","gillette stadium,boston stadium foxborough","./explore?q=gillette%20stadium&geo=US"
"jake bennett","2 mil+","8 de julho de 2026 às 22:20:00 UTC-3","9 de julho de 2026 às 08:50:00 UTC-3","jake bennett,tsung-che cheng","./explore?q=jake%20bennett&geo=US"
"corte suprema","2 mil+","10 de julho de 2026 às 13:50:00 UTC-3","10 de julho de 2026 às 15:10:00 UTC-3","corte suprema","./explore?q=corte%20suprema&geo=US"
"paraguay senator mbappe","2 mil+","9 de julho de 2026 às 17:20:00 UTC-3","9 de julho de 2026 às 20:20:00 UTC-3","paraguay senator mbappe","./explore?q=paraguay%20senator%20mbappe&geo=US"
"shameless","2 mil+","8 de julho de 2026 às 20:20:00 UTC-3","9 de julho de 2026 às 01:50:00 UTC-3","shameless","./explore?q=shameless&geo=US"
"jamie lee curtis","500+","12 de julho de 2026 às 20:20:00 UTC-3","12 de julho de 2026 às 21:50:00 UTC-3","jamie lee curtis","./explore?q=jamie%20lee%20curtis&geo=US"
"pennsylvania avenue northwest","2 mil+","10 de julho de 2026 às 11:20:00 UTC-3","10 de julho de 2026 às 18:40:00 UTC-3","pennsylvania avenue northwest","./explore?q=pennsylvania%20avenue%20northwest&geo=US"
"nene royal","2 mil+","8 de julho de 2026 às 08:10:00 UTC-3","9 de julho de 2026 às 02:00:00 UTC-3","nene royal","./explore?q=nene%20royal&geo=US"
"joey logano","500+","12 de julho de 2026 às 20:20:00 UTC-3","13 de julho de 2026 às 02:00:00 UTC-3","joey logano","./explore?q=joey%20logano&geo=US"
"grok 4.5","2 mil+","8 de julho de 2026 às 16:50:00 UTC-3","9 de julho de 2026 às 07:00:00 UTC-3","grok 4.5","./explore?q=grok%204.5&geo=US"
"san francisco giants","500+","12 de julho de 2026 às 19:30:00 UTC-3","12 de julho de 2026 às 20:30:00 UTC-3","san francisco giants","./explore?q=san%20francisco%20giants&geo=US"
"hood stock","200+","13 de julho de 2026 às 11:20:00 UTC-3","13 de julho de 2026 às 12:10:00 UTC-3","hood stock","./explore?q=hood%20stock&geo=US"
"peyton watson","1 mil+","11 de julho de 2026 às 01:20:00 UTC-3","11 de julho de 2026 às 05:30:00 UTC-3","peyton watson","./explore?q=peyton%20watson&geo=US"
"2 world trade center","2 mil+","9 de julho de 2026 às 21:20:00 UTC-3","10 de julho de 2026 às 10:30:00 UTC-3","2 world trade center","./explore?q=2%20world%20trade%20center&geo=US"
"dillon dingler","5 mil+","8 de julho de 2026 às 20:20:00 UTC-3","9 de julho de 2026 às 08:50:00 UTC-3","dillon dingler,nick kurtz,tigers game","./explore?q=dillon%20dingler&geo=US"
"patricia heaton","1 mil+","11 de julho de 2026 às 12:50:00 UTC-3","11 de julho de 2026 às 14:10:00 UTC-3","patricia heaton","./explore?q=patricia%20heaton&geo=US"
"levi banks big brother departure","1 mil+","10 de julho de 2026 às 04:30:00 UTC-3","10 de julho de 2026 às 10:30:00 UTC-3","levi banks big brother departure","./explore?q=levi%20banks%20big%20brother%20departure&geo=US"
"netflix subscription","500+","12 de julho de 2026 às 04:10:00 UTC-3","12 de julho de 2026 às 08:30:00 UTC-3","netflix subscription","./explore?q=netflix%20subscription&geo=US"
"truck driver","2 mil+","7 de julho de 2026 às 09:50:00 UTC-3","7 de julho de 2026 às 17:00:00 UTC-3","truck driver","./explore?q=truck%20driver&geo=US"
"sarah paulson","2 mil+","12 de julho de 2026 às 23:40:00 UTC-3","13 de julho de 2026 às 00:40:00 UTC-3","sarah paulson,ahs 13 release date,emma roberts","./explore?q=sarah%20paulson&geo=US"
"san antonio weather","500+","13 de julho de 2026 às 10:00:00 UTC-3","13 de julho de 2026 às 11:00:00 UTC-3","san antonio weather,austin weather","./explore?q=san%20antonio%20weather&geo=US"
"legend of the white dragon trailer","2 mil+","7 de julho de 2026 às 19:30:00 UTC-3","7 de julho de 2026 às 23:10:00 UTC-3","legend of the white dragon trailer,jason david frank","./explore?q=legend%20of%20the%20white%20dragon%20trailer&geo=US"
"baker mayfield","500+","12 de julho de 2026 às 16:50:00 UTC-3","12 de julho de 2026 às 18:00:00 UTC-3","baker mayfield","./explore?q=baker%20mayfield&geo=US"
"patrick sandoval","2 mil+","9 de julho de 2026 às 15:00:00 UTC-3","9 de julho de 2026 às 19:00:00 UTC-3","patrick sandoval,caleb durbin,red sox - white sox","./explore?q=patrick%20sandoval&geo=US"
"cardi b paris couture week","2 mil+","9 de julho de 2026 às 21:50:00 UTC-3","10 de julho de 2026 às 08:40:00 UTC-3","cardi b paris couture week,cardi b haute couture boots","./explore?q=cardi%20b%20paris%20couture%20week&geo=US"
"john terry","1 mil+","11 de julho de 2026 às 19:30:00 UTC-3","11 de julho de 2026 às 20:40:00 UTC-3","john terry","./explore?q=john%20terry&geo=US"
"luis suárez","5 mil+","7 de julho de 2026 às 16:30:00 UTC-3","7 de julho de 2026 às 20:30:00 UTC-3","luis suárez,luis suarez,quintero","./explore?q=luis%20su%C3%A1rez&geo=US"
"bounou","2 mil+","9 de julho de 2026 às 17:20:00 UTC-3","9 de julho de 2026 às 20:00:00 UTC-3","bounou","./explore?q=bounou&geo=US"
"tim tawa","1 mil+","11 de julho de 2026 às 00:20:00 UTC-3","11 de julho de 2026 às 03:10:00 UTC-3","tim tawa","./explore?q=tim%20tawa&geo=US"
"월드컵","1 mil+","11 de julho de 2026 às 20:00:00 UTC-3","12 de julho de 2026 às 01:40:00 UTC-3","월드컵","./explore?q=%EC%9B%94%EB%93%9C%EC%BB%B5&geo=US"
"myles garrett","2 mil+","10 de julho de 2026 às 17:10:00 UTC-3","10 de julho de 2026 às 18:50:00 UTC-3","myles garrett","./explore?q=myles%20garrett&geo=US"
"cfb 27","1 mil+","10 de julho de 2026 às 22:10:00 UTC-3","11 de julho de 2026 às 02:50:00 UTC-3","cfb 27","./explore?q=cfb%2027&geo=US"
"la sparks","1 mil+","10 de julho de 2026 às 23:00:00 UTC-3","11 de julho de 2026 às 02:00:00 UTC-3","la sparks,gabriela jaquez","./explore?q=la%20sparks&geo=US"
"ba stock","200+","13 de julho de 2026 às 11:00:00 UTC-3","13 de julho de 2026 às 11:50:00 UTC-3","ba stock","./explore?q=ba%20stock&geo=US"
"rush limbaugh","2 mil+","11 de julho de 2026 às 11:10:00 UTC-3","11 de julho de 2026 às 12:20:00 UTC-3","rush limbaugh,kathryn limbaugh","./explore?q=rush%20limbaugh&geo=US"
"hand of god goal","1 mil+","12 de julho de 2026 às 00:40:00 UTC-3","12 de julho de 2026 às 01:50:00 UTC-3","hand of god goal,hand of god","./explore?q=hand%20of%20god%20goal&geo=US"
"benin","2 mil+","9 de julho de 2026 às 01:20:00 UTC-3","9 de julho de 2026 às 14:10:00 UTC-3","benin","./explore?q=benin&geo=US"
"shakira","5 mil+","9 de julho de 2026 às 17:50:00 UTC-3","9 de julho de 2026 às 18:50:00 UTC-3","shakira","./explore?q=shakira&geo=US"
"ranking fifa","1 mil+","12 de julho de 2026 às 00:40:00 UTC-3","12 de julho de 2026 às 02:10:00 UTC-3","ranking fifa","./explore?q=ranking%20fifa&geo=US"
"davinson sánchez","5 mil+","7 de julho de 2026 às 17:10:00 UTC-3","7 de julho de 2026 às 21:00:00 UTC-3","davinson sánchez,davinson sanchez","./explore?q=davinson%20s%C3%A1nchez&geo=US"
"jennifer lopez parisian birthday celebration","1 mil+","9 de julho de 2026 às 21:20:00 UTC-3","10 de julho de 2026 às 10:40:00 UTC-3","jennifer lopez parisian birthday celebration","./explore?q=jennifer%20lopez%20parisian%20birthday%20celebration&geo=US"
"james harden","2 mil+","8 de julho de 2026 às 21:00:00 UTC-3","9 de julho de 2026 às 08:20:00 UTC-3","james harden","./explore?q=james%20harden&geo=US"
"carson wiggins","1 mil+","11 de julho de 2026 às 16:50:00 UTC-3","11 de julho de 2026 às 18:30:00 UTC-3","carson wiggins","./explore?q=carson%20wiggins&geo=US"
"jfk","1 mil+","10 de julho de 2026 às 22:20:00 UTC-3","11 de julho de 2026 às 01:30:00 UTC-3","jfk","./explore?q=jfk&geo=US"
"who is argentina playing next","1 mil+","12 de julho de 2026 às 00:50:00 UTC-3","12 de julho de 2026 às 02:00:00 UTC-3","who is argentina playing next,who will argentina play next","./explore?q=who%20is%20argentina%20playing%20next&geo=US"
"messi age","10 mil+","7 de julho de 2026 às 15:10:00 UTC-3","7 de julho de 2026 às 16:10:00 UTC-3","messi age,messi goat,how old is lionel messi","./explore?q=messi%20age&geo=US"
"apple tv plus","500+","12 de julho de 2026 às 05:00:00 UTC-3","12 de julho de 2026 às 09:00:00 UTC-3","apple tv plus","./explore?q=apple%20tv%20plus&geo=US"
"jake schaffner","1 mil+","11 de julho de 2026 às 16:20:00 UTC-3","11 de julho de 2026 às 18:00:00 UTC-3","jake schaffner","./explore?q=jake%20schaffner&geo=US"
"drew burress","1 mil+","11 de julho de 2026 às 15:10:00 UTC-3","11 de julho de 2026 às 17:00:00 UTC-3","drew burress","./explore?q=drew%20burress&geo=US"
"jj abrams","500+","12 de julho de 2026 às 10:30:00 UTC-3","12 de julho de 2026 às 11:50:00 UTC-3","jj abrams","./explore?q=jj%20abrams&geo=US"
"brooke hanlon","2 mil+","11 de julho de 2026 às 08:40:00 UTC-3","11 de julho de 2026 às 11:20:00 UTC-3","brooke hanlon","./explore?q=brooke%20hanlon&geo=US"
"jessica shepard","2 mil+","7 de julho de 2026 às 21:30:00 UTC-3","8 de julho de 2026 às 00:30:00 UTC-3","jessica shepard","./explore?q=jessica%20shepard&geo=US"
"espn","20 mil+","7 de julho de 2026 às 15:10:00 UTC-3","7 de julho de 2026 às 16:00:00 UTC-3","espn,reds game,phillies schedule,mlb games,phillies vs reds prediction","./explore?q=espn&geo=US"
"smh stock","200+","13 de julho de 2026 às 11:20:00 UTC-3","13 de julho de 2026 às 12:00:00 UTC-3","smh stock","./explore?q=smh%20stock&geo=US"
"mostafa shobeir","5 mil+","7 de julho de 2026 às 13:50:00 UTC-3","7 de julho de 2026 às 16:10:00 UTC-3","mostafa shobeir,egypt goalkeeper,egypt goalie,messi missed penalty,shobeir","./explore?q=mostafa%20shobeir&geo=US"
"roger federer","1 mil+","11 de julho de 2026 às 23:40:00 UTC-3","12 de julho de 2026 às 00:50:00 UTC-3","roger federer","./explore?q=roger%20federer&geo=US"
"zach johnson","500+","12 de julho de 2026 às 16:40:00 UTC-3","12 de julho de 2026 às 17:50:00 UTC-3","zach johnson","./explore?q=zach%20johnson&geo=US"
"saving private ryan","2 mil+","7 de julho de 2026 às 21:50:00 UTC-3","8 de julho de 2026 às 00:50:00 UTC-3","saving private ryan","./explore?q=saving%20private%20ryan&geo=US"
"america's got talent auditions 5","2 mil+","7 de julho de 2026 às 08:50:00 UTC-3","7 de julho de 2026 às 22:40:00 UTC-3","america's got talent auditions 5","./explore?q=america%27s%20got%20talent%20auditions%205&geo=US"
"george lombard","1 mil+","11 de julho de 2026 às 15:50:00 UTC-3","11 de julho de 2026 às 17:30:00 UTC-3","george lombard,george lombard jr","./explore?q=george%20lombard&geo=US"
"devin williams","500+","12 de julho de 2026 às 17:00:00 UTC-3","12 de julho de 2026 às 18:20:00 UTC-3","devin williams","./explore?q=devin%20williams&geo=US"
"england roster","2 mil+","11 de julho de 2026 às 18:40:00 UTC-3","11 de julho de 2026 às 21:00:00 UTC-3","england roster","./explore?q=england%20roster&geo=US"
"pittsburgh weather","2 mil+","10 de julho de 2026 às 19:30:00 UTC-3","10 de julho de 2026 às 21:50:00 UTC-3","pittsburgh weather,weather philadelphia","./explore?q=pittsburgh%20weather&geo=US"
"cómo quedó argentina","10 mil+","7 de julho de 2026 às 15:00:00 UTC-3","7 de julho de 2026 às 17:00:00 UTC-3","cómo quedó argentina,partidos del mundial 2026,partido de argentina,partido argentina,egipto vs,quien gano argentina o egipto,rcn en vivo","./explore?q=c%C3%B3mo%20qued%C3%B3%20argentina&geo=US"
"foxborough","2 mil+","9 de julho de 2026 às 16:50:00 UTC-3","9 de julho de 2026 às 19:40:00 UTC-3","foxborough","./explore?q=foxborough&geo=US"
"antonela roccuzzo","1 mil+","12 de julho de 2026 às 00:10:00 UTC-3","12 de julho de 2026 às 01:50:00 UTC-3","antonela roccuzzo","./explore?q=antonela%20roccuzzo&geo=US"
"airmail","200+","12 de julho de 2026 às 04:40:00 UTC-3","12 de julho de 2026 às 08:50:00 UTC-3","airmail","./explore?q=airmail&geo=US"
"andy pages","1 mil+","11 de julho de 2026 às 00:00:00 UTC-3","11 de julho de 2026 às 02:40:00 UTC-3","andy pages","./explore?q=andy%20pages&geo=US"
"5g","1 mil+","11 de julho de 2026 às 22:10:00 UTC-3","11 de julho de 2026 às 23:20:00 UTC-3","5g","./explore?q=5g&geo=US"
"air jordan 11 space jam","1 mil+","11 de julho de 2026 às 00:10:00 UTC-3","11 de julho de 2026 às 02:30:00 UTC-3","air jordan 11 space jam","./explore?q=air%20jordan%2011%20space%20jam&geo=US"
"julián andrés quiñones","2 mil+","8 de julho de 2026 às 17:00:00 UTC-3","8 de julho de 2026 às 21:30:00 UTC-3","julián andrés quiñones,juegos del mundial 2026","./explore?q=juli%C3%A1n%20andr%C3%A9s%20qui%C3%B1ones&geo=US"
"paddy vs gaethje","2 mil+","12 de julho de 2026 às 00:10:00 UTC-3","12 de julho de 2026 às 01:20:00 UTC-3","paddy vs gaethje,gaethje,paddy pimblett vs justin gaethje","./explore?q=paddy%20vs%20gaethje&geo=US"
"bernadette peters","5 mil+","7 de julho de 2026 às 10:40:00 UTC-3","7 de julho de 2026 às 14:50:00 UTC-3","bernadette peters","./explore?q=bernadette%20peters&geo=US"
"mets score","2 mil+","7 de julho de 2026 às 22:20:00 UTC-3","8 de julho de 2026 às 08:10:00 UTC-3","mets score,phil regan","./explore?q=mets%20score&geo=US"
"twins","2 mil+","8 de julho de 2026 às 22:40:00 UTC-3","9 de julho de 2026 às 01:10:00 UTC-3","twins,twins game","./explore?q=twins&geo=US"
"jake gyllenhaal","1 mil+","12 de julho de 2026 às 00:40:00 UTC-3","12 de julho de 2026 às 02:20:00 UTC-3","jake gyllenhaal","./explore?q=jake%20gyllenhaal&geo=US"
"cnbc worst states to live in","500+","12 de julho de 2026 às 18:20:00 UTC-3","12 de julho de 2026 às 20:20:00 UTC-3","cnbc worst states to live in","./explore?q=cnbc%20worst%20states%20to%20live%20in&geo=US"
"friday","1 mil+","10 de julho de 2026 às 08:10:00 UTC-3","10 de julho de 2026 às 12:00:00 UTC-3","friday","./explore?q=friday&geo=US"
"vantage wa","2 mil+","8 de julho de 2026 às 22:30:00 UTC-3","9 de julho de 2026 às 03:20:00 UTC-3","vantage wa,vantage fire,vantage washington","./explore?q=vantage%20wa&geo=US"
"weather this weekend","500+","12 de julho de 2026 às 04:20:00 UTC-3","12 de julho de 2026 às 08:20:00 UTC-3","weather this weekend","./explore?q=weather%20this%20weekend&geo=US"
"why isn't haaland playing for norway","1 mil+","11 de julho de 2026 às 20:30:00 UTC-3","11 de julho de 2026 às 21:50:00 UTC-3","why isn't haaland playing for norway,why isn't haaland playing","./explore?q=why%20isn%27t%20haaland%20playing%20for%20norway&geo=US"
"chase delauter","1 mil+","12 de julho de 2026 às 17:40:00 UTC-3","12 de julho de 2026 às 18:50:00 UTC-3","chase delauter","./explore?q=chase%20delauter&geo=US"
"almada","1 mil+","12 de julho de 2026 às 00:10:00 UTC-3","12 de julho de 2026 às 01:20:00 UTC-3","almada","./explore?q=almada&geo=US"
"2030 fifa world cup host country","1 mil+","12 de julho de 2026 às 00:10:00 UTC-3","12 de julho de 2026 às 01:20:00 UTC-3","2030 fifa world cup host country,world cup 2030 host country","./explore?q=2030%20fifa%20world%20cup%20host%20country&geo=US"
"jake bauers","5 mil+","9 de julho de 2026 às 21:40:00 UTC-3","10 de julho de 2026 às 00:30:00 UTC-3","jake bauers,brice turang,jordan walker,robert gasser,cardinals game,andre pallante,christian yelich","./explore?q=jake%20bauers&geo=US"
"how old is messi","10 mil+","7 de julho de 2026 às 15:10:00 UTC-3","7 de julho de 2026 às 16:20:00 UTC-3","how old is messi","./explore?q=how%20old%20is%20messi&geo=US"
"umar nurmagomedov","1 mil+","11 de julho de 2026 às 23:20:00 UTC-3","12 de julho de 2026 às 00:50:00 UTC-3","umar nurmagomedov","./explore?q=umar%20nurmagomedov&geo=US"
"mark derosa","200+","13 de julho de 2026 às 14:20:00 UTC-3","13 de julho de 2026 às 14:50:00 UTC-3","mark derosa","./explore?q=mark%20derosa&geo=US"
"christian yelich","1 mil+","11 de julho de 2026 às 08:40:00 UTC-3","11 de julho de 2026 às 16:10:00 UTC-3","christian yelich","./explore?q=christian%20yelich&geo=US"
"united states department of justice","2 mil+","9 de julho de 2026 às 11:50:00 UTC-3","9 de julho de 2026 às 15:00:00 UTC-3","united states department of justice","./explore?q=united%20states%20department%20of%20justice&geo=US"
"motogp","500+","12 de julho de 2026 às 08:50:00 UTC-3","12 de julho de 2026 às 11:20:00 UTC-3","motogp","./explore?q=motogp&geo=US"
"tim allen","2 mil+","8 de julho de 2026 às 22:10:00 UTC-3","9 de julho de 2026 às 02:10:00 UTC-3","tim allen","./explore?q=tim%20allen&geo=US"
"anass salah-eddine","2 mil+","9 de julho de 2026 às 16:20:00 UTC-3","9 de julho de 2026 às 19:10:00 UTC-3","anass salah-eddine","./explore?q=anass%20salah-eddine&geo=US"
"dodgers vs rockies","5 mil+","7 de julho de 2026 às 23:40:00 UTC-3","8 de julho de 2026 às 02:40:00 UTC-3","dodgers vs rockies,rockies,paul blackburn","./explore?q=dodgers%20vs%20rockies&geo=US"
"ewan mcgregor","1 mil+","12 de julho de 2026 às 00:30:00 UTC-3","12 de julho de 2026 às 03:10:00 UTC-3","ewan mcgregor","./explore?q=ewan%20mcgregor&geo=US"
"norway captain","1 mil+","11 de julho de 2026 às 18:40:00 UTC-3","11 de julho de 2026 às 21:10:00 UTC-3","norway captain","./explore?q=norway%20captain&geo=US"
"how many yellow cards before suspension in world cup","1 mil+","11 de julho de 2026 às 23:30:00 UTC-3","12 de julho de 2026 às 00:40:00 UTC-3","how many yellow cards before suspension in world cup","./explore?q=how%20many%20yellow%20cards%20before%20suspension%20in%20world%20cup&geo=US"
"antwone kelly","500+","12 de julho de 2026 às 16:00:00 UTC-3","12 de julho de 2026 às 17:10:00 UTC-3","antwone kelly","./explore?q=antwone%20kelly&geo=US"
"haaland memes","1 mil+","11 de julho de 2026 às 18:30:00 UTC-3","11 de julho de 2026 às 20:40:00 UTC-3","haaland memes","./explore?q=haaland%20memes&geo=US"
"sc lottery","1 mil+","12 de julho de 2026 às 09:40:00 UTC-3","12 de julho de 2026 às 21:20:00 UTC-3","sc lottery","./explore?q=sc%20lottery&geo=US"
"fox one","10 mil+","9 de julho de 2026 às 17:20:00 UTC-3","9 de julho de 2026 às 18:00:00 UTC-3","fox one,fox one world cup","./explore?q=fox%20one&geo=US"
"ester expósito","2 mil+","9 de julho de 2026 às 18:00:00 UTC-3","9 de julho de 2026 às 20:10:00 UTC-3","ester expósito,ester exposito","./explore?q=ester%20exp%C3%B3sito&geo=US"
"big beautiful bill financial aid","2 mil+","7 de julho de 2026 às 06:50:00 UTC-3","7 de julho de 2026 às 12:40:00 UTC-3","big beautiful bill financial aid","./explore?q=big%20beautiful%20bill%20financial%20aid&geo=US"
"chicago stars vs boston legacy","1 mil+","10 de julho de 2026 às 20:20:00 UTC-3","10 de julho de 2026 às 23:30:00 UTC-3","chicago stars vs boston legacy","./explore?q=chicago%20stars%20vs%20boston%20legacy&geo=US"
"robert davi","500+","12 de julho de 2026 às 08:20:00 UTC-3","12 de julho de 2026 às 11:00:00 UTC-3","robert davi","./explore?q=robert%20davi&geo=US"
"riley gaines","2 mil+","9 de julho de 2026 às 21:50:00 UTC-3","10 de julho de 2026 às 01:00:00 UTC-3","riley gaines","./explore?q=riley%20gaines&geo=US"
"laura siegemund","2 mil+","7 de julho de 2026 às 16:50:00 UTC-3","8 de julho de 2026 às 09:20:00 UTC-3","laura siegemund","./explore?q=laura%20siegemund&geo=US"
"fernando mendoza","1 mil+","10 de julho de 2026 às 20:40:00 UTC-3","10 de julho de 2026 às 23:50:00 UTC-3","fernando mendoza","./explore?q=fernando%20mendoza&geo=US"
"palantir stock","1 mil+","13 de julho de 2026 às 11:40:00 UTC-3","13 de julho de 2026 às 12:00:00 UTC-3","palantir stock,pltr stock price,palantir","./explore?q=palantir%20stock&geo=US"
"indiana fever","5 mil+","10 de julho de 2026 às 01:30:00 UTC-3","10 de julho de 2026 às 02:30:00 UTC-3","indiana fever,fever,fever wnba,lexie hull","./explore?q=indiana%20fever&geo=US"
"rockies - dodgers","2 mil+","7 de julho de 2026 às 23:00:00 UTC-3","8 de julho de 2026 às 02:50:00 UTC-3","rockies - dodgers","./explore?q=rockies%20-%20dodgers&geo=US"
"maxim de cuyper","1 mil+","10 de julho de 2026 às 15:50:00 UTC-3","10 de julho de 2026 às 18:10:00 UTC-3","maxim de cuyper","./explore?q=maxim%20de%20cuyper&geo=US"
"spain roster","1 mil+","10 de julho de 2026 às 16:30:00 UTC-3","10 de julho de 2026 às 18:50:00 UTC-3","spain roster","./explore?q=spain%20roster&geo=US"
"mike matusow","2 mil+","8 de julho de 2026 às 11:10:00 UTC-3","8 de julho de 2026 às 17:30:00 UTC-3","mike matusow","./explore?q=mike%20matusow&geo=US"
"jasson domínguez","1 mil+","10 de julho de 2026 às 23:00:00 UTC-3","11 de julho de 2026 às 09:10:00 UTC-3","jasson domínguez","./explore?q=jasson%20dom%C3%ADnguez&geo=US"
"larry david","1 mil+","11 de julho de 2026 às 17:20:00 UTC-3","11 de julho de 2026 às 18:30:00 UTC-3","larry david","./explore?q=larry%20david&geo=US"
"childcare","5 mil+","8 de julho de 2026 às 00:20:00 UTC-3","8 de julho de 2026 às 01:40:00 UTC-3","childcare,daycare,daycare center","./explore?q=childcare&geo=US"
"jules koundé","2 mil+","9 de julho de 2026 às 17:10:00 UTC-3","9 de julho de 2026 às 19:50:00 UTC-3","jules koundé,kounde","./explore?q=jules%20kound%C3%A9&geo=US"
"jan-lennard struff","2 mil+","7 de julho de 2026 às 09:00:00 UTC-3","7 de julho de 2026 às 12:40:00 UTC-3","jan-lennard struff,struff tennis","./explore?q=jan-lennard%20struff&geo=US"
"elly de la cruz","1 mil+","10 de julho de 2026 às 21:40:00 UTC-3","11 de julho de 2026 às 00:00:00 UTC-3","elly de la cruz","./explore?q=elly%20de%20la%20cruz&geo=US"
"gio rojas","1 mil+","11 de julho de 2026 às 15:50:00 UTC-3","11 de julho de 2026 às 17:30:00 UTC-3","gio rojas","./explore?q=gio%20rojas&geo=US"
"cincinnati weather","1 mil+","11 de julho de 2026 às 08:20:00 UTC-3","11 de julho de 2026 às 16:10:00 UTC-3","cincinnati weather","./explore?q=cincinnati%20weather&geo=US"
"stranger things season 5","500+","12 de julho de 2026 às 04:40:00 UTC-3","12 de julho de 2026 às 09:20:00 UTC-3","stranger things season 5","./explore?q=stranger%20things%20season%205&geo=US"
"jannick sinner","500+","12 de julho de 2026 às 16:00:00 UTC-3","12 de julho de 2026 às 17:10:00 UTC-3","jannick sinner","./explore?q=jannick%20sinner&geo=US"
"thread","5 mil+","8 de julho de 2026 às 07:50:00 UTC-3","8 de julho de 2026 às 12:00:00 UTC-3","thread,mets game,royals - mets,lane thomas,new york mets","./explore?q=thread&geo=US"
"brittany allen","2 mil+","8 de julho de 2026 às 13:50:00 UTC-3","8 de julho de 2026 às 19:10:00 UTC-3","brittany allen,shawn hatosy,katherine lanasa,patrick ball","./explore?q=brittany%20allen&geo=US"
"trevor lawrence","500+","12 de julho de 2026 às 16:50:00 UTC-3","12 de julho de 2026 às 18:00:00 UTC-3","trevor lawrence","./explore?q=trevor%20lawrence&geo=US"
"스페인 대 벨기에","1 mil+","10 de julho de 2026 às 15:40:00 UTC-3","10 de julho de 2026 às 19:00:00 UTC-3","스페인 대 벨기에","./explore?q=%EC%8A%A4%ED%8E%98%EC%9D%B8%20%EB%8C%80%20%EB%B2%A8%EA%B8%B0%EC%97%90&geo=US"
"tommy nance","2 mil+","10 de julho de 2026 às 16:00:00 UTC-3","10 de julho de 2026 às 18:10:00 UTC-3","tommy nance,blue","./explore?q=tommy%20nance&geo=US"
"brandon pfaadt","1 mil+","11 de julho de 2026 às 22:40:00 UTC-3","12 de julho de 2026 às 00:30:00 UTC-3","brandon pfaadt","./explore?q=brandon%20pfaadt&geo=US"
"argentine – égypte","5 mil+","7 de julho de 2026 às 12:50:00 UTC-3","7 de julho de 2026 às 16:00:00 UTC-3","argentine – égypte,argentine,françois letexier,letexier","./explore?q=argentine%20%E2%80%93%20%C3%A9gypte&geo=US"
"goleadores del mundial 2026","2 mil+","11 de julho de 2026 às 20:20:00 UTC-3","11 de julho de 2026 às 21:40:00 UTC-3","goleadores del mundial 2026,goleadores del mundial","./explore?q=goleadores%20del%20mundial%202026&geo=US"
"charles johnson","1 mil+","11 de julho de 2026 às 22:40:00 UTC-3","12 de julho de 2026 às 00:00:00 UTC-3","charles johnson","./explore?q=charles%20johnson&geo=US"
"alcaraz","1 mil+","10 de julho de 2026 às 13:00:00 UTC-3","10 de julho de 2026 às 15:50:00 UTC-3","alcaraz","./explore?q=alcaraz&geo=US"
"commissioner","2 mil+","7 de julho de 2026 às 06:50:00 UTC-3","7 de julho de 2026 às 11:30:00 UTC-3","commissioner","./explore?q=commissioner&geo=US"
"vancouver","2 mil+","7 de julho de 2026 às 17:30:00 UTC-3","7 de julho de 2026 às 20:40:00 UTC-3","vancouver","./explore?q=vancouver&geo=US"
"joey bart","2 mil+","8 de julho de 2026 às 21:30:00 UTC-3","8 de julho de 2026 às 23:20:00 UTC-3","joey bart,jared jones","./explore?q=joey%20bart&geo=US"
"jake rogers","2 mil+","8 de julho de 2026 às 20:30:00 UTC-3","8 de julho de 2026 às 23:10:00 UTC-3","jake rogers,troy melton,spencer torkelson","./explore?q=jake%20rogers&geo=US"
"jorge jesus","2 mil+","10 de julho de 2026 às 12:20:00 UTC-3","10 de julho de 2026 às 15:40:00 UTC-3","jorge jesus","./explore?q=jorge%20jesus&geo=US"
"shep rose taylor ann green update","2 mil+","8 de julho de 2026 às 07:00:00 UTC-3","8 de julho de 2026 às 13:10:00 UTC-3","shep rose taylor ann green update","./explore?q=shep%20rose%20taylor%20ann%20green%20update&geo=US"
"costco stock","2 mil+","9 de julho de 2026 às 10:50:00 UTC-3","9 de julho de 2026 às 17:30:00 UTC-3","costco stock","./explore?q=costco%20stock&geo=US"
"météo cette semaine","200+","12 de julho de 2026 às 05:40:00 UTC-3","12 de julho de 2026 às 08:50:00 UTC-3","météo cette semaine","./explore?q=m%C3%A9t%C3%A9o%20cette%20semaine&geo=US"
"the chi season 8","1 mil+","10 de julho de 2026 às 02:20:00 UTC-3","10 de julho de 2026 às 06:30:00 UTC-3","the chi season 8,the chi season 8 episode 8","./explore?q=the%20chi%20season%208&geo=US"
"giants game","1 mil+","9 de julho de 2026 às 23:40:00 UTC-3","10 de julho de 2026 às 02:50:00 UTC-3","giants game","./explore?q=giants%20game&geo=US"
"oc fair","200+","13 de julho de 2026 às 02:40:00 UTC-3","13 de julho de 2026 às 04:30:00 UTC-3","oc fair","./explore?q=oc%20fair&geo=US"
"ty dillon","500+","12 de julho de 2026 às 21:50:00 UTC-3","12 de julho de 2026 às 22:50:00 UTC-3","ty dillon","./explore?q=ty%20dillon&geo=US"
"pope leo","1 mil+","11 de julho de 2026 às 22:50:00 UTC-3","11 de julho de 2026 às 23:50:00 UTC-3","pope leo,pope","./explore?q=pope%20leo&geo=US"
"功夫女足","500+","11 de julho de 2026 às 02:50:00 UTC-3","11 de julho de 2026 às 08:10:00 UTC-3","功夫女足","./explore?q=%E5%8A%9F%E5%A4%AB%E5%A5%B3%E8%B6%B3&geo=US"
"kaiser","5 mil+","7 de julho de 2026 às 01:50:00 UTC-3","7 de julho de 2026 às 18:30:00 UTC-3","kaiser,kaiser permanente","./explore?q=kaiser&geo=US"
"french open 2026","500+","12 de julho de 2026 às 16:00:00 UTC-3","12 de julho de 2026 às 17:20:00 UTC-3","french open 2026","./explore?q=french%20open%202026&geo=US"
"youri tielemans","2 mil+","10 de julho de 2026 às 16:00:00 UTC-3","10 de julho de 2026 às 17:10:00 UTC-3","youri tielemans","./explore?q=youri%20tielemans&geo=US"
"how much did drake bet on conor mcgregor","1 mil+","12 de julho de 2026 às 00:40:00 UTC-3","12 de julho de 2026 às 02:00:00 UTC-3","how much did drake bet on conor mcgregor,drake bet on conor mcgregor,drake bet","./explore?q=how%20much%20did%20drake%20bet%20on%20conor%20mcgregor&geo=US"
"hotel","2 mil+","7 de julho de 2026 às 04:40:00 UTC-3","7 de julho de 2026 às 08:20:00 UTC-3","hotel","./explore?q=hotel&geo=US"
"miami temp","1 mil+","11 de julho de 2026 às 18:10:00 UTC-3","11 de julho de 2026 às 20:50:00 UTC-3","miami temp","./explore?q=miami%20temp&geo=US"
"klystron 9","1 mil+","10 de julho de 2026 às 19:30:00 UTC-3","10 de julho de 2026 às 21:30:00 UTC-3","klystron 9","./explore?q=klystron%209&geo=US"
"emily ratajkowski","1 mil+","11 de julho de 2026 às 08:40:00 UTC-3","11 de julho de 2026 às 12:00:00 UTC-3","emily ratajkowski","./explore?q=emily%20ratajkowski&geo=US"
"sirius xm","5 mil+","8 de julho de 2026 às 17:40:00 UTC-3","8 de julho de 2026 às 19:30:00 UTC-3","sirius xm,sirius","./explore?q=sirius%20xm&geo=US"
"mass general brigham nurse strike","200+","13 de julho de 2026 às 09:30:00 UTC-3","13 de julho de 2026 às 10:30:00 UTC-3","mass general brigham nurse strike,brigham nurses strike","./explore?q=mass%20general%20brigham%20nurse%20strike&geo=US"
"pedro porro","2 mil+","10 de julho de 2026 às 16:20:00 UTC-3","10 de julho de 2026 às 17:30:00 UTC-3","pedro porro","./explore?q=pedro%20porro&geo=US"
"ryan gosling","2 mil+","11 de julho de 2026 às 18:50:00 UTC-3","11 de julho de 2026 às 19:50:00 UTC-3","ryan gosling,ryan gosling movies","./explore?q=ryan%20gosling&geo=US"
"ballon d'or","2 mil+","9 de julho de 2026 às 18:30:00 UTC-3","9 de julho de 2026 às 19:50:00 UTC-3","ballon d'or,ballon d'or winners,london city lionesses","./explore?q=ballon%20d%27or&geo=US"
"best movies to watch now","500+","12 de julho de 2026 às 06:00:00 UTC-3","12 de julho de 2026 às 09:20:00 UTC-3","best movies to watch now","./explore?q=best%20movies%20to%20watch%20now&geo=US"
"prince harry daily mail lawsuit","2 mil+","7 de julho de 2026 às 08:00:00 UTC-3","7 de julho de 2026 às 13:30:00 UTC-3","prince harry daily mail lawsuit,prince harry associated newspapers lawsuit,daily mail","./explore?q=prince%20harry%20daily%20mail%20lawsuit&geo=US"
"阿根廷","1 mil+","12 de julho de 2026 às 00:00:00 UTC-3","12 de julho de 2026 às 01:40:00 UTC-3","阿根廷,阿根廷 埃及","./explore?q=%E9%98%BF%E6%A0%B9%E5%BB%B7&geo=US"
"cucurella","2 mil+","10 de julho de 2026 às 17:30:00 UTC-3","10 de julho de 2026 às 18:20:00 UTC-3","cucurella","./explore?q=cucurella&geo=US"
"mta","200+","13 de julho de 2026 às 08:50:00 UTC-3","13 de julho de 2026 às 09:50:00 UTC-3","mta","./explore?q=mta&geo=US"
"leo carlsson","5 mil+","9 de julho de 2026 às 13:50:00 UTC-3","9 de julho de 2026 às 14:30:00 UTC-3","leo carlsson,cutter gauthier,anaheim ducks,flyers","./explore?q=leo%20carlsson&geo=US"
"timothee chalamet","1 mil+","11 de julho de 2026 às 23:20:00 UTC-3","12 de julho de 2026 às 00:10:00 UTC-3","timothee chalamet","./explore?q=timothee%20chalamet&geo=US"
"b-21 raider wso pilot transition","500+","11 de julho de 2026 às 07:40:00 UTC-3","11 de julho de 2026 às 11:20:00 UTC-3","b-21 raider wso pilot transition","./explore?q=b-21%20raider%20wso%20pilot%20transition&geo=US"
"xero","500+","12 de julho de 2026 às 04:10:00 UTC-3","12 de julho de 2026 às 08:10:00 UTC-3","xero","./explore?q=xero&geo=US"
"padel","1 mil+","9 de julho de 2026 às 07:10:00 UTC-3","9 de julho de 2026 às 12:50:00 UTC-3","padel","./explore?q=padel&geo=US"
"neil the seal","2 mil+","10 de julho de 2026 às 22:50:00 UTC-3","11 de julho de 2026 às 00:40:00 UTC-3","neil the seal","./explore?q=neil%20the%20seal&geo=US"
"挪威 对阵 英格兰","2 mil+","11 de julho de 2026 às 20:00:00 UTC-3","11 de julho de 2026 às 21:30:00 UTC-3","挪威 对阵 英格兰,贝林厄姆,挪威 - 英格兰","./explore?q=%E6%8C%AA%E5%A8%81%20%E5%AF%B9%E9%98%B5%20%E8%8B%B1%E6%A0%BC%E5%85%B0&geo=US"
"ronaldo nazario","1 mil+","11 de julho de 2026 às 19:20:00 UTC-3","11 de julho de 2026 às 20:30:00 UTC-3","ronaldo nazario","./explore?q=ronaldo%20nazario&geo=US"
"minnesota lynx","2 mil+","8 de julho de 2026 às 21:20:00 UTC-3","8 de julho de 2026 às 23:40:00 UTC-3","minnesota lynx,connecticut sun,kayla mcbride,cheryl reeve","./explore?q=minnesota%20lynx&geo=US"
"bryce eldridge","2 mil+","10 de julho de 2026 às 00:00:00 UTC-3","10 de julho de 2026 às 03:00:00 UTC-3","bryce eldridge,casey schmitt","./explore?q=bryce%20eldridge&geo=US"
"dybala","1 mil+","11 de julho de 2026 às 22:40:00 UTC-3","12 de julho de 2026 às 01:30:00 UTC-3","dybala,paulo dybala","./explore?q=dybala&geo=US"
"fires near me","1 mil+","10 de julho de 2026 às 21:40:00 UTC-3","10 de julho de 2026 às 23:30:00 UTC-3","fires near me,brunswick county fire,ocean isle beach","./explore?q=fires%20near%20me&geo=US"
"georgia lottery","1 mil+","11 de julho de 2026 às 14:10:00 UTC-3","11 de julho de 2026 às 15:40:00 UTC-3","georgia lottery","./explore?q=georgia%20lottery&geo=US"
"creator cup","500+","12 de julho de 2026 às 18:30:00 UTC-3","12 de julho de 2026 às 19:30:00 UTC-3","creator cup,fifa creator cup","./explore?q=creator%20cup&geo=US"
"dow futures","10 mil+","8 de julho de 2026 às 07:30:00 UTC-3","8 de julho de 2026 às 09:30:00 UTC-3","dow futures,dow jones,djia futures,sp 500,oil prices today,dow jones futures,nasdaq futures,stock market futures,dow today,s&p","./explore?q=dow%20futures&geo=US"
"world cup final location","500+","11 de julho de 2026 às 20:50:00 UTC-3","12 de julho de 2026 às 01:50:00 UTC-3","world cup final location","./explore?q=world%20cup%20final%20location&geo=US"
"clippers summer league","2 mil+","10 de julho de 2026 às 00:40:00 UTC-3","10 de julho de 2026 às 03:10:00 UTC-3","clippers summer league,sacramento kings,kings vs clippers,darius acuff,clippers summer league roster","./explore?q=clippers%20summer%20league&geo=US"
"sling tv","2 mil+","11 de julho de 2026 às 18:10:00 UTC-3","11 de julho de 2026 às 19:20:00 UTC-3","sling tv,sling","./explore?q=sling%20tv&geo=US"
"denzel washington","1 mil+","9 de julho de 2026 às 23:40:00 UTC-3","10 de julho de 2026 às 02:50:00 UTC-3","denzel washington","./explore?q=denzel%20washington&geo=US"
"wmt stock","200+","13 de julho de 2026 às 11:10:00 UTC-3","13 de julho de 2026 às 11:40:00 UTC-3","wmt stock","./explore?q=wmt%20stock&geo=US"
"clippers summer league","500+","13 de julho de 2026 às 00:40:00 UTC-3","13 de julho de 2026 às 01:40:00 UTC-3","clippers summer league,wizards vs kings","./explore?q=clippers%20summer%20league&geo=US"
"tre johnson","1 mil+","9 de julho de 2026 às 22:10:00 UTC-3","10 de julho de 2026 às 02:10:00 UTC-3","tre johnson","./explore?q=tre%20johnson&geo=US"
"kelsey mitchell","2 mil+","8 de julho de 2026 às 23:10:00 UTC-3","9 de julho de 2026 às 02:00:00 UTC-3","kelsey mitchell","./explore?q=kelsey%20mitchell&geo=US"
"elly de la cruz","2 mil+","8 de julho de 2026 às 21:40:00 UTC-3","9 de julho de 2026 às 07:30:00 UTC-3","elly de la cruz","./explore?q=elly%20de%20la%20cruz&geo=US"
"kyle larson","200+","13 de julho de 2026 às 02:40:00 UTC-3","13 de julho de 2026 às 03:40:00 UTC-3","kyle larson","./explore?q=kyle%20larson&geo=US"
"al jazeera","2 mil+","7 de julho de 2026 às 19:10:00 UTC-3","9 de julho de 2026 às 09:10:00 UTC-3","al jazeera","./explore?q=al%20jazeera&geo=US"
"cameron diaz","1 mil+","11 de julho de 2026 às 00:20:00 UTC-3","11 de julho de 2026 às 02:00:00 UTC-3","cameron diaz","./explore?q=cameron%20diaz&geo=US"
"cape fear show","2 mil+","8 de julho de 2026 às 21:20:00 UTC-3","9 de julho de 2026 às 01:00:00 UTC-3","cape fear show","./explore?q=cape%20fear%20show&geo=US"
"dark winds season 4","1 mil+","9 de julho de 2026 às 21:20:00 UTC-3","10 de julho de 2026 às 01:00:00 UTC-3","dark winds season 4","./explore?q=dark%20winds%20season%204&geo=US"
"tracy smith","500+","12 de julho de 2026 às 10:40:00 UTC-3","12 de julho de 2026 às 12:30:00 UTC-3","tracy smith","./explore?q=tracy%20smith&geo=US"
"wetter diese woche","500+","12 de julho de 2026 às 04:00:00 UTC-3","12 de julho de 2026 às 08:30:00 UTC-3","wetter diese woche","./explore?q=wetter%20diese%20woche&geo=US"
"olise france","2 mil+","9 de julho de 2026 às 18:20:00 UTC-3","9 de julho de 2026 às 20:00:00 UTC-3","olise france,yellow card soccer","./explore?q=olise%20france&geo=US"
"backrooms streaming","2 mil+","10 de julho de 2026 às 21:00:00 UTC-3","10 de julho de 2026 às 23:10:00 UTC-3","backrooms streaming","./explore?q=backrooms%20streaming&geo=US"
"thailand","1 mil+","10 de julho de 2026 às 08:50:00 UTC-3","10 de julho de 2026 às 12:40:00 UTC-3","thailand","./explore?q=thailand&geo=US"
"yankees - rays","2 mil+","7 de julho de 2026 às 19:20:00 UTC-3","7 de julho de 2026 às 23:20:00 UTC-3","yankees - rays,ian seymour,will warren","./explore?q=yankees%20-%20rays&geo=US"
"ms rachel","1 mil+","11 de julho de 2026 às 10:20:00 UTC-3","11 de julho de 2026 às 13:30:00 UTC-3","ms rachel","./explore?q=ms%20rachel&geo=US"
"hbcu swingman classic","2 mil+","10 de julho de 2026 às 20:10:00 UTC-3","10 de julho de 2026 às 23:30:00 UTC-3","hbcu swingman classic,hbcu swingman classic 2026","./explore?q=hbcu%20swingman%20classic&geo=US"
"karl darlow","2 mil+","9 de julho de 2026 às 14:00:00 UTC-3","9 de julho de 2026 às 16:30:00 UTC-3","karl darlow,manchester united goalkeeper","./explore?q=karl%20darlow&geo=US"
"matthew seelinger","2 mil+","7 de julho de 2026 às 22:50:00 UTC-3","8 de julho de 2026 às 00:50:00 UTC-3","matthew seelinger,matt seelinger tigers mets trade,matt seelinger","./explore?q=matthew%20seelinger&geo=US"
"royals - mets","1 mil+","9 de julho de 2026 às 14:00:00 UTC-3","9 de julho de 2026 às 17:40:00 UTC-3","royals - mets","./explore?q=royals%20-%20mets&geo=US"
"youtube tv","20 mil+","9 de julho de 2026 às 17:20:00 UTC-3","9 de julho de 2026 às 17:40:00 UTC-3","youtube tv,youtubetv,you tube tv","./explore?q=youtube%20tv&geo=US"
"vargentina","1 mil+","11 de julho de 2026 às 23:50:00 UTC-3","12 de julho de 2026 às 01:50:00 UTC-3","vargentina,l martinez","./explore?q=vargentina&geo=US"
"railway","200+","12 de julho de 2026 às 05:00:00 UTC-3","12 de julho de 2026 às 08:10:00 UTC-3","railway","./explore?q=railway&geo=US"
"israel adesanya","1 mil+","11 de julho de 2026 às 22:10:00 UTC-3","12 de julho de 2026 às 02:10:00 UTC-3","israel adesanya","./explore?q=israel%20adesanya&geo=US"
"fda findings on tampon metals","1 mil+","8 de julho de 2026 às 21:30:00 UTC-3","9 de julho de 2026 às 09:40:00 UTC-3","fda findings on tampon metals","./explore?q=fda%20findings%20on%20tampon%20metals&geo=US"
"ladera ranch fire","2 mil+","9 de julho de 2026 às 19:10:00 UTC-3","10 de julho de 2026 às 09:30:00 UTC-3","ladera ranch fire,real housewives of orange county","./explore?q=ladera%20ranch%20fire&geo=US"
"charles iii","2 mil+","8 de julho de 2026 às 10:10:00 UTC-3","8 de julho de 2026 às 20:40:00 UTC-3","charles iii","./explore?q=charles%20iii&geo=US"
"mary-kate and ashley olsen","1 mil+","11 de julho de 2026 às 10:20:00 UTC-3","11 de julho de 2026 às 12:00:00 UTC-3","mary-kate and ashley olsen","./explore?q=mary-kate%20and%20ashley%20olsen&geo=US"
"martina hingis","500+","11 de julho de 2026 às 23:00:00 UTC-3","12 de julho de 2026 às 00:10:00 UTC-3","martina hingis","./explore?q=martina%20hingis&geo=US"
"hairstyle","500+","11 de julho de 2026 às 09:10:00 UTC-3","11 de julho de 2026 às 12:10:00 UTC-3","hairstyle","./explore?q=hairstyle&geo=US"
"mitch bratt","500+","12 de julho de 2026 às 17:30:00 UTC-3","12 de julho de 2026 às 18:40:00 UTC-3","mitch bratt","./explore?q=mitch%20bratt&geo=US"
"bay fc vs racing louisville","1 mil+","10 de julho de 2026 às 20:40:00 UTC-3","10 de julho de 2026 às 23:30:00 UTC-3","bay fc vs racing louisville","./explore?q=bay%20fc%20vs%20racing%20louisville&geo=US"
"tour de france stage 6","2 mil+","9 de julho de 2026 às 08:50:00 UTC-3","9 de julho de 2026 às 14:40:00 UTC-3","tour de france stage 6,tadej pogačar","./explore?q=tour%20de%20france%20stage%206&geo=US"
"avión","1 mil+","8 de julho de 2026 às 06:50:00 UTC-3","8 de julho de 2026 às 12:00:00 UTC-3","avión","./explore?q=avi%C3%B3n&geo=US"
"taylor frankie paul","2 mil+","9 de julho de 2026 às 22:40:00 UTC-3","10 de julho de 2026 às 00:10:00 UTC-3","taylor frankie paul,dakota mortensen","./explore?q=taylor%20frankie%20paul&geo=US"
"t.i.","2 mil+","9 de julho de 2026 às 13:10:00 UTC-3","9 de julho de 2026 às 15:30:00 UTC-3","t.i.,ti","./explore?q=t.i.&geo=US"
"barcola","2 mil+","9 de julho de 2026 às 18:40:00 UTC-3","9 de julho de 2026 às 20:00:00 UTC-3","barcola","./explore?q=barcola&geo=US"
"new mexico","1 mil+","10 de julho de 2026 às 20:10:00 UTC-3","10 de julho de 2026 às 23:20:00 UTC-3","new mexico","./explore?q=new%20mexico&geo=US"
"matt boldy","500+","11 de julho de 2026 às 17:10:00 UTC-3","11 de julho de 2026 às 19:10:00 UTC-3","matt boldy","./explore?q=matt%20boldy&geo=US"
"andres cantor","5 mil+","7 de julho de 2026 às 14:40:00 UTC-3","7 de julho de 2026 às 16:30:00 UTC-3","andres cantor,arg","./explore?q=andres%20cantor&geo=US"
"brittany mahomes","1 mil+","11 de julho de 2026 às 22:40:00 UTC-3","12 de julho de 2026 às 00:00:00 UTC-3","brittany mahomes","./explore?q=brittany%20mahomes&geo=US"
"robert redford","1 mil+","10 de julho de 2026 às 23:00:00 UTC-3","11 de julho de 2026 às 01:20:00 UTC-3","robert redford","./explore?q=robert%20redford&geo=US"
"league classic","500+","12 de julho de 2026 às 03:20:00 UTC-3","12 de julho de 2026 às 05:00:00 UTC-3","league classic,league of legends","./explore?q=league%20classic&geo=US"
"toronto tempo","1 mil+","10 de julho de 2026 às 21:00:00 UTC-3","10 de julho de 2026 às 23:10:00 UTC-3","toronto tempo","./explore?q=toronto%20tempo&geo=US"
"voo stock","500+","13 de julho de 2026 às 11:20:00 UTC-3","13 de julho de 2026 às 11:40:00 UTC-3","voo stock","./explore?q=voo%20stock&geo=US"
"alex morgan world cup outfit","2 mil+","7 de julho de 2026 às 07:10:00 UTC-3","7 de julho de 2026 às 12:00:00 UTC-3","alex morgan world cup outfit","./explore?q=alex%20morgan%20world%20cup%20outfit&geo=US"
"joe rogan","2 mil+","10 de julho de 2026 às 22:10:00 UTC-3","11 de julho de 2026 às 00:10:00 UTC-3","joe rogan,f","./explore?q=joe%20rogan&geo=US"
"halland meme","1 mil+","11 de julho de 2026 às 18:30:00 UTC-3","11 de julho de 2026 às 20:10:00 UTC-3","halland meme","./explore?q=halland%20meme&geo=US"
"flamengo","1 mil+","11 de julho de 2026 às 16:30:00 UTC-3","11 de julho de 2026 às 18:30:00 UTC-3","flamengo,benfica","./explore?q=flamengo&geo=US"
"jaminton campaz world cup backlash","1 mil+","11 de julho de 2026 às 18:20:00 UTC-3","11 de julho de 2026 às 20:00:00 UTC-3","jaminton campaz world cup backlash,jaminton campaz","./explore?q=jaminton%20campaz%20world%20cup%20backlash&geo=US"
"ferrari","500+","12 de julho de 2026 às 11:40:00 UTC-3","12 de julho de 2026 às 21:00:00 UTC-3","ferrari","./explore?q=ferrari&geo=US"
"what to watch tonight","200+","12 de julho de 2026 às 04:40:00 UTC-3","12 de julho de 2026 às 08:10:00 UTC-3","what to watch tonight","./explore?q=what%20to%20watch%20tonight&geo=US"
"reese witherspoon","1 mil+","11 de julho de 2026 às 00:50:00 UTC-3","11 de julho de 2026 às 02:00:00 UTC-3","reese witherspoon","./explore?q=reese%20witherspoon&geo=US"
"price of gold today","100+","13 de julho de 2026 às 11:20:00 UTC-3","13 de julho de 2026 às 12:10:00 UTC-3","price of gold today","./explore?q=price%20of%20gold%20today&geo=US"
"a league of their own","1 mil+","9 de julho de 2026 às 20:30:00 UTC-3","9 de julho de 2026 às 23:20:00 UTC-3","a league of their own","./explore?q=a%20league%20of%20their%20own&geo=US"
"micron stock price","500+","13 de julho de 2026 às 11:20:00 UTC-3","13 de julho de 2026 às 11:40:00 UTC-3","micron stock price","./explore?q=micron%20stock%20price&geo=US"
"wta live rankings","1 mil+","11 de julho de 2026 às 14:40:00 UTC-3","11 de julho de 2026 às 16:10:00 UTC-3","wta live rankings","./explore?q=wta%20live%20rankings&geo=US"
"golden boot","2 mil+","9 de julho de 2026 às 18:40:00 UTC-3","9 de julho de 2026 às 20:00:00 UTC-3","golden boot,world cup golden boot","./explore?q=golden%20boot&geo=US"
"team building","200+","12 de julho de 2026 às 05:10:00 UTC-3","12 de julho de 2026 às 08:20:00 UTC-3","team building","./explore?q=team%20building&geo=US"
"tiffany stratton","500+","10 de julho de 2026 às 06:00:00 UTC-3","10 de julho de 2026 às 11:00:00 UTC-3","tiffany stratton","./explore?q=tiffany%20stratton&geo=US"
"gage wood","500+","12 de julho de 2026 às 13:10:00 UTC-3","12 de julho de 2026 às 14:20:00 UTC-3","gage wood","./explore?q=gage%20wood&geo=US"
"gucci mane","2 mil+","7 de julho de 2026 às 08:00:00 UTC-3","7 de julho de 2026 às 13:20:00 UTC-3","gucci mane","./explore?q=gucci%20mane&geo=US"
"nfl top 100","1 mil+","10 de julho de 2026 às 12:30:00 UTC-3","10 de julho de 2026 às 14:40:00 UTC-3","nfl top 100,jordan love","./explore?q=nfl%20top%20100&geo=US"
"epstein files","200+","13 de julho de 2026 às 03:40:00 UTC-3","13 de julho de 2026 às 04:40:00 UTC-3","epstein files","./explore?q=epstein%20files&geo=US"
"pope francis","500+","11 de julho de 2026 às 22:50:00 UTC-3","11 de julho de 2026 às 23:50:00 UTC-3","pope francis","./explore?q=pope%20francis&geo=US"
"home prices","500+","13 de julho de 2026 às 05:40:00 UTC-3","13 de julho de 2026 às 06:40:00 UTC-3","home prices,housing prices","./explore?q=home%20prices&geo=US"
"christopher bell","200+","13 de julho de 2026 às 02:40:00 UTC-3","13 de julho de 2026 às 03:40:00 UTC-3","christopher bell","./explore?q=christopher%20bell&geo=US"
"submarine","1 mil+","8 de julho de 2026 às 07:20:00 UTC-3","8 de julho de 2026 às 14:20:00 UTC-3","submarine","./explore?q=submarine&geo=US"
"denny hamlin nascar inspection","2 mil+","9 de julho de 2026 às 11:30:00 UTC-3","9 de julho de 2026 às 14:30:00 UTC-3","denny hamlin nascar inspection","./explore?q=denny%20hamlin%20nascar%20inspection&geo=US"
"ali larter","500+","10 de julho de 2026 às 06:10:00 UTC-3","10 de julho de 2026 às 10:00:00 UTC-3","ali larter","./explore?q=ali%20larter&geo=US"
"upamecano","1 mil+","9 de julho de 2026 às 17:40:00 UTC-3","9 de julho de 2026 às 19:40:00 UTC-3","upamecano","./explore?q=upamecano&geo=US"
"robert f. kennedy jr.","1 mil+","9 de julho de 2026 às 06:40:00 UTC-3","9 de julho de 2026 às 12:50:00 UTC-3","robert f. kennedy jr.","./explore?q=robert%20f.%20kennedy%20jr.&geo=US"
"nyland goalkeeper","500+","11 de julho de 2026 às 20:40:00 UTC-3","11 de julho de 2026 às 21:50:00 UTC-3","nyland goalkeeper","./explore?q=nyland%20goalkeeper&geo=US"
"cam caminiti","500+","12 de julho de 2026 às 13:50:00 UTC-3","12 de julho de 2026 às 14:50:00 UTC-3","cam caminiti","./explore?q=cam%20caminiti&geo=US"
"houston weather","2 mil+","7 de julho de 2026 às 17:50:00 UTC-3","8 de julho de 2026 às 00:10:00 UTC-3","houston weather","./explore?q=houston%20weather&geo=US"
"que ver en netflix","200+","12 de julho de 2026 às 05:20:00 UTC-3","12 de julho de 2026 às 08:50:00 UTC-3","que ver en netflix","./explore?q=que%20ver%20en%20netflix&geo=US"
"curtis mead","500+","12 de julho de 2026 às 16:40:00 UTC-3","12 de julho de 2026 às 17:40:00 UTC-3","curtis mead","./explore?q=curtis%20mead&geo=US"
"baltimore","1 mil+","9 de julho de 2026 às 07:30:00 UTC-3","9 de julho de 2026 às 15:30:00 UTC-3","baltimore,mta","./explore?q=baltimore&geo=US"
"carter beck","1 mil+","11 de julho de 2026 às 16:40:00 UTC-3","11 de julho de 2026 às 18:10:00 UTC-3","carter beck","./explore?q=carter%20beck&geo=US"
"swiss goalkeeper","1 mil+","12 de julho de 2026 às 00:10:00 UTC-3","12 de julho de 2026 às 01:20:00 UTC-3","swiss goalkeeper,kobel switzerland","./explore?q=swiss%20goalkeeper&geo=US"
"fox one","5 mil+","7 de julho de 2026 às 13:40:00 UTC-3","7 de julho de 2026 às 14:20:00 UTC-3","fox one,foxone","./explore?q=fox%20one&geo=US"
"lamine yamal girlfriend","2 mil+","10 de julho de 2026 às 16:30:00 UTC-3","10 de julho de 2026 às 17:40:00 UTC-3","lamine yamal girlfriend,lamine yamal wife,yamal soccer player","./explore?q=lamine%20yamal%20girlfriend&geo=US"
"ca lottery","500+","12 de julho de 2026 às 01:40:00 UTC-3","12 de julho de 2026 às 03:40:00 UTC-3","ca lottery","./explore?q=ca%20lottery&geo=US"
"stock market news today","500+","13 de julho de 2026 às 06:50:00 UTC-3","13 de julho de 2026 às 07:40:00 UTC-3","stock market news today,usd to yen","./explore?q=stock%20market%20news%20today&geo=US"
"raising kanan season 5","500+","10 de julho de 2026 às 01:30:00 UTC-3","10 de julho de 2026 às 06:20:00 UTC-3","raising kanan season 5","./explore?q=raising%20kanan%20season%205&geo=US"
"pete alonso","2 mil+","8 de julho de 2026 às 21:00:00 UTC-3","8 de julho de 2026 às 23:40:00 UTC-3","pete alonso","./explore?q=pete%20alonso&geo=US"
"lester quinones","200+","12 de julho de 2026 às 22:20:00 UTC-3","12 de julho de 2026 às 23:10:00 UTC-3","lester quinones","./explore?q=lester%20quinones&geo=US"
"william saliba","1 mil+","9 de julho de 2026 às 17:50:00 UTC-3","9 de julho de 2026 às 19:50:00 UTC-3","william saliba","./explore?q=william%20saliba&geo=US"
"klystron 9","500+","12 de julho de 2026 às 22:30:00 UTC-3","12 de julho de 2026 às 23:10:00 UTC-3","klystron 9","./explore?q=klystron%209&geo=US"
"noticias de hoje","200+","12 de julho de 2026 às 04:40:00 UTC-3","12 de julho de 2026 às 09:40:00 UTC-3","noticias de hoje","./explore?q=noticias%20de%20hoje&geo=US"
"t1 vs g2","2 mil+","8 de julho de 2026 às 04:20:00 UTC-3","8 de julho de 2026 às 08:00:00 UTC-3","t1 vs g2,g2 vs t1,msi 2026,msi bracket,msi lol,lol msi,lol","./explore?q=t1%20vs%20g2&geo=US"
"crcl stock","1 mil+","10 de julho de 2026 às 09:00:00 UTC-3","10 de julho de 2026 às 12:00:00 UTC-3","crcl stock","./explore?q=crcl%20stock&geo=US"
"napheesa collier","1 mil+","11 de julho de 2026 às 14:40:00 UTC-3","11 de julho de 2026 às 17:00:00 UTC-3","napheesa collier","./explore?q=napheesa%20collier&geo=US"
"boston temperature","2 mil+","9 de julho de 2026 às 17:10:00 UTC-3","9 de julho de 2026 às 19:10:00 UTC-3","boston temperature,weather in boston,temperature in boston","./explore?q=boston%20temperature&geo=US"
"mlb the show codes","500+","11 de julho de 2026 às 15:50:00 UTC-3","11 de julho de 2026 às 17:30:00 UTC-3","mlb the show codes","./explore?q=mlb%20the%20show%20codes&geo=US"
"greenland","2 mil+","7 de julho de 2026 às 14:00:00 UTC-3","8 de julho de 2026 às 10:40:00 UTC-3","greenland,erdogan,trump greenland","./explore?q=greenland&geo=US"
"georgia bulldogs football","200+","12 de julho de 2026 às 09:00:00 UTC-3","12 de julho de 2026 às 11:00:00 UTC-3","georgia bulldogs football","./explore?q=georgia%20bulldogs%20football&geo=US"
"walton goggins","500+","12 de julho de 2026 às 00:20:00 UTC-3","12 de julho de 2026 às 01:10:00 UTC-3","walton goggins","./explore?q=walton%20goggins&geo=US"
"kazuma okamoto","1 mil+","11 de julho de 2026 às 00:20:00 UTC-3","11 de julho de 2026 às 02:40:00 UTC-3","kazuma okamoto","./explore?q=kazuma%20okamoto&geo=US"
"greg james taylor swift wedding","1 mil+","9 de julho de 2026 às 13:30:00 UTC-3","9 de julho de 2026 às 16:20:00 UTC-3","greg james taylor swift wedding","./explore?q=greg%20james%20taylor%20swift%20wedding&geo=US"
"makayla timpson","200+","13 de julho de 2026 às 00:00:00 UTC-3","13 de julho de 2026 às 00:50:00 UTC-3","makayla timpson","./explore?q=makayla%20timpson&geo=US"
"chicago bears","2 mil+","8 de julho de 2026 às 07:30:00 UTC-3","8 de julho de 2026 às 13:10:00 UTC-3","chicago bears,bears training camp","./explore?q=chicago%20bears&geo=US"
"funeral","1 mil+","10 de julho de 2026 às 08:30:00 UTC-3","10 de julho de 2026 às 12:00:00 UTC-3","funeral","./explore?q=funeral&geo=US"
"wes watson","1 mil+","8 de julho de 2026 às 23:40:00 UTC-3","9 de julho de 2026 às 09:10:00 UTC-3","wes watson","./explore?q=wes%20watson&geo=US"
"has belgium ever won the world cup","1 mil+","10 de julho de 2026 às 16:40:00 UTC-3","10 de julho de 2026 às 18:20:00 UTC-3","has belgium ever won the world cup","./explore?q=has%20belgium%20ever%20won%20the%20world%20cup&geo=US"
"dave bautista","500+","11 de julho de 2026 às 23:30:00 UTC-3","12 de julho de 2026 às 00:40:00 UTC-3","dave bautista","./explore?q=dave%20bautista&geo=US"
"sam elliott","500+","11 de julho de 2026 às 21:10:00 UTC-3","11 de julho de 2026 às 22:10:00 UTC-3","sam elliott","./explore?q=sam%20elliott&geo=US"
"lamine yamal stats","1 mil+","10 de julho de 2026 às 16:20:00 UTC-3","10 de julho de 2026 às 18:40:00 UTC-3","lamine yamal stats","./explore?q=lamine%20yamal%20stats&geo=US"
"nicole kidman","500+","12 de julho de 2026 às 16:10:00 UTC-3","12 de julho de 2026 às 16:50:00 UTC-3","nicole kidman","./explore?q=nicole%20kidman&geo=US"
"ohio horror house","2 mil+","8 de julho de 2026 às 20:30:00 UTC-3","9 de julho de 2026 às 08:50:00 UTC-3","ohio horror house,elizabeth siders,siders family","./explore?q=ohio%20horror%20house&geo=US"
"encino fire","2 mil+","7 de julho de 2026 às 18:20:00 UTC-3","7 de julho de 2026 às 21:10:00 UTC-3","encino fire","./explore?q=encino%20fire&geo=US"
"world cup goal leaders","1 mil+","11 de julho de 2026 às 20:40:00 UTC-3","11 de julho de 2026 às 21:20:00 UTC-3","world cup goal leaders","./explore?q=world%20cup%20goal%20leaders&geo=US"
"que ver esta noche","200+","12 de julho de 2026 às 04:10:00 UTC-3","12 de julho de 2026 às 08:10:00 UTC-3","que ver esta noche","./explore?q=que%20ver%20esta%20noche&geo=US"
"gordon england","500+","11 de julho de 2026 às 18:40:00 UTC-3","11 de julho de 2026 às 19:50:00 UTC-3","gordon england","./explore?q=gordon%20england&geo=US"
"andrew callaghan","1 mil+","10 de julho de 2026 às 14:50:00 UTC-3","11 de julho de 2026 às 10:00:00 UTC-3","andrew callaghan","./explore?q=andrew%20callaghan&geo=US"
"celine dept","500+","12 de julho de 2026 às 18:40:00 UTC-3","12 de julho de 2026 às 19:30:00 UTC-3","celine dept","./explore?q=celine%20dept&geo=US"
"lamine yamal net worth","1 mil+","10 de julho de 2026 às 16:30:00 UTC-3","10 de julho de 2026 às 18:50:00 UTC-3","lamine yamal net worth","./explore?q=lamine%20yamal%20net%20worth&geo=US"
"switzerland coach","5 mil+","7 de julho de 2026 às 19:30:00 UTC-3","7 de julho de 2026 às 21:00:00 UTC-3","switzerland coach,switzerland soccer coach,switzerland head coach,swiss coach soccer,switzerland coach soccer","./explore?q=switzerland%20coach&geo=US"
"new taco bell items","200+","13 de julho de 2026 às 12:20:00 UTC-3","13 de julho de 2026 às 13:00:00 UTC-3","new taco bell items","./explore?q=new%20taco%20bell%20items&geo=US"
"phoenix mercury","2 mil+","9 de julho de 2026 às 23:50:00 UTC-3","10 de julho de 2026 às 02:20:00 UTC-3","phoenix mercury,dewanna bonner","./explore?q=phoenix%20mercury&geo=US"
"barcelona","1 mil+","10 de julho de 2026 às 16:40:00 UTC-3","10 de julho de 2026 às 18:20:00 UTC-3","barcelona","./explore?q=barcelona&geo=US"
"fox","2 mil+","9 de julho de 2026 às 17:20:00 UTC-3","9 de julho de 2026 às 18:30:00 UTC-3","fox","./explore?q=fox&geo=US"
"chris weidman","500+","11 de julho de 2026 às 22:00:00 UTC-3","12 de julho de 2026 às 02:20:00 UTC-3","chris weidman","./explore?q=chris%20weidman&geo=US"
"jennifer grey","1 mil+","9 de julho de 2026 às 23:10:00 UTC-3","10 de julho de 2026 às 02:10:00 UTC-3","jennifer grey,jo wilder","./explore?q=jennifer%20grey&geo=US"
"ray lewis","1 mil+","9 de julho de 2026 às 21:10:00 UTC-3","9 de julho de 2026 às 22:50:00 UTC-3","ray lewis","./explore?q=ray%20lewis&geo=US"
"baba miller","200+","13 de julho de 2026 às 00:10:00 UTC-3","13 de julho de 2026 às 01:10:00 UTC-3","baba miller","./explore?q=baba%20miller&geo=US"
"larry mcreynolds","1 mil+","8 de julho de 2026 às 07:40:00 UTC-3","8 de julho de 2026 às 13:20:00 UTC-3","larry mcreynolds","./explore?q=larry%20mcreynolds&geo=US"
"sofi stock price","500+","13 de julho de 2026 às 11:40:00 UTC-3","13 de julho de 2026 às 13:50:00 UTC-3","sofi stock price","./explore?q=sofi%20stock%20price&geo=US"
"michael rapaport","2 mil+","8 de julho de 2026 às 23:30:00 UTC-3","9 de julho de 2026 às 01:10:00 UTC-3","michael rapaport","./explore?q=michael%20rapaport&geo=US"
"micah potter","1 mil+","10 de julho de 2026 às 20:20:00 UTC-3","10 de julho de 2026 às 22:40:00 UTC-3","micah potter","./explore?q=micah%20potter&geo=US"
"fishy fare strands","1 mil+","11 de julho de 2026 às 08:40:00 UTC-3","11 de julho de 2026 às 11:20:00 UTC-3","fishy fare strands,strands hint today,here comes trouble strands,fishy fare","./explore?q=fishy%20fare%20strands&geo=US"
"baggio","500+","11 de julho de 2026 às 22:10:00 UTC-3","11 de julho de 2026 às 23:20:00 UTC-3","baggio","./explore?q=baggio&geo=US"
"pokemon go","5 mil+","9 de julho de 2026 às 19:40:00 UTC-3","10 de julho de 2026 às 02:30:00 UTC-3","pokemon go,go,pokemon go twitch drops","./explore?q=pokemon%20go&geo=US"
"kyle karros","1 mil+","8 de julho de 2026 às 23:40:00 UTC-3","9 de julho de 2026 às 02:10:00 UTC-3","kyle karros","./explore?q=kyle%20karros&geo=US"
"azzi fudd","2 mil+","7 de julho de 2026 às 21:20:00 UTC-3","8 de julho de 2026 às 00:10:00 UTC-3","azzi fudd","./explore?q=azzi%20fudd&geo=US"
"discount","1 mil+","7 de julho de 2026 às 07:50:00 UTC-3","7 de julho de 2026 às 12:40:00 UTC-3","discount","./explore?q=discount&geo=US"
"ines de ramon","1 mil+","7 de julho de 2026 às 06:50:00 UTC-3","7 de julho de 2026 às 14:00:00 UTC-3","ines de ramon","./explore?q=ines%20de%20ramon&geo=US"
"cbs sunday morning","500+","12 de julho de 2026 às 10:30:00 UTC-3","12 de julho de 2026 às 11:40:00 UTC-3","cbs sunday morning","./explore?q=cbs%20sunday%20morning&geo=US"
"chase burns","1 mil+","8 de julho de 2026 às 20:10:00 UTC-3","8 de julho de 2026 às 22:50:00 UTC-3","chase burns","./explore?q=chase%20burns&geo=US"
"rebecca ferguson","500+","10 de julho de 2026 às 22:20:00 UTC-3","11 de julho de 2026 às 02:50:00 UTC-3","rebecca ferguson","./explore?q=rebecca%20ferguson&geo=US"
"billboard","1 mil+","9 de julho de 2026 às 06:30:00 UTC-3","9 de julho de 2026 às 12:30:00 UTC-3","billboard","./explore?q=billboard&geo=US"
"gas","1 mil+","9 de julho de 2026 às 10:10:00 UTC-3","9 de julho de 2026 às 14:20:00 UTC-3","gas","./explore?q=gas&geo=US"
"mbappe net worth","1 mil+","9 de julho de 2026 às 18:20:00 UTC-3","9 de julho de 2026 às 20:10:00 UTC-3","mbappe net worth","./explore?q=mbappe%20net%20worth&geo=US"
"landon knack","500+","12 de julho de 2026 às 00:20:00 UTC-3","12 de julho de 2026 às 01:30:00 UTC-3","landon knack","./explore?q=landon%20knack&geo=US"
"mlb tv","200+","12 de julho de 2026 às 15:10:00 UTC-3","12 de julho de 2026 às 16:10:00 UTC-3","mlb tv","./explore?q=mlb%20tv&geo=US"
"jon ossoff","1 mil+","7 de julho de 2026 às 09:50:00 UTC-3","7 de julho de 2026 às 13:40:00 UTC-3","jon ossoff","./explore?q=jon%20ossoff&geo=US"
"lupita nyong'o","2 mil+","11 de julho de 2026 às 08:00:00 UTC-3","11 de julho de 2026 às 09:20:00 UTC-3","lupita nyong'o","./explore?q=lupita%20nyong%27o&geo=US"
"maximum pleasure guaranteed tv show","1 mil+","8 de julho de 2026 às 22:10:00 UTC-3","9 de julho de 2026 às 01:10:00 UTC-3","maximum pleasure guaranteed tv show","./explore?q=maximum%20pleasure%20guaranteed%20tv%20show&geo=US"
"john slattery","2 mil+","8 de julho de 2026 às 09:30:00 UTC-3","8 de julho de 2026 às 11:40:00 UTC-3","john slattery,john slattery movies and tv shows","./explore?q=john%20slattery&geo=US"
"marcus allen","500+","11 de julho de 2026 às 16:40:00 UTC-3","11 de julho de 2026 às 17:50:00 UTC-3","marcus allen","./explore?q=marcus%20allen&geo=US"
"robert saleh","500+","11 de julho de 2026 às 17:20:00 UTC-3","11 de julho de 2026 às 18:30:00 UTC-3","robert saleh","./explore?q=robert%20saleh&geo=US"
"alan roden","2 mil+","9 de julho de 2026 às 00:00:00 UTC-3","9 de julho de 2026 às 01:30:00 UTC-3","alan roden,mn twins","./explore?q=alan%20roden&geo=US"
"euro 2024","1 mil+","10 de julho de 2026 às 16:40:00 UTC-3","10 de julho de 2026 às 19:20:00 UTC-3","euro 2024","./explore?q=euro%202024&geo=US"
"dior","2 mil+","7 de julho de 2026 às 08:50:00 UTC-3","7 de julho de 2026 às 12:50:00 UTC-3","dior,jackie tranquill,msg travis kelce ceremony,travis kelce taylor swift wedding","./explore?q=dior&geo=US"
"brady singer","1 mil+","9 de julho de 2026 às 20:30:00 UTC-3","9 de julho de 2026 às 22:40:00 UTC-3","brady singer","./explore?q=brady%20singer&geo=US"
"richard rios","2 mil+","7 de julho de 2026 às 19:10:00 UTC-3","7 de julho de 2026 às 20:30:00 UTC-3","richard rios,richard ríos","./explore?q=richard%20rios&geo=US"
"alexander mcqueen","1 mil+","8 de julho de 2026 às 03:20:00 UTC-3","8 de julho de 2026 às 10:00:00 UTC-3","alexander mcqueen","./explore?q=alexander%20mcqueen&geo=US"
"broadcom stock","200+","13 de julho de 2026 às 11:30:00 UTC-3","13 de julho de 2026 às 12:00:00 UTC-3","broadcom stock","./explore?q=broadcom%20stock&geo=US"
"فرنسا ضد المغرب","2 mil+","9 de julho de 2026 às 16:40:00 UTC-3","9 de julho de 2026 às 19:20:00 UTC-3","فرنسا ضد المغرب,المغرب وفرنسا","./explore?q=%D9%81%D8%B1%D9%86%D8%B3%D8%A7%20%D8%B6%D8%AF%20%D8%A7%D9%84%D9%85%D8%BA%D8%B1%D8%A8&geo=US"
"pinheiro referee","500+","11 de julho de 2026 às 23:30:00 UTC-3","12 de julho de 2026 às 00:40:00 UTC-3","pinheiro referee","./explore?q=pinheiro%20referee&geo=US"
"gabriel hughes","1 mil+","8 de julho de 2026 às 23:10:00 UTC-3","9 de julho de 2026 às 01:50:00 UTC-3","gabriel hughes","./explore?q=gabriel%20hughes&geo=US"
"noussair mazraoui","1 mil+","9 de julho de 2026 às 17:00:00 UTC-3","9 de julho de 2026 às 18:20:00 UTC-3","noussair mazraoui","./explore?q=noussair%20mazraoui&geo=US"
"mike dewine","1 mil+","9 de julho de 2026 às 12:30:00 UTC-3","9 de julho de 2026 às 15:10:00 UTC-3","mike dewine","./explore?q=mike%20dewine&geo=US"
"jhoan duran","2 mil+","11 de julho de 2026 às 21:50:00 UTC-3","11 de julho de 2026 às 22:40:00 UTC-3","jhoan duran","./explore?q=jhoan%20duran&geo=US"
"ubisoft barcelona layoffs","1 mil+","9 de julho de 2026 às 18:50:00 UTC-3","9 de julho de 2026 às 21:30:00 UTC-3","ubisoft barcelona layoffs","./explore?q=ubisoft%20barcelona%20layoffs&geo=US"
"breanna stewart","500+","11 de julho de 2026 às 15:40:00 UTC-3","11 de julho de 2026 às 16:50:00 UTC-3","breanna stewart","./explore?q=breanna%20stewart&geo=US"
"times of india","200+","13 de julho de 2026 às 08:40:00 UTC-3","13 de julho de 2026 às 09:30:00 UTC-3","times of india","./explore?q=times%20of%20india&geo=US"
"notizie del mondo","200+","12 de julho de 2026 às 06:10:00 UTC-3","12 de julho de 2026 às 09:00:00 UTC-3","notizie del mondo","./explore?q=notizie%20del%20mondo&geo=US"
"ostapenko","2 mil+","9 de julho de 2026 às 16:20:00 UTC-3","9 de julho de 2026 às 17:50:00 UTC-3","ostapenko,storm hunter,jeļena ostapenko,arevalo tennis","./explore?q=ostapenko&geo=US"
"darius slay jalen hurts offense","2 mil+","7 de julho de 2026 às 13:50:00 UTC-3","7 de julho de 2026 às 18:00:00 UTC-3","darius slay jalen hurts offense","./explore?q=darius%20slay%20jalen%20hurts%20offense&geo=US"
"dale earnhardt jr","200+","12 de julho de 2026 às 19:40:00 UTC-3","12 de julho de 2026 às 20:30:00 UTC-3","dale earnhardt jr","./explore?q=dale%20earnhardt%20jr&geo=US"
"jayson tatum","2 mil+","8 de julho de 2026 às 09:40:00 UTC-3","8 de julho de 2026 às 12:30:00 UTC-3","jayson tatum,matt vierling,danny green","./explore?q=jayson%20tatum&geo=US"
"doku belgium","1 mil+","10 de julho de 2026 às 16:40:00 UTC-3","10 de julho de 2026 às 17:50:00 UTC-3","doku belgium","./explore?q=doku%20belgium&geo=US"
"chess grandmaster","500+","11 de julho de 2026 às 19:40:00 UTC-3","11 de julho de 2026 às 20:50:00 UTC-3","chess grandmaster","./explore?q=chess%20grandmaster&geo=US"
"david attenborough","200+","12 de julho de 2026 às 11:20:00 UTC-3","12 de julho de 2026 às 12:30:00 UTC-3","david attenborough","./explore?q=david%20attenborough&geo=US"
"london weather","200+","12 de julho de 2026 às 14:20:00 UTC-3","12 de julho de 2026 às 15:20:00 UTC-3","london weather","./explore?q=london%20weather&geo=US"
"don mattingly","1 mil+","8 de julho de 2026 às 20:00:00 UTC-3","8 de julho de 2026 às 22:30:00 UTC-3","don mattingly","./explore?q=don%20mattingly&geo=US"
"joão pinheiro","1 mil+","11 de julho de 2026 às 23:30:00 UTC-3","12 de julho de 2026 às 00:40:00 UTC-3","joão pinheiro,argentina vs switzerland refs","./explore?q=jo%C3%A3o%20pinheiro&geo=US"
"conor mcgregor 170 pounds","1 mil+","8 de julho de 2026 às 19:40:00 UTC-3","9 de julho de 2026 às 07:00:00 UTC-3","conor mcgregor 170 pounds","./explore?q=conor%20mcgregor%20170%20pounds&geo=US"
"gonzalo montiel","500+","12 de julho de 2026 às 00:00:00 UTC-3","12 de julho de 2026 às 01:00:00 UTC-3","gonzalo montiel","./explore?q=gonzalo%20montiel&geo=US"
"nascar schedule","200+","13 de julho de 2026 às 07:50:00 UTC-3","13 de julho de 2026 às 08:20:00 UTC-3","nascar schedule","./explore?q=nascar%20schedule&geo=US"
"ausl softball","500+","11 de julho de 2026 às 16:00:00 UTC-3","11 de julho de 2026 às 17:20:00 UTC-3","ausl softball","./explore?q=ausl%20softball&geo=US"
"ryan mcmahon","500+","11 de julho de 2026 às 19:50:00 UTC-3","11 de julho de 2026 às 21:00:00 UTC-3","ryan mcmahon","./explore?q=ryan%20mcmahon&geo=US"
"tegan kuhns","500+","11 de julho de 2026 às 17:00:00 UTC-3","11 de julho de 2026 às 18:10:00 UTC-3","tegan kuhns","./explore?q=tegan%20kuhns&geo=US"
"savannah bananas","2 mil+","7 de julho de 2026 às 14:30:00 UTC-3","7 de julho de 2026 às 15:50:00 UTC-3","savannah bananas","./explore?q=savannah%20bananas&geo=US"
"katie volynets","1 mil+","10 de julho de 2026 às 15:20:00 UTC-3","10 de julho de 2026 às 16:50:00 UTC-3","katie volynets,julia grabher,alicia herrero linana","./explore?q=katie%20volynets&geo=US"
"playstation","2 mil+","9 de julho de 2026 às 15:10:00 UTC-3","9 de julho de 2026 às 16:10:00 UTC-3","playstation","./explore?q=playstation&geo=US"
"nachrichten heute","200+","12 de julho de 2026 às 04:40:00 UTC-3","12 de julho de 2026 às 08:50:00 UTC-3","nachrichten heute","./explore?q=nachrichten%20heute&geo=US"
"sahar ramirez","500+","11 de julho de 2026 às 01:10:00 UTC-3","11 de julho de 2026 às 03:30:00 UTC-3","sahar ramirez","./explore?q=sahar%20ramirez&geo=US"
"rangers game today","500+","12 de julho de 2026 às 18:30:00 UTC-3","12 de julho de 2026 às 19:20:00 UTC-3","rangers game today","./explore?q=rangers%20game%20today&geo=US"
"apple tv","5 mil+","10 de julho de 2026 às 21:30:00 UTC-3","10 de julho de 2026 às 22:00:00 UTC-3","apple tv,apple tv widow's bay renewal","./explore?q=apple%20tv&geo=US"
"rashida jones","500+","10 de julho de 2026 às 23:20:00 UTC-3","11 de julho de 2026 às 02:10:00 UTC-3","rashida jones","./explore?q=rashida%20jones&geo=US"
"tyler reddick","200+","13 de julho de 2026 às 02:40:00 UTC-3","13 de julho de 2026 às 03:30:00 UTC-3","tyler reddick","./explore?q=tyler%20reddick&geo=US"
"state of origin","1 mil+","8 de julho de 2026 às 07:10:00 UTC-3","8 de julho de 2026 às 10:20:00 UTC-3","state of origin","./explore?q=state%20of%20origin&geo=US"
"taj marchand","500+","11 de julho de 2026 às 17:00:00 UTC-3","11 de julho de 2026 às 18:10:00 UTC-3","taj marchand","./explore?q=taj%20marchand&geo=US"
"nyt spelling bee","500+","11 de julho de 2026 às 08:20:00 UTC-3","11 de julho de 2026 às 10:00:00 UTC-3","nyt spelling bee","./explore?q=nyt%20spelling%20bee&geo=US"
"framber valdez","1 mil+","9 de julho de 2026 às 20:00:00 UTC-3","9 de julho de 2026 às 22:50:00 UTC-3","framber valdez","./explore?q=framber%20valdez&geo=US"
"bitcoin","2 mil+","7 de julho de 2026 às 05:30:00 UTC-3","7 de julho de 2026 às 07:50:00 UTC-3","bitcoin","./explore?q=bitcoin&geo=US"
"truck accident lawyer","1 mil+","9 de julho de 2026 às 03:40:00 UTC-3","9 de julho de 2026 às 23:30:00 UTC-3","truck accident lawyer,truck accident attorney","./explore?q=truck%20accident%20lawyer&geo=US"
"cameron brink","1 mil+","8 de julho de 2026 às 23:20:00 UTC-3","9 de julho de 2026 às 01:30:00 UTC-3","cameron brink","./explore?q=cameron%20brink&geo=US"
"mason mcgwire","200+","12 de julho de 2026 às 15:00:00 UTC-3","12 de julho de 2026 às 16:00:00 UTC-3","mason mcgwire","./explore?q=mason%20mcgwire&geo=US"
"soda fountain","1 mil+","10 de julho de 2026 às 00:00:00 UTC-3","10 de julho de 2026 às 02:20:00 UTC-3","soda fountain","./explore?q=soda%20fountain&geo=US"
"appletv","1 mil+","10 de julho de 2026 às 21:30:00 UTC-3","10 de julho de 2026 às 22:50:00 UTC-3","appletv","./explore?q=appletv&geo=US"
"chevrolet corvette grand sport","500+","10 de julho de 2026 às 07:50:00 UTC-3","10 de julho de 2026 às 11:00:00 UTC-3","chevrolet corvette grand sport","./explore?q=chevrolet%20corvette%20grand%20sport&geo=US"
"kenan stadium","1 mil+","9 de julho de 2026 às 17:20:00 UTC-3","9 de julho de 2026 às 20:20:00 UTC-3","kenan stadium,wral","./explore?q=kenan%20stadium&geo=US"
"ct lottery","500+","11 de julho de 2026 às 07:20:00 UTC-3","11 de julho de 2026 às 09:20:00 UTC-3","ct lottery","./explore?q=ct%20lottery&geo=US"
"yankees - rays","2 mil+","8 de julho de 2026 às 19:30:00 UTC-3","8 de julho de 2026 às 23:00:00 UTC-3","yankees - rays,rays","./explore?q=yankees%20-%20rays&geo=US"
"cricbuzz","1 mil+","9 de julho de 2026 às 13:30:00 UTC-3","9 de julho de 2026 às 15:00:00 UTC-3","cricbuzz","./explore?q=cricbuzz&geo=US"
"walker jenkins","200+","12 de julho de 2026 às 14:00:00 UTC-3","12 de julho de 2026 às 15:10:00 UTC-3","walker jenkins","./explore?q=walker%20jenkins&geo=US"
"wetter morgen","200+","12 de julho de 2026 às 04:30:00 UTC-3","12 de julho de 2026 às 08:10:00 UTC-3","wetter morgen","./explore?q=wetter%20morgen&geo=US"
"ron perlman","500+","11 de julho de 2026 às 22:00:00 UTC-3","11 de julho de 2026 às 23:00:00 UTC-3","ron perlman","./explore?q=ron%20perlman&geo=US"
"liam peterson","500+","11 de julho de 2026 às 16:10:00 UTC-3","11 de julho de 2026 às 17:30:00 UTC-3","liam peterson","./explore?q=liam%20peterson&geo=US"
"max crosby","500+","11 de julho de 2026 às 23:10:00 UTC-3","12 de julho de 2026 às 00:20:00 UTC-3","max crosby","./explore?q=max%20crosby&geo=US"
"swiss soccer team","500+","11 de julho de 2026 às 22:40:00 UTC-3","12 de julho de 2026 às 01:00:00 UTC-3","swiss soccer team","./explore?q=swiss%20soccer%20team&geo=US"
"del piero","500+","11 de julho de 2026 às 19:20:00 UTC-3","11 de julho de 2026 às 20:30:00 UTC-3","del piero","./explore?q=del%20piero&geo=US"
"truc tiep bong da","1 mil+","11 de julho de 2026 às 18:00:00 UTC-3","11 de julho de 2026 às 19:10:00 UTC-3","truc tiep bong da,argentina đấu với thụy sĩ","./explore?q=truc%20tiep%20bong%20da&geo=US"
"red sox standings","2 mil+","9 de julho de 2026 às 06:50:00 UTC-3","9 de julho de 2026 às 18:50:00 UTC-3","red sox standings,mlb games","./explore?q=red%20sox%20standings&geo=US"
"emam ashour","2 mil+","7 de julho de 2026 às 13:40:00 UTC-3","7 de julho de 2026 às 15:00:00 UTC-3","emam ashour","./explore?q=emam%20ashour&geo=US"
"milwaukee summerfest 2026 festival stats","1 mil+","9 de julho de 2026 às 19:40:00 UTC-3","9 de julho de 2026 às 22:20:00 UTC-3","milwaukee summerfest 2026 festival stats","./explore?q=milwaukee%20summerfest%202026%20festival%20stats&geo=US"
"miami heat","200+","13 de julho de 2026 às 08:10:00 UTC-3","13 de julho de 2026 às 08:30:00 UTC-3","miami heat","./explore?q=miami%20heat&geo=US"
"jac caglianone","1 mil+","10 de julho de 2026 às 21:10:00 UTC-3","10 de julho de 2026 às 22:50:00 UTC-3","jac caglianone","./explore?q=jac%20caglianone&geo=US"
"phaedra parks","500+","10 de julho de 2026 às 10:20:00 UTC-3","10 de julho de 2026 às 12:30:00 UTC-3","phaedra parks","./explore?q=phaedra%20parks&geo=US"
"psg","1 mil+","9 de julho de 2026 às 17:40:00 UTC-3","9 de julho de 2026 às 19:50:00 UTC-3","psg","./explore?q=psg&geo=US"
"sixers summer league","1 mil+","9 de julho de 2026 às 19:20:00 UTC-3","9 de julho de 2026 às 21:40:00 UTC-3","sixers summer league,labaron philon","./explore?q=sixers%20summer%20league&geo=US"
"fetterman mccormick joint fundraising committee","1 mil+","10 de julho de 2026 às 19:40:00 UTC-3","10 de julho de 2026 às 21:10:00 UTC-3","fetterman mccormick joint fundraising committee,john fetterman","./explore?q=fetterman%20mccormick%20joint%20fundraising%20committee&geo=US"
"survival of the thickest","1 mil+","10 de julho de 2026 às 00:20:00 UTC-3","10 de julho de 2026 às 02:30:00 UTC-3","survival of the thickest","./explore?q=survival%20of%20the%20thickest&geo=US"
"real madrid roster","500+","11 de julho de 2026 às 20:20:00 UTC-3","11 de julho de 2026 às 21:30:00 UTC-3","real madrid roster","./explore?q=real%20madrid%20roster&geo=US"
"snl tonight","500+","12 de julho de 2026 às 00:40:00 UTC-3","12 de julho de 2026 às 01:50:00 UTC-3","snl tonight,snl","./explore?q=snl%20tonight&geo=US"
"orioles","2 mil+","8 de julho de 2026 às 19:30:00 UTC-3","8 de julho de 2026 às 23:10:00 UTC-3","orioles,pete crow-armstrong","./explore?q=orioles&geo=US"
"ben affleck","200+","12 de julho de 2026 às 09:40:00 UTC-3","12 de julho de 2026 às 10:40:00 UTC-3","ben affleck","./explore?q=ben%20affleck&geo=US"
"nicole kidman","500+","11 de julho de 2026 às 23:00:00 UTC-3","12 de julho de 2026 às 00:00:00 UTC-3","nicole kidman","./explore?q=nicole%20kidman&geo=US"
"cars for sale","200+","12 de julho de 2026 às 09:20:00 UTC-3","12 de julho de 2026 às 10:30:00 UTC-3","cars for sale","./explore?q=cars%20for%20sale&geo=US"
"connor storrie","1 mil+","8 de julho de 2026 às 13:20:00 UTC-3","8 de julho de 2026 às 17:40:00 UTC-3","connor storrie","./explore?q=connor%20storrie&geo=US"
"vancouver weather","2 mil+","7 de julho de 2026 às 18:00:00 UTC-3","7 de julho de 2026 às 20:20:00 UTC-3","vancouver weather","./explore?q=vancouver%20weather&geo=US"
"shabana mahmood","200+","13 de julho de 2026 às 11:00:00 UTC-3","13 de julho de 2026 às 11:20:00 UTC-3","shabana mahmood","./explore?q=shabana%20mahmood&geo=US"
"ryan weathers","500+","10 de julho de 2026 às 22:30:00 UTC-3","11 de julho de 2026 às 00:20:00 UTC-3","ryan weathers","./explore?q=ryan%20weathers&geo=US"
"england soccer players","500+","11 de julho de 2026 às 20:10:00 UTC-3","11 de julho de 2026 às 21:20:00 UTC-3","england soccer players","./explore?q=england%20soccer%20players&geo=US"
"logan hughes","500+","11 de julho de 2026 às 16:00:00 UTC-3","11 de julho de 2026 às 17:20:00 UTC-3","logan hughes","./explore?q=logan%20hughes&geo=US"
"프랑스 대 모로코","1 mil+","9 de julho de 2026 às 16:40:00 UTC-3","9 de julho de 2026 às 19:50:00 UTC-3","프랑스 대 모로코","./explore?q=%ED%94%84%EB%9E%91%EC%8A%A4%20%EB%8C%80%20%EB%AA%A8%EB%A1%9C%EC%BD%94&geo=US"
"mbappe parents","2 mil+","9 de julho de 2026 às 18:20:00 UTC-3","9 de julho de 2026 às 20:00:00 UTC-3","mbappe parents,fayza lamari,how old is kylian mbappé","./explore?q=mbappe%20parents&geo=US"
"gerard piqué","1 mil+","9 de julho de 2026 às 17:40:00 UTC-3","9 de julho de 2026 às 18:50:00 UTC-3","gerard piqué,gerard pique","./explore?q=gerard%20piqu%C3%A9&geo=US"
"new girl","200+","12 de julho de 2026 às 02:10:00 UTC-3","12 de julho de 2026 às 04:50:00 UTC-3","new girl","./explore?q=new%20girl&geo=US"
"alexia putellas","1 mil+","8 de julho de 2026 às 16:30:00 UTC-3","8 de julho de 2026 às 17:50:00 UTC-3","alexia putellas","./explore?q=alexia%20putellas&geo=US"
"sakura","500+","10 de julho de 2026 às 19:20:00 UTC-3","10 de julho de 2026 às 22:00:00 UTC-3","sakura","./explore?q=sakura&geo=US"
"marion bartoli","500+","11 de julho de 2026 às 12:30:00 UTC-3","11 de julho de 2026 às 13:40:00 UTC-3","marion bartoli","./explore?q=marion%20bartoli&geo=US"
"daryl dixon","500+","9 de julho de 2026 às 04:50:00 UTC-3","9 de julho de 2026 às 09:00:00 UTC-3","daryl dixon","./explore?q=daryl%20dixon&geo=US"
"universe","1 mil+","10 de julho de 2026 às 14:00:00 UTC-3","10 de julho de 2026 às 15:30:00 UTC-3","universe","./explore?q=universe&geo=US"
"coleman borthwick","500+","11 de julho de 2026 às 16:30:00 UTC-3","11 de julho de 2026 às 17:40:00 UTC-3","coleman borthwick","./explore?q=coleman%20borthwick&geo=US"
"justin wrobleski","1 mil+","7 de julho de 2026 às 23:40:00 UTC-3","8 de julho de 2026 às 02:00:00 UTC-3","justin wrobleski","./explore?q=justin%20wrobleski&geo=US"
"cvs health corporation","200+","12 de julho de 2026 às 09:50:00 UTC-3","12 de julho de 2026 às 11:20:00 UTC-3","cvs health corporation","./explore?q=cvs%20health%20corporation&geo=US"
"baby name","1 mil+","10 de julho de 2026 às 15:10:00 UTC-3","10 de julho de 2026 às 17:00:00 UTC-3","baby name,top baby names uk 2025","./explore?q=baby%20name&geo=US"
"paradise","1 mil+","8 de julho de 2026 às 20:50:00 UTC-3","8 de julho de 2026 às 23:30:00 UTC-3","paradise","./explore?q=paradise&geo=US"
"notizie oggi","200+","12 de julho de 2026 às 05:30:00 UTC-3","12 de julho de 2026 às 08:20:00 UTC-3","notizie oggi","./explore?q=notizie%20oggi&geo=US"
"a. j. ewing","1 mil+","7 de julho de 2026 às 21:30:00 UTC-3","8 de julho de 2026 às 07:10:00 UTC-3","a. j. ewing","./explore?q=a.%20j.%20ewing&geo=US"
"ostigard","500+","11 de julho de 2026 às 20:00:00 UTC-3","11 de julho de 2026 às 21:10:00 UTC-3","ostigard","./explore?q=ostigard&geo=US"
"austin weather","500+","10 de julho de 2026 às 19:50:00 UTC-3","10 de julho de 2026 às 22:00:00 UTC-3","austin weather","./explore?q=austin%20weather&geo=US"
"charlotte weather","1 mil+","10 de julho de 2026 às 16:20:00 UTC-3","10 de julho de 2026 às 17:40:00 UTC-3","charlotte weather","./explore?q=charlotte%20weather&geo=US"
"larry nance jr","1 mil+","8 de julho de 2026 às 15:30:00 UTC-3","8 de julho de 2026 às 17:50:00 UTC-3","larry nance jr","./explore?q=larry%20nance%20jr&geo=US"
"trent grisham","500+","11 de julho de 2026 às 20:00:00 UTC-3","11 de julho de 2026 às 21:10:00 UTC-3","trent grisham","./explore?q=trent%20grisham&geo=US"
"is siriusxm down","2 mil+","8 de julho de 2026 às 17:50:00 UTC-3","8 de julho de 2026 às 19:10:00 UTC-3","is siriusxm down,siriusxm,xm radio,siriusxm outage,downdetector","./explore?q=is%20siriusxm%20down&geo=US"
"fabrizio romano","1 mil+","10 de julho de 2026 às 15:50:00 UTC-3","10 de julho de 2026 às 17:30:00 UTC-3","fabrizio romano","./explore?q=fabrizio%20romano&geo=US"
"ariana madix emmy nomination","200+","12 de julho de 2026 às 23:50:00 UTC-3","13 de julho de 2026 às 00:30:00 UTC-3","ariana madix emmy nomination","./explore?q=ariana%20madix%20emmy%20nomination&geo=US"
"tim allen","1 mil+","7 de julho de 2026 às 02:50:00 UTC-3","7 de julho de 2026 às 09:40:00 UTC-3","tim allen","./explore?q=tim%20allen&geo=US"
"charlize theron odyssey premiere","200+","12 de julho de 2026 às 09:30:00 UTC-3","12 de julho de 2026 às 10:30:00 UTC-3","charlize theron odyssey premiere","./explore?q=charlize%20theron%20odyssey%20premiere&geo=US"
"ps store","1 mil+","9 de julho de 2026 às 14:50:00 UTC-3","9 de julho de 2026 às 16:40:00 UTC-3","ps store","./explore?q=ps%20store&geo=US"
"baker mayfield","500+","11 de julho de 2026 às 16:20:00 UTC-3","11 de julho de 2026 às 17:30:00 UTC-3","baker mayfield","./explore?q=baker%20mayfield&geo=US"
"1994 world cup","500+","10 de julho de 2026 às 22:20:00 UTC-3","10 de julho de 2026 às 23:50:00 UTC-3","1994 world cup","./explore?q=1994%20world%20cup&geo=US"
"triumphal arch","1 mil+","9 de julho de 2026 às 06:40:00 UTC-3","9 de julho de 2026 às 09:30:00 UTC-3","triumphal arch,trump triumphal arch commission review","./explore?q=triumphal%20arch&geo=US"
"jp dellacamera","500+","11 de julho de 2026 às 17:00:00 UTC-3","11 de julho de 2026 às 18:10:00 UTC-3","jp dellacamera","./explore?q=jp%20dellacamera&geo=US"
"laverne cox","1 mil+","8 de julho de 2026 às 09:20:00 UTC-3","8 de julho de 2026 às 11:30:00 UTC-3","laverne cox","./explore?q=laverne%20cox&geo=US"
"amy acton","1 mil+","9 de julho de 2026 às 23:40:00 UTC-3","10 de julho de 2026 às 00:50:00 UTC-3","amy acton","./explore?q=amy%20acton&geo=US"
"padres game","2 mil+","9 de julho de 2026 às 01:00:00 UTC-3","9 de julho de 2026 às 02:20:00 UTC-3","padres game,san diego padres,dbacks,padres vs diamondbacks","./explore?q=padres%20game&geo=US"
"coco vandeweghe","1 mil+","9 de julho de 2026 às 10:10:00 UTC-3","9 de julho de 2026 às 13:30:00 UTC-3","coco vandeweghe","./explore?q=coco%20vandeweghe&geo=US"
"true detective","1 mil+","7 de julho de 2026 às 20:10:00 UTC-3","7 de julho de 2026 às 22:10:00 UTC-3","true detective","./explore?q=true%20detective&geo=US"
"simona waltert","500+","10 de julho de 2026 às 06:10:00 UTC-3","10 de julho de 2026 às 08:30:00 UTC-3","simona waltert","./explore?q=simona%20waltert&geo=US"
"love island vote tonight","1 mil+","7 de julho de 2026 às 23:20:00 UTC-3","8 de julho de 2026 às 01:40:00 UTC-3","love island vote tonight","./explore?q=love%20island%20vote%20tonight&geo=US"
"starbucks orange cream beverages","2 mil+","7 de julho de 2026 às 16:30:00 UTC-3","7 de julho de 2026 às 18:00:00 UTC-3","starbucks orange cream beverages","./explore?q=starbucks%20orange%20cream%20beverages&geo=US"
"vicki gunvalson","1 mil+","9 de julho de 2026 às 21:30:00 UTC-3","10 de julho de 2026 às 02:10:00 UTC-3","vicki gunvalson","./explore?q=vicki%20gunvalson&geo=US"
"sicario","500+","10 de julho de 2026 às 23:20:00 UTC-3","11 de julho de 2026 às 01:20:00 UTC-3","sicario","./explore?q=sicario&geo=US"
"justin allgaier","500+","11 de julho de 2026 às 23:50:00 UTC-3","12 de julho de 2026 às 00:50:00 UTC-3","justin allgaier","./explore?q=justin%20allgaier&geo=US"
"henry cavill","1 mil+","9 de julho de 2026 às 16:10:00 UTC-3","9 de julho de 2026 às 17:50:00 UTC-3","henry cavill","./explore?q=henry%20cavill&geo=US"
"toronto blue jays","500+","12 de julho de 2026 às 00:40:00 UTC-3","12 de julho de 2026 às 01:40:00 UTC-3","toronto blue jays","./explore?q=toronto%20blue%20jays&geo=US"
"dr","100+","13 de julho de 2026 às 10:30:00 UTC-3","13 de julho de 2026 às 11:00:00 UTC-3","dr","./explore?q=dr&geo=US"
"john oliver","1 mil+","7 de julho de 2026 às 08:50:00 UTC-3","7 de julho de 2026 às 11:20:00 UTC-3","john oliver","./explore?q=john%20oliver&geo=US"
"sabrina ionescu","1 mil+","7 de julho de 2026 às 21:50:00 UTC-3","7 de julho de 2026 às 23:40:00 UTC-3","sabrina ionescu","./explore?q=sabrina%20ionescu&geo=US"
"uscis green card preliminary injunction","1 mil+","7 de julho de 2026 às 07:30:00 UTC-3","7 de julho de 2026 às 10:20:00 UTC-3","uscis green card preliminary injunction","./explore?q=uscis%20green%20card%20preliminary%20injunction&geo=US"
"pique","1 mil+","9 de julho de 2026 às 17:40:00 UTC-3","9 de julho de 2026 às 18:50:00 UTC-3","pique","./explore?q=pique&geo=US"
"jpm stock","100+","13 de julho de 2026 às 11:20:00 UTC-3","13 de julho de 2026 às 11:50:00 UTC-3","jpm stock","./explore?q=jpm%20stock&geo=US"
"dembele wife","1 mil+","9 de julho de 2026 às 18:30:00 UTC-3","10 de julho de 2026 às 09:40:00 UTC-3","dembele wife","./explore?q=dembele%20wife&geo=US"
"pluto tv","1 mil+","10 de julho de 2026 às 22:00:00 UTC-3","10 de julho de 2026 às 23:10:00 UTC-3","pluto tv","./explore?q=pluto%20tv&geo=US"
"chicago bears","1 mil+","9 de julho de 2026 às 08:00:00 UTC-3","9 de julho de 2026 às 12:40:00 UTC-3","chicago bears","./explore?q=chicago%20bears&geo=US"
"laporte","500+","10 de julho de 2026 às 17:50:00 UTC-3","10 de julho de 2026 às 19:00:00 UTC-3","laporte","./explore?q=laporte&geo=US"
"cucho hernandez","1 mil+","7 de julho de 2026 às 18:40:00 UTC-3","7 de julho de 2026 às 21:00:00 UTC-3","cucho hernandez","./explore?q=cucho%20hernandez&geo=US"
"indianapolis weather","500+","11 de julho de 2026 às 09:40:00 UTC-3","11 de julho de 2026 às 11:30:00 UTC-3","indianapolis weather,weather indianapolis","./explore?q=indianapolis%20weather&geo=US"
"when do england play next in world cup","500+","11 de julho de 2026 às 20:50:00 UTC-3","11 de julho de 2026 às 21:50:00 UTC-3","when do england play next in world cup","./explore?q=when%20do%20england%20play%20next%20in%20world%20cup&geo=US"
"fci elkton josh duggar","100+","13 de julho de 2026 às 16:00:00 UTC-3","13 de julho de 2026 às 16:20:00 UTC-3","fci elkton josh duggar","./explore?q=fci%20elkton%20josh%20duggar&geo=US"
"benoît saint denis","500+","12 de julho de 2026 às 00:00:00 UTC-3","12 de julho de 2026 às 01:10:00 UTC-3","benoît saint denis","./explore?q=beno%C3%AEt%20saint%20denis&geo=US"
"jake woodford","500+","10 de julho de 2026 às 22:20:00 UTC-3","10 de julho de 2026 às 23:40:00 UTC-3","jake woodford","./explore?q=jake%20woodford&geo=US"
"roki sasaki","1 mil+","9 de julho de 2026 às 00:00:00 UTC-3","9 de julho de 2026 às 01:20:00 UTC-3","roki sasaki,rōki sasaki","./explore?q=roki%20sasaki&geo=US"
"new texas buc-ees store","1 mil+","7 de julho de 2026 às 07:00:00 UTC-3","7 de julho de 2026 às 10:40:00 UTC-3","new texas buc-ees store","./explore?q=new%20texas%20buc-ees%20store&geo=US"
"digne","1 mil+","9 de julho de 2026 às 17:40:00 UTC-3","9 de julho de 2026 às 18:50:00 UTC-3","digne","./explore?q=digne&geo=US"
"dominick cruz","200+","12 de julho de 2026 às 01:20:00 UTC-3","12 de julho de 2026 às 02:20:00 UTC-3","dominick cruz","./explore?q=dominick%20cruz&geo=US"
"simona halep","500+","11 de julho de 2026 às 12:10:00 UTC-3","11 de julho de 2026 às 13:20:00 UTC-3","simona halep","./explore?q=simona%20halep&geo=US"
"connections hint today mashable","200+","12 de julho de 2026 às 09:30:00 UTC-3","12 de julho de 2026 às 11:50:00 UTC-3","connections hint today mashable","./explore?q=connections%20hint%20today%20mashable&geo=US"
"omar marmoush","2 mil+","7 de julho de 2026 às 13:40:00 UTC-3","7 de julho de 2026 às 15:50:00 UTC-3","omar marmoush,marmoush","./explore?q=omar%20marmoush&geo=US"
"paul goldschmidt","500+","11 de julho de 2026 às 20:20:00 UTC-3","11 de julho de 2026 às 21:10:00 UTC-3","paul goldschmidt","./explore?q=paul%20goldschmidt&geo=US"
"amdouni","1 mil+","7 de julho de 2026 às 19:20:00 UTC-3","7 de julho de 2026 às 20:50:00 UTC-3","amdouni","./explore?q=amdouni&geo=US"
"samuel basallo","1 mil+","10 de julho de 2026 às 22:20:00 UTC-3","10 de julho de 2026 às 23:30:00 UTC-3","samuel basallo,coby mayo,orioles score","./explore?q=samuel%20basallo&geo=US"
"michael oliver","500+","10 de julho de 2026 às 16:30:00 UTC-3","10 de julho de 2026 às 17:40:00 UTC-3","michael oliver","./explore?q=michael%20oliver&geo=US"
"who won 2022 world cup","200+","12 de julho de 2026 às 00:40:00 UTC-3","12 de julho de 2026 às 01:50:00 UTC-3","who won 2022 world cup","./explore?q=who%20won%202022%20world%20cup&geo=US"
"electric vehicles","2 mil+","7 de julho de 2026 às 04:40:00 UTC-3","7 de julho de 2026 às 05:50:00 UTC-3","electric vehicles,fiat little mouse","./explore?q=electric%20vehicles&geo=US"
"newsletter","200+","11 de julho de 2026 às 06:30:00 UTC-3","11 de julho de 2026 às 09:30:00 UTC-3","newsletter","./explore?q=newsletter&geo=US"
"steven mcbee","1 mil+","9 de julho de 2026 às 08:00:00 UTC-3","9 de julho de 2026 às 12:30:00 UTC-3","steven mcbee","./explore?q=steven%20mcbee&geo=US"
"royals - mets","2 mil+","7 de julho de 2026 às 20:20:00 UTC-3","8 de julho de 2026 às 00:40:00 UTC-3","royals - mets,austin warren","./explore?q=royals%20-%20mets&geo=US"
"hakeem jeffries","500+","9 de julho de 2026 às 07:10:00 UTC-3","9 de julho de 2026 às 09:40:00 UTC-3","hakeem jeffries","./explore?q=hakeem%20jeffries&geo=US"
"kevin mcgonigle","2 mil+","7 de julho de 2026 às 21:40:00 UTC-3","7 de julho de 2026 às 23:30:00 UTC-3","kevin mcgonigle","./explore?q=kevin%20mcgonigle&geo=US"
"reason","200+","12 de julho de 2026 às 06:10:00 UTC-3","12 de julho de 2026 às 08:40:00 UTC-3","reason","./explore?q=reason&geo=US"
"diego simeone","2 mil+","7 de julho de 2026 às 14:30:00 UTC-3","7 de julho de 2026 às 16:00:00 UTC-3","diego simeone,simeone argentina","./explore?q=diego%20simeone&geo=US"
"fabián ruiz peña","500+","10 de julho de 2026 às 16:30:00 UTC-3","10 de julho de 2026 às 17:40:00 UTC-3","fabián ruiz peña","./explore?q=fabi%C3%A1n%20ruiz%20pe%C3%B1a&geo=US"
"varvara lepchenko","1 mil+","9 de julho de 2026 às 10:50:00 UTC-3","9 de julho de 2026 às 13:20:00 UTC-3","varvara lepchenko,anna blinkova","./explore?q=varvara%20lepchenko&geo=US"
"who does mbappe play for","1 mil+","9 de julho de 2026 às 17:30:00 UTC-3","9 de julho de 2026 às 19:40:00 UTC-3","who does mbappe play for","./explore?q=who%20does%20mbappe%20play%20for&geo=US"
"los angeles","1 mil+","10 de julho de 2026 às 16:20:00 UTC-3","10 de julho de 2026 às 18:20:00 UTC-3","los angeles","./explore?q=los%20angeles&geo=US"
"car accident attorney","200+","11 de julho de 2026 às 06:30:00 UTC-3","11 de julho de 2026 às 07:40:00 UTC-3","car accident attorney","./explore?q=car%20accident%20attorney&geo=US"
"bradley barcola","1 mil+","9 de julho de 2026 às 18:50:00 UTC-3","9 de julho de 2026 às 19:50:00 UTC-3","bradley barcola","./explore?q=bradley%20barcola&geo=US"
"united states congress","1 mil+","7 de julho de 2026 às 12:50:00 UTC-3","7 de julho de 2026 às 15:00:00 UTC-3","united states congress","./explore?q=united%20states%20congress&geo=US"
"spain soccer players","500+","10 de julho de 2026 às 16:30:00 UTC-3","10 de julho de 2026 às 18:50:00 UTC-3","spain soccer players","./explore?q=spain%20soccer%20players&geo=US"
"handels","200+","12 de julho de 2026 às 01:40:00 UTC-3","12 de julho de 2026 às 02:50:00 UTC-3","handels","./explore?q=handels&geo=US"
"tacoma","500+","9 de julho de 2026 às 03:40:00 UTC-3","9 de julho de 2026 às 08:10:00 UTC-3","tacoma","./explore?q=tacoma&geo=US"
"spacex","1 mil+","9 de julho de 2026 às 06:10:00 UTC-3","9 de julho de 2026 às 07:40:00 UTC-3","spacex,space x","./explore?q=spacex&geo=US"
"joanna cassidy","500+","10 de julho de 2026 às 20:40:00 UTC-3","10 de julho de 2026 às 21:50:00 UTC-3","joanna cassidy","./explore?q=joanna%20cassidy&geo=US"
"gustavo puerta","1 mil+","7 de julho de 2026 às 16:50:00 UTC-3","7 de julho de 2026 às 19:40:00 UTC-3","gustavo puerta,gol caracol en vivo","./explore?q=gustavo%20puerta&geo=US"
"muse spark 1.1","1 mil+","9 de julho de 2026 às 11:50:00 UTC-3","9 de julho de 2026 às 14:10:00 UTC-3","muse spark 1.1","./explore?q=muse%20spark%201.1&geo=US"
"rangers","1 mil+","7 de julho de 2026 às 22:50:00 UTC-3","8 de julho de 2026 às 00:50:00 UTC-3","rangers","./explore?q=rangers&geo=US"
"railway","200+","11 de julho de 2026 às 04:30:00 UTC-3","11 de julho de 2026 às 08:00:00 UTC-3","railway","./explore?q=railway&geo=US"
"angelina jolie","1 mil+","10 de julho de 2026 às 02:00:00 UTC-3","10 de julho de 2026 às 17:40:00 UTC-3","angelina jolie","./explore?q=angelina%20jolie&geo=US"
"breanna stewart","1 mil+","7 de julho de 2026 às 21:10:00 UTC-3","7 de julho de 2026 às 23:30:00 UTC-3","breanna stewart","./explore?q=breanna%20stewart&geo=US"
"neil el aynaoui","1 mil+","9 de julho de 2026 às 17:00:00 UTC-3","9 de julho de 2026 às 18:10:00 UTC-3","neil el aynaoui","./explore?q=neil%20el%20aynaoui&geo=US"
"spencer torkelson","500+","10 de julho de 2026 às 22:00:00 UTC-3","10 de julho de 2026 às 23:20:00 UTC-3","spencer torkelson","./explore?q=spencer%20torkelson&geo=US"
"ozana cisneros","1 mil+","9 de julho de 2026 às 22:30:00 UTC-3","9 de julho de 2026 às 23:40:00 UTC-3","ozana cisneros","./explore?q=ozana%20cisneros&geo=US"
"nolan arenado","1 mil+","10 de julho de 2026 às 00:20:00 UTC-3","10 de julho de 2026 às 02:10:00 UTC-3","nolan arenado,padres score,merrill kelly","./explore?q=nolan%20arenado&geo=US"
"ciara miller","500+","11 de julho de 2026 às 23:10:00 UTC-3","11 de julho de 2026 às 23:40:00 UTC-3","ciara miller","./explore?q=ciara%20miller&geo=US"
"hines ward","1 mil+","9 de julho de 2026 às 21:10:00 UTC-3","9 de julho de 2026 às 22:40:00 UTC-3","hines ward","./explore?q=hines%20ward&geo=US"
"paul newman","200+","12 de julho de 2026 às 23:10:00 UTC-3","12 de julho de 2026 às 23:40:00 UTC-3","paul newman","./explore?q=paul%20newman&geo=US"
"argentina x egito","1 mil+","7 de julho de 2026 às 13:10:00 UTC-3","7 de julho de 2026 às 16:00:00 UTC-3","argentina x egito","./explore?q=argentina%20x%20egito&geo=US"
"brendan fraser","500+","10 de julho de 2026 às 01:00:00 UTC-3","10 de julho de 2026 às 05:10:00 UTC-3","brendan fraser","./explore?q=brendan%20fraser&geo=US"
"mike wallace","200+","12 de julho de 2026 às 11:00:00 UTC-3","12 de julho de 2026 às 11:50:00 UTC-3","mike wallace","./explore?q=mike%20wallace&geo=US"
"dakota fanning","1 mil+","9 de julho de 2026 às 22:00:00 UTC-3","10 de julho de 2026 às 04:20:00 UTC-3","dakota fanning","./explore?q=dakota%20fanning&geo=US"
"palantir video","1 mil+","8 de julho de 2026 às 10:20:00 UTC-3","8 de julho de 2026 às 11:50:00 UTC-3","palantir video","./explore?q=palantir%20video&geo=US"
"dominique malonga","500+","9 de julho de 2026 às 21:30:00 UTC-3","9 de julho de 2026 às 23:30:00 UTC-3","dominique malonga","./explore?q=dominique%20malonga&geo=US"
"salma hayek","500+","10 de julho de 2026 às 16:30:00 UTC-3","10 de julho de 2026 às 17:40:00 UTC-3","salma hayek","./explore?q=salma%20hayek&geo=US"
"zoe saldana","500+","11 de julho de 2026 às 21:40:00 UTC-3","11 de julho de 2026 às 22:20:00 UTC-3","zoe saldana","./explore?q=zoe%20saldana&geo=US"
"johan manzambi","2 mil+","7 de julho de 2026 às 17:00:00 UTC-3","7 de julho de 2026 às 20:20:00 UTC-3","johan manzambi","./explore?q=johan%20manzambi&geo=US"
"nasa","1 mil+","8 de julho de 2026 às 09:30:00 UTC-3","8 de julho de 2026 às 11:30:00 UTC-3","nasa","./explore?q=nasa&geo=US"
"don lemon","1 mil+","7 de julho de 2026 às 07:50:00 UTC-3","7 de julho de 2026 às 11:20:00 UTC-3","don lemon","./explore?q=don%20lemon&geo=US"
"sicario","1 mil+","8 de julho de 2026 às 22:40:00 UTC-3","9 de julho de 2026 às 01:10:00 UTC-3","sicario","./explore?q=sicario&geo=US"
"jose mourinho","1 mil+","10 de julho de 2026 às 16:20:00 UTC-3","10 de julho de 2026 às 17:30:00 UTC-3","jose mourinho","./explore?q=jose%20mourinho&geo=US"
"chess players","200+","11 de julho de 2026 às 19:40:00 UTC-3","11 de julho de 2026 às 20:50:00 UTC-3","chess players","./explore?q=chess%20players&geo=US"
"kerri greenidge","200+","11 de julho de 2026 às 08:50:00 UTC-3","11 de julho de 2026 às 10:30:00 UTC-3","kerri greenidge","./explore?q=kerri%20greenidge&geo=US"
"dbacks - padres","1 mil+","9 de julho de 2026 às 22:40:00 UTC-3","10 de julho de 2026 às 02:20:00 UTC-3","dbacks - padres,luis campusano","./explore?q=dbacks%20-%20padres&geo=US"
"connections today","500+","10 de julho de 2026 às 08:20:00 UTC-3","10 de julho de 2026 às 10:30:00 UTC-3","connections today","./explore?q=connections%20today&geo=US"
"rob reiner","1 mil+","8 de julho de 2026 às 22:50:00 UTC-3","9 de julho de 2026 às 01:10:00 UTC-3","rob reiner","./explore?q=rob%20reiner&geo=US"
"tsung-che cheng","500+","10 de julho de 2026 às 23:20:00 UTC-3","11 de julho de 2026 às 00:50:00 UTC-3","tsung-che cheng","./explore?q=tsung-che%20cheng&geo=US"
"crm stock","200+","13 de julho de 2026 às 13:40:00 UTC-3","13 de julho de 2026 às 14:00:00 UTC-3","crm stock","./explore?q=crm%20stock&geo=US"
"cam skattebo","1 mil+","9 de julho de 2026 às 12:40:00 UTC-3","9 de julho de 2026 às 16:20:00 UTC-3","cam skattebo","./explore?q=cam%20skattebo&geo=US"
"handels","500+","11 de julho de 2026 às 01:20:00 UTC-3","11 de julho de 2026 às 02:40:00 UTC-3","handels","./explore?q=handels&geo=US"
"andy roddick","1 mil+","8 de julho de 2026 às 11:40:00 UTC-3","8 de julho de 2026 às 15:10:00 UTC-3","andy roddick","./explore?q=andy%20roddick&geo=US"
"s&p 500 futures","1 mil+","8 de julho de 2026 às 07:10:00 UTC-3","8 de julho de 2026 às 09:30:00 UTC-3","s&p 500 futures,djia futures,s&p 500 today","./explore?q=s%26p%20500%20futures&geo=US"
"jennifer aniston","500+","10 de julho de 2026 às 23:40:00 UTC-3","11 de julho de 2026 às 00:40:00 UTC-3","jennifer aniston","./explore?q=jennifer%20aniston&geo=US"
"child","500+","8 de julho de 2026 às 07:40:00 UTC-3","8 de julho de 2026 às 10:20:00 UTC-3","child","./explore?q=child&geo=US"
"nashville weather","500+","10 de julho de 2026 às 08:00:00 UTC-3","10 de julho de 2026 às 09:50:00 UTC-3","nashville weather","./explore?q=nashville%20weather&geo=US"
"lenin movie review","1 mil+","10 de julho de 2026 às 10:00:00 UTC-3","10 de julho de 2026 às 12:10:00 UTC-3","lenin movie review,lenin telugu movie","./explore?q=lenin%20movie%20review&geo=US"
"charlie condon","500+","11 de julho de 2026 às 15:50:00 UTC-3","11 de julho de 2026 às 16:50:00 UTC-3","charlie condon","./explore?q=charlie%20condon&geo=US"
"fire restoration","200+","11 de julho de 2026 às 10:00:00 UTC-3","11 de julho de 2026 às 11:10:00 UTC-3","fire restoration","./explore?q=fire%20restoration&geo=US"
"basharat","500+","11 de julho de 2026 às 18:50:00 UTC-3","11 de julho de 2026 às 19:50:00 UTC-3","basharat","./explore?q=basharat&geo=US"
"caleb kilian","200+","11 de julho de 2026 às 02:20:00 UTC-3","11 de julho de 2026 às 04:00:00 UTC-3","caleb kilian","./explore?q=caleb%20kilian&geo=US"
"is mexico and england playing again","500+","9 de julho de 2026 às 01:50:00 UTC-3","9 de julho de 2026 às 04:40:00 UTC-3","is mexico and england playing again","./explore?q=is%20mexico%20and%20england%20playing%20again&geo=US"
"brett baty","500+","11 de julho de 2026 às 00:10:00 UTC-3","11 de julho de 2026 às 09:10:00 UTC-3","brett baty","./explore?q=brett%20baty&geo=US"
"robin williams","500+","11 de julho de 2026 às 02:00:00 UTC-3","11 de julho de 2026 às 03:30:00 UTC-3","robin williams","./explore?q=robin%20williams&geo=US"
"jamie pollard","1 mil+","10 de julho de 2026 às 10:10:00 UTC-3","10 de julho de 2026 às 11:40:00 UTC-3","jamie pollard,athletics","./explore?q=jamie%20pollard&geo=US"
"mike rowe","500+","10 de julho de 2026 às 20:40:00 UTC-3","10 de julho de 2026 às 21:50:00 UTC-3","mike rowe","./explore?q=mike%20rowe&geo=US"
"lars nootbaar","500+","11 de julho de 2026 às 21:00:00 UTC-3","11 de julho de 2026 às 21:50:00 UTC-3","lars nootbaar","./explore?q=lars%20nootbaar&geo=US"
"bay news 9","500+","10 de julho de 2026 às 20:00:00 UTC-3","10 de julho de 2026 às 21:20:00 UTC-3","bay news 9","./explore?q=bay%20news%209&geo=US"
"méxico","1 mil+","9 de julho de 2026 às 20:20:00 UTC-3","9 de julho de 2026 às 21:30:00 UTC-3","méxico","./explore?q=m%C3%A9xico&geo=US"
"weather next week","200+","12 de julho de 2026 às 07:10:00 UTC-3","12 de julho de 2026 às 08:30:00 UTC-3","weather next week","./explore?q=weather%20next%20week&geo=US"
"best movies on netflix","500+","10 de julho de 2026 às 21:10:00 UTC-3","11 de julho de 2026 às 08:00:00 UTC-3","best movies on netflix","./explore?q=best%20movies%20on%20netflix&geo=US"
"west nile virus","1 mil+","8 de julho de 2026 às 18:30:00 UTC-3","9 de julho de 2026 às 03:20:00 UTC-3","west nile virus","./explore?q=west%20nile%20virus&geo=US"
"et stock","100+","13 de julho de 2026 às 11:50:00 UTC-3","13 de julho de 2026 às 12:10:00 UTC-3","et stock","./explore?q=et%20stock&geo=US"
"bankruptcy","500+","11 de julho de 2026 às 13:50:00 UTC-3","11 de julho de 2026 às 14:40:00 UTC-3","bankruptcy","./explore?q=bankruptcy&geo=US"
"austin wells","200+","12 de julho de 2026 às 16:20:00 UTC-3","12 de julho de 2026 às 17:00:00 UTC-3","austin wells","./explore?q=austin%20wells&geo=US"
"malo gusto","500+","9 de julho de 2026 às 18:50:00 UTC-3","9 de julho de 2026 às 20:00:00 UTC-3","malo gusto","./explore?q=malo%20gusto&geo=US"
"new hampshire","500+","10 de julho de 2026 às 23:50:00 UTC-3","11 de julho de 2026 às 00:50:00 UTC-3","new hampshire","./explore?q=new%20hampshire&geo=US"
"salah soccer player","1 mil+","7 de julho de 2026 às 14:10:00 UTC-3","7 de julho de 2026 às 16:10:00 UTC-3","salah soccer player","./explore?q=salah%20soccer%20player&geo=US"
"trae young","500+","9 de julho de 2026 às 22:40:00 UTC-3","9 de julho de 2026 às 23:50:00 UTC-3","trae young","./explore?q=trae%20young&geo=US"
"cruz azul","200+","11 de julho de 2026 às 16:40:00 UTC-3","11 de julho de 2026 às 17:40:00 UTC-3","cruz azul","./explore?q=cruz%20azul&geo=US"
"car accident lawyer","1 mil+","9 de julho de 2026 às 03:30:00 UTC-3","9 de julho de 2026 às 17:30:00 UTC-3","car accident lawyer","./explore?q=car%20accident%20lawyer&geo=US"
"the rip","200+","12 de julho de 2026 às 09:50:00 UTC-3","12 de julho de 2026 às 10:50:00 UTC-3","the rip","./explore?q=the%20rip&geo=US"
"carson bolemon","500+","11 de julho de 2026 às 17:10:00 UTC-3","11 de julho de 2026 às 18:00:00 UTC-3","carson bolemon","./explore?q=carson%20bolemon&geo=US"
"bastille day 2026","500+","9 de julho de 2026 às 19:00:00 UTC-3","9 de julho de 2026 às 20:10:00 UTC-3","bastille day 2026","./explore?q=bastille%20day%202026&geo=US"
"cody williams","500+","9 de julho de 2026 às 22:50:00 UTC-3","10 de julho de 2026 às 00:20:00 UTC-3","cody williams","./explore?q=cody%20williams&geo=US"
"yordan alvarez","500+","10 de julho de 2026 às 22:50:00 UTC-3","10 de julho de 2026 às 23:50:00 UTC-3","yordan alvarez","./explore?q=yordan%20alvarez&geo=US"
"suriname","500+","11 de julho de 2026 às 19:20:00 UTC-3","11 de julho de 2026 às 20:10:00 UTC-3","suriname","./explore?q=suriname&geo=US"
"george e johnson","200+","12 de julho de 2026 às 09:50:00 UTC-3","12 de julho de 2026 às 10:50:00 UTC-3","george e johnson","./explore?q=george%20e%20johnson&geo=US"
"odyssey cast","1 mil+","7 de julho de 2026 às 08:10:00 UTC-3","7 de julho de 2026 às 22:20:00 UTC-3","odyssey cast,christopher nolan the odyssey backlash","./explore?q=odyssey%20cast&geo=US"
"heliot ramos","1 mil+","7 de julho de 2026 às 01:10:00 UTC-3","7 de julho de 2026 às 03:10:00 UTC-3","heliot ramos","./explore?q=heliot%20ramos&geo=US"
"alissa pili","500+","8 de julho de 2026 às 23:40:00 UTC-3","9 de julho de 2026 às 01:40:00 UTC-3","alissa pili","./explore?q=alissa%20pili&geo=US"
"世界杯赛程","200+","12 de julho de 2026 às 00:50:00 UTC-3","12 de julho de 2026 às 01:50:00 UTC-3","世界杯赛程","./explore?q=%E4%B8%96%E7%95%8C%E6%9D%AF%E8%B5%9B%E7%A8%8B&geo=US"
"dbacks","2 mil+","10 de julho de 2026 às 00:50:00 UTC-3","10 de julho de 2026 às 02:20:00 UTC-3","dbacks,diamondbacks,pavin smith","./explore?q=dbacks&geo=US"
"emiru","200+","10 de julho de 2026 às 03:10:00 UTC-3","10 de julho de 2026 às 08:10:00 UTC-3","emiru","./explore?q=emiru&geo=US"
"monaco diamond league 2026","500+","10 de julho de 2026 às 15:50:00 UTC-3","10 de julho de 2026 às 17:20:00 UTC-3","monaco diamond league 2026","./explore?q=monaco%20diamond%20league%202026&geo=US"
"linda noskova parents","200+","11 de julho de 2026 às 14:50:00 UTC-3","11 de julho de 2026 às 16:00:00 UTC-3","linda noskova parents","./explore?q=linda%20noskova%20parents&geo=US"
"tony romo","100+","13 de julho de 2026 às 11:50:00 UTC-3","13 de julho de 2026 às 12:10:00 UTC-3","tony romo","./explore?q=tony%20romo&geo=US"
"regina hall","500+","9 de julho de 2026 às 01:00:00 UTC-3","9 de julho de 2026 às 04:50:00 UTC-3","regina hall","./explore?q=regina%20hall&geo=US"
"arby's","500+","8 de julho de 2026 às 15:30:00 UTC-3","8 de julho de 2026 às 18:00:00 UTC-3","arby's","./explore?q=arby%27s&geo=US"
"s lammens","500+","10 de julho de 2026 às 17:30:00 UTC-3","10 de julho de 2026 às 18:40:00 UTC-3","s lammens,penders","./explore?q=s%20lammens&geo=US"
"bryce harper","1 mil+","9 de julho de 2026 às 19:40:00 UTC-3","9 de julho de 2026 às 20:50:00 UTC-3","bryce harper","./explore?q=bryce%20harper&geo=US"
"open primaries in the united states","100+","13 de julho de 2026 às 12:00:00 UTC-3","13 de julho de 2026 às 12:20:00 UTC-3","open primaries in the united states","./explore?q=open%20primaries%20in%20the%20united%20states&geo=US"
"suisse","1 mil+","7 de julho de 2026 às 19:10:00 UTC-3","7 de julho de 2026 às 21:00:00 UTC-3","suisse","./explore?q=suisse&geo=US"
"colin jost","200+","11 de julho de 2026 às 15:50:00 UTC-3","11 de julho de 2026 às 16:50:00 UTC-3","colin jost","./explore?q=colin%20jost&geo=US"
"benedict cumberbatch","1 mil+","7 de julho de 2026 às 10:00:00 UTC-3","7 de julho de 2026 às 19:30:00 UTC-3","benedict cumberbatch","./explore?q=benedict%20cumberbatch&geo=US"
"wilmington coup","200+","12 de julho de 2026 às 10:30:00 UTC-3","12 de julho de 2026 às 11:20:00 UTC-3","wilmington coup","./explore?q=wilmington%20coup&geo=US"
"olave","500+","9 de julho de 2026 às 07:50:00 UTC-3","9 de julho de 2026 às 09:40:00 UTC-3","olave","./explore?q=olave&geo=US"
"tarik skubal","1 mil+","7 de julho de 2026 às 21:40:00 UTC-3","7 de julho de 2026 às 23:40:00 UTC-3","tarik skubal,colt keith","./explore?q=tarik%20skubal&geo=US"
"vancouver stadium","1 mil+","7 de julho de 2026 às 17:10:00 UTC-3","7 de julho de 2026 às 20:30:00 UTC-3","vancouver stadium","./explore?q=vancouver%20stadium&geo=US"
"amc stock","100+","13 de julho de 2026 às 11:40:00 UTC-3","13 de julho de 2026 às 12:00:00 UTC-3","amc stock","./explore?q=amc%20stock&geo=US"
"messi kids","500+","12 de julho de 2026 às 00:40:00 UTC-3","12 de julho de 2026 às 01:20:00 UTC-3","messi kids","./explore?q=messi%20kids&geo=US"
"cj nitkowski","500+","10 de julho de 2026 às 14:50:00 UTC-3","10 de julho de 2026 às 16:00:00 UTC-3","cj nitkowski","./explore?q=cj%20nitkowski&geo=US"
"tesla","1 mil+","7 de julho de 2026 às 05:50:00 UTC-3","7 de julho de 2026 às 07:10:00 UTC-3","tesla","./explore?q=tesla&geo=US"
"atalanta","500+","10 de julho de 2026 às 16:40:00 UTC-3","10 de julho de 2026 às 17:50:00 UTC-3","atalanta","./explore?q=atalanta&geo=US"
"coreweave stock","100+","13 de julho de 2026 às 11:20:00 UTC-3","13 de julho de 2026 às 11:40:00 UTC-3","coreweave stock","./explore?q=coreweave%20stock&geo=US"
"dodgers schedule","2 mil+","9 de julho de 2026 às 01:50:00 UTC-3","9 de julho de 2026 às 02:30:00 UTC-3","dodgers schedule,la dodgers donald trump visit,kike hernandez,nbc news","./explore?q=dodgers%20schedule&geo=US"
"wdc stock","100+","13 de julho de 2026 às 11:30:00 UTC-3","13 de julho de 2026 às 11:50:00 UTC-3","wdc stock","./explore?q=wdc%20stock&geo=US"
"tiempo mañana","500+","9 de julho de 2026 às 22:40:00 UTC-3","9 de julho de 2026 às 23:40:00 UTC-3","tiempo mañana","./explore?q=tiempo%20ma%C3%B1ana&geo=US"
"massachusetts beach swimming closures","200+","11 de julho de 2026 às 09:00:00 UTC-3","11 de julho de 2026 às 10:40:00 UTC-3","massachusetts beach swimming closures","./explore?q=massachusetts%20beach%20swimming%20closures&geo=US"
"housing market","100+","13 de julho de 2026 às 05:40:00 UTC-3","13 de julho de 2026 às 06:10:00 UTC-3","housing market","./explore?q=housing%20market&geo=US"
"погода завтра","1 mil+","8 de julho de 2026 às 22:00:00 UTC-3","8 de julho de 2026 às 23:30:00 UTC-3","погода завтра","./explore?q=%D0%BF%D0%BE%D0%B3%D0%BE%D0%B4%D0%B0%20%D0%B7%D0%B0%D0%B2%D1%82%D1%80%D0%B0&geo=US"
"bastille day 2026","200+","12 de julho de 2026 às 09:40:00 UTC-3","12 de julho de 2026 às 12:50:00 UTC-3","bastille day 2026","./explore?q=bastille%20day%202026&geo=US"
"jaylin sellers","500+","10 de julho de 2026 às 23:00:00 UTC-3","11 de julho de 2026 às 00:10:00 UTC-3","jaylin sellers","./explore?q=jaylin%20sellers&geo=US"
"greg jones","1 mil+","8 de julho de 2026 às 21:10:00 UTC-3","8 de julho de 2026 às 22:40:00 UTC-3","greg jones","./explore?q=greg%20jones&geo=US"
"simeone","1 mil+","7 de julho de 2026 às 14:50:00 UTC-3","7 de julho de 2026 às 16:00:00 UTC-3","simeone","./explore?q=simeone&geo=US"
"ldu quito vs libertad loja","200+","12 de julho de 2026 às 13:50:00 UTC-3","12 de julho de 2026 às 14:20:00 UTC-3","ldu quito vs libertad loja","./explore?q=ldu%20quito%20vs%20libertad%20loja&geo=US"
"cuándo juega españa","500+","9 de julho de 2026 às 19:00:00 UTC-3","9 de julho de 2026 às 20:30:00 UTC-3","cuándo juega españa","./explore?q=cu%C3%A1ndo%20juega%20espa%C3%B1a&geo=US"
"forex factory","1 mil+","8 de julho de 2026 às 10:20:00 UTC-3","8 de julho de 2026 às 11:30:00 UTC-3","forex factory,fomc minutes,fed minutes,fomc","./explore?q=forex%20factory&geo=US"
"sunny hostin","1 mil+","7 de julho de 2026 às 11:00:00 UTC-3","8 de julho de 2026 às 00:30:00 UTC-3","sunny hostin","./explore?q=sunny%20hostin&geo=US"
"texas rangers","2 mil+","7 de julho de 2026 às 23:50:00 UTC-3","8 de julho de 2026 às 00:40:00 UTC-3","texas rangers,rangers","./explore?q=texas%20rangers&geo=US"
"larry selders","1 mil+","7 de julho de 2026 às 23:10:00 UTC-3","8 de julho de 2026 às 01:10:00 UTC-3","larry selders","./explore?q=larry%20selders&geo=US"
"grant enfinger","200+","11 de julho de 2026 às 17:10:00 UTC-3","11 de julho de 2026 às 18:10:00 UTC-3","grant enfinger","./explore?q=grant%20enfinger&geo=US"
"anthony volpe","200+","11 de julho de 2026 às 01:00:00 UTC-3","11 de julho de 2026 às 08:30:00 UTC-3","anthony volpe","./explore?q=anthony%20volpe&geo=US"
"masataka yoshida","500+","10 de julho de 2026 às 21:30:00 UTC-3","10 de julho de 2026 às 22:30:00 UTC-3","masataka yoshida","./explore?q=masataka%20yoshida&geo=US"
"atlanta braves schedule","500+","10 de julho de 2026 às 21:10:00 UTC-3","10 de julho de 2026 às 22:20:00 UTC-3","atlanta braves schedule","./explore?q=atlanta%20braves%20schedule&geo=US"
"bobby flay","500+","9 de julho de 2026 às 20:30:00 UTC-3","9 de julho de 2026 às 22:30:00 UTC-3","bobby flay","./explore?q=bobby%20flay&geo=US"
"parlay","200+","12 de julho de 2026 às 00:50:00 UTC-3","12 de julho de 2026 às 01:50:00 UTC-3","parlay","./explore?q=parlay&geo=US"
"tielemans belgium","500+","10 de julho de 2026 às 16:00:00 UTC-3","10 de julho de 2026 às 17:10:00 UTC-3","tielemans belgium","./explore?q=tielemans%20belgium&geo=US"
"bowling","500+","10 de julho de 2026 às 21:40:00 UTC-3","10 de julho de 2026 às 22:50:00 UTC-3","bowling","./explore?q=bowling&geo=US"
"nio stock","100+","13 de julho de 2026 às 11:40:00 UTC-3","13 de julho de 2026 às 12:00:00 UTC-3","nio stock","./explore?q=nio%20stock&geo=US"
"minka kelly","200+","10 de julho de 2026 às 07:30:00 UTC-3","10 de julho de 2026 às 10:00:00 UTC-3","minka kelly","./explore?q=minka%20kelly&geo=US"
"gev stock","100+","13 de julho de 2026 às 11:50:00 UTC-3","13 de julho de 2026 às 12:10:00 UTC-3","gev stock","./explore?q=gev%20stock&geo=US"
"warren zaïre-emery","500+","9 de julho de 2026 às 18:30:00 UTC-3","9 de julho de 2026 às 19:50:00 UTC-3","warren zaïre-emery","./explore?q=warren%20za%C3%AFre-emery&geo=US"
"billboard","100+","13 de julho de 2026 às 05:00:00 UTC-3","13 de julho de 2026 às 06:30:00 UTC-3","billboard","./explore?q=billboard&geo=US"
"alaska air group expansion","500+","10 de julho de 2026 às 01:30:00 UTC-3","10 de julho de 2026 às 04:10:00 UTC-3","alaska air group expansion","./explore?q=alaska%20air%20group%20expansion&geo=US"
"brittney griner","1 mil+","8 de julho de 2026 às 21:00:00 UTC-3","8 de julho de 2026 às 23:00:00 UTC-3","brittney griner","./explore?q=brittney%20griner&geo=US"
"jordan 7 miro","500+","10 de julho de 2026 às 11:10:00 UTC-3","10 de julho de 2026 às 12:40:00 UTC-3","jordan 7 miro","./explore?q=jordan%207%20miro&geo=US"
"maxime raynaud","500+","10 de julho de 2026 às 00:30:00 UTC-3","10 de julho de 2026 às 01:40:00 UTC-3","maxime raynaud","./explore?q=maxime%20raynaud&geo=US"
"baseball games today","500+","10 de julho de 2026 às 20:20:00 UTC-3","10 de julho de 2026 às 21:30:00 UTC-3","baseball games today","./explore?q=baseball%20games%20today&geo=US"
"2018 world cup","1 mil+","9 de julho de 2026 às 19:00:00 UTC-3","9 de julho de 2026 às 19:50:00 UTC-3","2018 world cup,previous world cup winners,france goalkeeper","./explore?q=2018%20world%20cup&geo=US"
"hugo gonzalez","500+","11 de julho de 2026 às 00:00:00 UTC-3","11 de julho de 2026 às 01:10:00 UTC-3","hugo gonzalez","./explore?q=hugo%20gonzalez&geo=US"
"brandon marsh","1 mil+","8 de julho de 2026 às 20:40:00 UTC-3","8 de julho de 2026 às 21:50:00 UTC-3","brandon marsh","./explore?q=brandon%20marsh&geo=US"
"kristen stewart","500+","10 de julho de 2026 às 02:10:00 UTC-3","10 de julho de 2026 às 04:30:00 UTC-3","kristen stewart","./explore?q=kristen%20stewart&geo=US"
"dortmund","200+","11 de julho de 2026 às 20:40:00 UTC-3","11 de julho de 2026 às 21:30:00 UTC-3","dortmund","./explore?q=dortmund&geo=US"
"mel b","2 mil+","10 de julho de 2026 às 22:40:00 UTC-3","10 de julho de 2026 às 23:30:00 UTC-3","mel b,c","./explore?q=mel%20b&geo=US"
"smr stock","100+","13 de julho de 2026 às 11:50:00 UTC-3","13 de julho de 2026 às 12:10:00 UTC-3","smr stock","./explore?q=smr%20stock&geo=US"
"val kilmer","500+","12 de julho de 2026 às 02:00:00 UTC-3","12 de julho de 2026 às 02:20:00 UTC-3","val kilmer","./explore?q=val%20kilmer&geo=US"
"jimmy tatro","1 mil+","8 de julho de 2026 às 19:30:00 UTC-3","8 de julho de 2026 às 21:00:00 UTC-3","jimmy tatro","./explore?q=jimmy%20tatro&geo=US"
"jesse white tumblers","500+","10 de julho de 2026 às 22:10:00 UTC-3","10 de julho de 2026 às 23:20:00 UTC-3","jesse white tumblers","./explore?q=jesse%20white%20tumblers&geo=US"
"jung hoo lee","500+","10 de julho de 2026 às 01:20:00 UTC-3","10 de julho de 2026 às 03:00:00 UTC-3","jung hoo lee","./explore?q=jung%20hoo%20lee&geo=US"
"spain vs france","1 mil+","9 de julho de 2026 às 19:00:00 UTC-3","9 de julho de 2026 às 20:10:00 UTC-3","spain vs france,france vs spain","./explore?q=spain%20vs%20france&geo=US"
"bitcoin price","1 mil+","7 de julho de 2026 às 04:40:00 UTC-3","7 de julho de 2026 às 05:50:00 UTC-3","bitcoin price","./explore?q=bitcoin%20price&geo=US"
"julie chen moonves","500+","9 de julho de 2026 às 21:10:00 UTC-3","9 de julho de 2026 às 22:30:00 UTC-3","julie chen moonves","./explore?q=julie%20chen%20moonves&geo=US"
"stranger things season 5","500+","10 de julho de 2026 às 04:50:00 UTC-3","10 de julho de 2026 às 08:30:00 UTC-3","stranger things season 5,stranger things cast","./explore?q=stranger%20things%20season%205&geo=US"
"ryan garcia","200+","12 de julho de 2026 às 01:30:00 UTC-3","12 de julho de 2026 às 02:10:00 UTC-3","ryan garcia","./explore?q=ryan%20garcia&geo=US"
"suns summer league","200+","11 de julho de 2026 às 01:20:00 UTC-3","11 de julho de 2026 às 02:50:00 UTC-3","suns summer league","./explore?q=suns%20summer%20league&geo=US"
"sri lanka vs west indies","1 mil+","7 de julho de 2026 às 18:50:00 UTC-3","7 de julho de 2026 às 19:40:00 UTC-3","sri lanka vs west indies","./explore?q=sri%20lanka%20vs%20west%20indies&geo=US"
"florida python challenge","500+","10 de julho de 2026 às 17:40:00 UTC-3","10 de julho de 2026 às 18:40:00 UTC-3","florida python challenge","./explore?q=florida%20python%20challenge&geo=US"
"club de fútbol cruz azul","1 mil+","7 de julho de 2026 às 20:30:00 UTC-3","7 de julho de 2026 às 22:30:00 UTC-3","club de fútbol cruz azul","./explore?q=club%20de%20f%C3%BAtbol%20cruz%20azul&geo=US"
"antifa","500+","12 de julho de 2026 às 10:00:00 UTC-3","12 de julho de 2026 às 10:50:00 UTC-3","antifa","./explore?q=antifa&geo=US"
"argentina fc","500+","7 de julho de 2026 às 14:00:00 UTC-3","7 de julho de 2026 às 16:10:00 UTC-3","argentina fc","./explore?q=argentina%20fc&geo=US"
"climate change","1 mil+","7 de julho de 2026 às 04:40:00 UTC-3","7 de julho de 2026 às 05:50:00 UTC-3","climate change","./explore?q=climate%20change&geo=US"
"state of origin game 3","500+","8 de julho de 2026 às 07:40:00 UTC-3","8 de julho de 2026 às 10:10:00 UTC-3","state of origin game 3","./explore?q=state%20of%20origin%20game%203&geo=US"
"anthony gordon england","200+","11 de julho de 2026 às 18:40:00 UTC-3","11 de julho de 2026 às 19:50:00 UTC-3","anthony gordon england","./explore?q=anthony%20gordon%20england&geo=US"
"wnba scores","1 mil+","10 de julho de 2026 às 01:40:00 UTC-3","10 de julho de 2026 às 02:20:00 UTC-3","wnba scores","./explore?q=wnba%20scores&geo=US"
"alan rangel","500+","8 de julho de 2026 às 21:10:00 UTC-3","8 de julho de 2026 às 22:20:00 UTC-3","alan rangel","./explore?q=alan%20rangel&geo=US"
"buddy kennedy","500+","10 de julho de 2026 às 20:40:00 UTC-3","10 de julho de 2026 às 21:40:00 UTC-3","buddy kennedy","./explore?q=buddy%20kennedy&geo=US"
"lithuania","500+","10 de julho de 2026 às 09:30:00 UTC-3","10 de julho de 2026 às 11:10:00 UTC-3","lithuania","./explore?q=lithuania&geo=US"
"eric karros","1 mil+","8 de julho de 2026 às 23:40:00 UTC-3","9 de julho de 2026 às 00:50:00 UTC-3","eric karros,dodger game today","./explore?q=eric%20karros&geo=US"
"pediatrician","500+","7 de julho de 2026 às 04:50:00 UTC-3","7 de julho de 2026 às 06:40:00 UTC-3","pediatrician","./explore?q=pediatrician&geo=US"
"alysha clark","500+","10 de julho de 2026 às 22:20:00 UTC-3","10 de julho de 2026 às 23:20:00 UTC-3","alysha clark","./explore?q=alysha%20clark&geo=US"
"artificial intelligence","1 mil+","7 de julho de 2026 às 04:40:00 UTC-3","7 de julho de 2026 às 05:50:00 UTC-3","artificial intelligence","./explore?q=artificial%20intelligence&geo=US"
"de","500+","10 de julho de 2026 às 18:40:00 UTC-3","10 de julho de 2026 às 19:40:00 UTC-3","de,john deere","./explore?q=de&geo=US"
"clippers investigation","1 mil+","9 de julho de 2026 às 16:10:00 UTC-3","9 de julho de 2026 às 17:30:00 UTC-3","clippers investigation,clippers","./explore?q=clippers%20investigation&geo=US"
"nate bittle","500+","10 de julho de 2026 às 23:00:00 UTC-3","11 de julho de 2026 às 00:10:00 UTC-3","nate bittle","./explore?q=nate%20bittle&geo=US"
"sp500","1 mil+","8 de julho de 2026 às 11:10:00 UTC-3","8 de julho de 2026 às 13:20:00 UTC-3","sp500","./explore?q=sp500&geo=US"
"dbacks - padres","500+","8 de julho de 2026 às 23:40:00 UTC-3","9 de julho de 2026 às 03:10:00 UTC-3","dbacks - padres","./explore?q=dbacks%20-%20padres&geo=US"
"climate change","500+","8 de julho de 2026 às 06:50:00 UTC-3","8 de julho de 2026 às 08:00:00 UTC-3","climate change","./explore?q=climate%20change&geo=US"
"lara trump","500+","10 de julho de 2026 às 11:10:00 UTC-3","10 de julho de 2026 às 12:10:00 UTC-3","lara trump,brad gerstner","./explore?q=lara%20trump&geo=US"
"nasdaq composite","500+","9 de julho de 2026 às 18:20:00 UTC-3","9 de julho de 2026 às 19:20:00 UTC-3","nasdaq composite","./explore?q=nasdaq%20composite&geo=US"
"how many world cup goals does messi have","500+","9 de julho de 2026 às 18:20:00 UTC-3","9 de julho de 2026 às 19:30:00 UTC-3","how many world cup goals does messi have","./explore?q=how%20many%20world%20cup%20goals%20does%20messi%20have&geo=US"
"dylan dreyer","1 mil+","10 de julho de 2026 às 12:50:00 UTC-3","10 de julho de 2026 às 13:50:00 UTC-3","dylan dreyer","./explore?q=dylan%20dreyer&geo=US"
"uragasaurus kalasinensis dinosaur discovery thailand","200+","10 de julho de 2026 às 20:20:00 UTC-3","10 de julho de 2026 às 21:30:00 UTC-3","uragasaurus kalasinensis dinosaur discovery thailand","./explore?q=uragasaurus%20kalasinensis%20dinosaur%20discovery%20thailand&geo=US"
"xero","200+","11 de julho de 2026 às 06:20:00 UTC-3","11 de julho de 2026 às 08:30:00 UTC-3","xero","./explore?q=xero&geo=US"
"kyrie irving","500+","9 de julho de 2026 às 21:40:00 UTC-3","9 de julho de 2026 às 22:40:00 UTC-3","kyrie irving","./explore?q=kyrie%20irving&geo=US"
"brett harris","500+","9 de julho de 2026 às 15:40:00 UTC-3","9 de julho de 2026 às 16:50:00 UTC-3","brett harris","./explore?q=brett%20harris&geo=US"
"david cronenberg","500+","7 de julho de 2026 às 13:00:00 UTC-3","7 de julho de 2026 às 15:40:00 UTC-3","david cronenberg","./explore?q=david%20cronenberg&geo=US"
"jefferson lerma","500+","7 de julho de 2026 às 18:10:00 UTC-3","7 de julho de 2026 às 19:50:00 UTC-3","jefferson lerma","./explore?q=jefferson%20lerma&geo=US"
"louis vuitton","1 mil+","9 de julho de 2026 às 08:00:00 UTC-3","9 de julho de 2026 às 09:00:00 UTC-3","louis vuitton,lingerie","./explore?q=louis%20vuitton&geo=US"
"parker messick","200+","10 de julho de 2026 às 21:20:00 UTC-3","10 de julho de 2026 às 22:30:00 UTC-3","parker messick","./explore?q=parker%20messick&geo=US"
"fox hollow murders","500+","8 de julho de 2026 às 14:50:00 UTC-3","8 de julho de 2026 às 23:00:00 UTC-3","fox hollow murders","./explore?q=fox%20hollow%20murders&geo=US"
"bo derek","500+","8 de julho de 2026 às 06:50:00 UTC-3","8 de julho de 2026 às 09:20:00 UTC-3","bo derek","./explore?q=bo%20derek&geo=US"
"mark clattenburg","500+","11 de julho de 2026 às 19:10:00 UTC-3","11 de julho de 2026 às 19:40:00 UTC-3","mark clattenburg","./explore?q=mark%20clattenburg&geo=US"
"kate at wimbledon today","200+","11 de julho de 2026 às 17:50:00 UTC-3","11 de julho de 2026 às 18:40:00 UTC-3","kate at wimbledon today","./explore?q=kate%20at%20wimbledon%20today&geo=US"
"tv guide","500+","9 de julho de 2026 às 21:20:00 UTC-3","9 de julho de 2026 às 22:20:00 UTC-3","tv guide","./explore?q=tv%20guide&geo=US"
"wwe raw results","500+","7 de julho de 2026 às 06:40:00 UTC-3","7 de julho de 2026 às 08:50:00 UTC-3","wwe raw results","./explore?q=wwe%20raw%20results&geo=US"
"payton tolle","1 mil+","7 de julho de 2026 às 22:30:00 UTC-3","7 de julho de 2026 às 23:30:00 UTC-3","payton tolle,andruw monasterio","./explore?q=payton%20tolle&geo=US"
"7-eleven","2 mil+","8 de julho de 2026 às 16:10:00 UTC-3","8 de julho de 2026 às 17:00:00 UTC-3","7-eleven,seven eleven,7 11,nike shoes,shoes,7 eleven,711","./explore?q=7-eleven&geo=US"
"tour de france stage 5","1 mil+","8 de julho de 2026 às 13:00:00 UTC-3","8 de julho de 2026 às 15:10:00 UTC-3","tour de france stage 5,de,olav kooij","./explore?q=tour%20de%20france%20stage%205&geo=US"
"kyle schwarber","1 mil+","8 de julho de 2026 às 23:40:00 UTC-3","9 de julho de 2026 às 00:20:00 UTC-3","kyle schwarber","./explore?q=kyle%20schwarber&geo=US"
"eric dillon multiple myeloma","500+","7 de julho de 2026 às 07:30:00 UTC-3","7 de julho de 2026 às 09:40:00 UTC-3","eric dillon multiple myeloma","./explore?q=eric%20dillon%20multiple%20myeloma&geo=US"
"allan saint maximin","100+","13 de julho de 2026 às 10:50:00 UTC-3","13 de julho de 2026 às 11:10:00 UTC-3","allan saint maximin","./explore?q=allan%20saint%20maximin&geo=US"
"sndk","1 mil+","7 de julho de 2026 às 11:10:00 UTC-3","7 de julho de 2026 às 13:20:00 UTC-3","sndk,sandisk stock","./explore?q=sndk&geo=US"
"manel kape","200+","11 de julho de 2026 às 23:10:00 UTC-3","11 de julho de 2026 às 23:50:00 UTC-3","manel kape","./explore?q=manel%20kape&geo=US"
"julian alvarez","1 mil+","7 de julho de 2026 às 14:10:00 UTC-3","7 de julho de 2026 às 14:50:00 UTC-3","julian alvarez","./explore?q=julian%20alvarez&geo=US"
"marketwatch","500+","8 de julho de 2026 às 08:20:00 UTC-3","8 de julho de 2026 às 09:50:00 UTC-3","marketwatch","./explore?q=marketwatch&geo=US"
"kate martin","500+","8 de julho de 2026 às 23:40:00 UTC-3","9 de julho de 2026 às 01:00:00 UTC-3","kate martin","./explore?q=kate%20martin&geo=US"
"steve gleason","500+","9 de julho de 2026 às 08:20:00 UTC-3","9 de julho de 2026 às 09:40:00 UTC-3","steve gleason","./explore?q=steve%20gleason&geo=US"
"landon dickerson","500+","9 de julho de 2026 às 21:10:00 UTC-3","9 de julho de 2026 às 22:30:00 UTC-3","landon dickerson","./explore?q=landon%20dickerson&geo=US"
"pilot jumps out of plane","500+","9 de julho de 2026 às 19:30:00 UTC-3","9 de julho de 2026 às 20:50:00 UTC-3","pilot jumps out of plane","./explore?q=pilot%20jumps%20out%20of%20plane&geo=US"
"new trial","500+","8 de julho de 2026 às 16:10:00 UTC-3","8 de julho de 2026 às 17:40:00 UTC-3","new trial","./explore?q=new%20trial&geo=US"
"scotland","200+","12 de julho de 2026 às 00:30:00 UTC-3","12 de julho de 2026 às 01:00:00 UTC-3","scotland","./explore?q=scotland&geo=US"
"christian horner","500+","9 de julho de 2026 às 09:20:00 UTC-3","9 de julho de 2026 às 13:00:00 UTC-3","christian horner","./explore?q=christian%20horner&geo=US"
"xzavion curry","500+","8 de julho de 2026 às 23:00:00 UTC-3","9 de julho de 2026 às 00:10:00 UTC-3","xzavion curry","./explore?q=xzavion%20curry&geo=US"
"jesse bisiwu","200+","11 de julho de 2026 às 13:10:00 UTC-3","11 de julho de 2026 às 14:10:00 UTC-3","jesse bisiwu","./explore?q=jesse%20bisiwu&geo=US"
"kyra sedgwick","200+","11 de julho de 2026 às 20:40:00 UTC-3","11 de julho de 2026 às 21:20:00 UTC-3","kyra sedgwick","./explore?q=kyra%20sedgwick&geo=US"
"fidelity trading","200+","9 de julho de 2026 às 02:40:00 UTC-3","9 de julho de 2026 às 08:30:00 UTC-3","fidelity trading","./explore?q=fidelity%20trading&geo=US"
"pep guardiola","500+","10 de julho de 2026 às 16:20:00 UTC-3","10 de julho de 2026 às 17:20:00 UTC-3","pep guardiola","./explore?q=pep%20guardiola&geo=US"
"bill ward public appearance wheelchair","500+","9 de julho de 2026 às 14:00:00 UTC-3","9 de julho de 2026 às 20:10:00 UTC-3","bill ward public appearance wheelchair","./explore?q=bill%20ward%20public%20appearance%20wheelchair&geo=US"
"bobby dickerson phillies","500+","7 de julho de 2026 às 22:40:00 UTC-3","7 de julho de 2026 às 23:50:00 UTC-3","bobby dickerson phillies","./explore?q=bobby%20dickerson%20phillies&geo=US"
"publix organic blueberry recall","500+","7 de julho de 2026 às 07:50:00 UTC-3","7 de julho de 2026 às 10:10:00 UTC-3","publix organic blueberry recall,publix","./explore?q=publix%20organic%20blueberry%20recall&geo=US"
"noa essengue","200+","10 de julho de 2026 às 22:40:00 UTC-3","10 de julho de 2026 às 23:50:00 UTC-3","noa essengue","./explore?q=noa%20essengue&geo=US"
"benedict cumberbatch","200+","10 de julho de 2026 às 10:50:00 UTC-3","10 de julho de 2026 às 11:50:00 UTC-3","benedict cumberbatch","./explore?q=benedict%20cumberbatch&geo=US"
"walmart kroger target food recalls","500+","8 de julho de 2026 às 08:20:00 UTC-3","8 de julho de 2026 às 11:00:00 UTC-3","walmart kroger target food recalls","./explore?q=walmart%20kroger%20target%20food%20recalls&geo=US"
"vaibhav sooryavanshi","500+","9 de julho de 2026 às 14:00:00 UTC-3","9 de julho de 2026 às 15:00:00 UTC-3","vaibhav sooryavanshi","./explore?q=vaibhav%20sooryavanshi&geo=US"
"luis de la fuente","500+","10 de julho de 2026 às 16:20:00 UTC-3","10 de julho de 2026 às 17:10:00 UTC-3","luis de la fuente","./explore?q=luis%20de%20la%20fuente&geo=US"
"tim bontemps","500+","8 de julho de 2026 às 10:30:00 UTC-3","8 de julho de 2026 às 12:10:00 UTC-3","tim bontemps","./explore?q=tim%20bontemps&geo=US"
"阿根廷","1 mil+","7 de julho de 2026 às 14:50:00 UTC-3","7 de julho de 2026 às 16:10:00 UTC-3","阿根廷","./explore?q=%E9%98%BF%E6%A0%B9%E5%BB%B7&geo=US"
"pittsburgh weather","500+","9 de julho de 2026 às 15:40:00 UTC-3","9 de julho de 2026 às 16:40:00 UTC-3","pittsburgh weather","./explore?q=pittsburgh%20weather&geo=US"
"kamilla cardoso","1 mil+","7 de julho de 2026 às 23:40:00 UTC-3","8 de julho de 2026 às 01:00:00 UTC-3","kamilla cardoso","./explore?q=kamilla%20cardoso&geo=US"
"kellyanne conway","500+","8 de julho de 2026 às 22:30:00 UTC-3","8 de julho de 2026 às 23:30:00 UTC-3","kellyanne conway","./explore?q=kellyanne%20conway&geo=US"
"big 3 basketball","200+","12 de julho de 2026 às 18:50:00 UTC-3","12 de julho de 2026 às 19:10:00 UTC-3","big 3 basketball","./explore?q=big%203%20basketball&geo=US"
"weston wilson","200+","12 de julho de 2026 às 16:30:00 UTC-3","12 de julho de 2026 às 16:50:00 UTC-3","weston wilson","./explore?q=weston%20wilson&geo=US"
"trace gallagher","500+","8 de julho de 2026 às 00:20:00 UTC-3","8 de julho de 2026 às 01:30:00 UTC-3","trace gallagher","./explore?q=trace%20gallagher&geo=US"
"jaren jackson jr","500+","9 de julho de 2026 às 23:20:00 UTC-3","10 de julho de 2026 às 00:30:00 UTC-3","jaren jackson jr","./explore?q=jaren%20jackson%20jr&geo=US"
"vxus","500+","8 de julho de 2026 às 11:20:00 UTC-3","8 de julho de 2026 às 13:20:00 UTC-3","vxus","./explore?q=vxus&geo=US"
"eduardo rodríguez","500+","11 de julho de 2026 às 00:00:00 UTC-3","11 de julho de 2026 às 01:30:00 UTC-3","eduardo rodríguez","./explore?q=eduardo%20rodr%C3%ADguez&geo=US"
"cortis lightstick","500+","7 de julho de 2026 às 23:40:00 UTC-3","8 de julho de 2026 às 04:40:00 UTC-3","cortis lightstick","./explore?q=cortis%20lightstick&geo=US"
"chai","200+","11 de julho de 2026 às 04:10:00 UTC-3","11 de julho de 2026 às 05:10:00 UTC-3","chai","./explore?q=chai&geo=US"
"cs2 update","500+","8 de julho de 2026 às 20:10:00 UTC-3","8 de julho de 2026 às 21:20:00 UTC-3","cs2 update","./explore?q=cs2%20update&geo=US"
"zidane headbutt","500+","9 de julho de 2026 às 16:40:00 UTC-3","9 de julho de 2026 às 17:40:00 UTC-3","zidane headbutt","./explore?q=zidane%20headbutt&geo=US"
"luis rengifo","200+","11 de julho de 2026 às 00:50:00 UTC-3","11 de julho de 2026 às 01:40:00 UTC-3","luis rengifo","./explore?q=luis%20rengifo&geo=US"
"quentin tarantino","100+","12 de julho de 2026 às 03:30:00 UTC-3","12 de julho de 2026 às 04:40:00 UTC-3","quentin tarantino","./explore?q=quentin%20tarantino&geo=US"
"xrp ledger","200+","11 de julho de 2026 às 09:20:00 UTC-3","11 de julho de 2026 às 10:20:00 UTC-3","xrp ledger","./explore?q=xrp%20ledger&geo=US"
"kingston preyear","200+","10 de julho de 2026 às 17:00:00 UTC-3","10 de julho de 2026 às 18:10:00 UTC-3","kingston preyear","./explore?q=kingston%20preyear&geo=US"
"e jean carroll","1 mil+","8 de julho de 2026 às 15:50:00 UTC-3","8 de julho de 2026 às 16:40:00 UTC-3","e jean carroll,e. jean carroll","./explore?q=e%20jean%20carroll&geo=US"
"fluminense vs nova iguaçu","1 mil+","8 de julho de 2026 às 21:00:00 UTC-3","8 de julho de 2026 às 23:30:00 UTC-3","fluminense vs nova iguaçu,fluminense - nova iguaçu","./explore?q=fluminense%20vs%20nova%20igua%C3%A7u&geo=US"
"bryson dechambeau","500+","10 de julho de 2026 às 08:00:00 UTC-3","10 de julho de 2026 às 08:50:00 UTC-3","bryson dechambeau","./explore?q=bryson%20dechambeau&geo=US"
"stephen merchant","200+","10 de julho de 2026 às 19:10:00 UTC-3","10 de julho de 2026 às 20:20:00 UTC-3","stephen merchant","./explore?q=stephen%20merchant&geo=US"
"terry rozier","500+","8 de julho de 2026 às 23:20:00 UTC-3","9 de julho de 2026 às 00:30:00 UTC-3","terry rozier","./explore?q=terry%20rozier&geo=US"
"revolution","200+","8 de julho de 2026 às 05:20:00 UTC-3","8 de julho de 2026 às 08:00:00 UTC-3","revolution","./explore?q=revolution&geo=US"
"dwayne johnson","500+","7 de julho de 2026 às 09:30:00 UTC-3","7 de julho de 2026 às 10:40:00 UTC-3","dwayne johnson","./explore?q=dwayne%20johnson&geo=US"
"david ospina","1 mil+","7 de julho de 2026 às 17:40:00 UTC-3","7 de julho de 2026 às 20:20:00 UTC-3","david ospina","./explore?q=david%20ospina&geo=US"
"lausanne-sport x flamengo","500+","8 de julho de 2026 às 18:20:00 UTC-3","8 de julho de 2026 às 19:40:00 UTC-3","lausanne-sport x flamengo","./explore?q=lausanne-sport%20x%20flamengo&geo=US"
"mls","500+","9 de julho de 2026 às 18:10:00 UTC-3","9 de julho de 2026 às 21:10:00 UTC-3","mls","./explore?q=mls&geo=US"
"criminal lawyer","200+","11 de julho de 2026 às 08:10:00 UTC-3","11 de julho de 2026 às 09:00:00 UTC-3","criminal lawyer,criminal defense attorney","./explore?q=criminal%20lawyer&geo=US"
"sandra bullock","500+","9 de julho de 2026 às 22:00:00 UTC-3","9 de julho de 2026 às 23:00:00 UTC-3","sandra bullock","./explore?q=sandra%20bullock&geo=US"
"الأرجنتين ضد سويسرا","500+","11 de julho de 2026 às 21:50:00 UTC-3","11 de julho de 2026 às 22:20:00 UTC-3","الأرجنتين ضد سويسرا","./explore?q=%D8%A7%D9%84%D8%A3%D8%B1%D8%AC%D9%86%D8%AA%D9%8A%D9%86%20%D8%B6%D8%AF%20%D8%B3%D9%88%D9%8A%D8%B3%D8%B1%D8%A7&geo=US"
"talbi","500+","9 de julho de 2026 às 18:20:00 UTC-3","9 de julho de 2026 às 19:20:00 UTC-3","talbi","./explore?q=talbi&geo=US"
"cricinfo","1 mil+","9 de julho de 2026 às 14:00:00 UTC-3","9 de julho de 2026 às 17:20:00 UTC-3","cricinfo","./explore?q=cricinfo&geo=US"
"john f kennedy","200+","10 de julho de 2026 às 23:10:00 UTC-3","11 de julho de 2026 às 00:10:00 UTC-3","john f kennedy","./explore?q=john%20f%20kennedy&geo=US"
"stomach virus going around","200+","10 de julho de 2026 às 08:30:00 UTC-3","10 de julho de 2026 às 10:00:00 UTC-3","stomach virus going around","./explore?q=stomach%20virus%20going%20around&geo=US"
"evergy power outage","200+","9 de julho de 2026 às 08:10:00 UTC-3","9 de julho de 2026 às 09:40:00 UTC-3","evergy power outage","./explore?q=evergy%20power%20outage&geo=US"
"ben affleck","500+","9 de julho de 2026 às 22:20:00 UTC-3","10 de julho de 2026 às 02:20:00 UTC-3","ben affleck","./explore?q=ben%20affleck&geo=US"
"austin wells","200+","11 de julho de 2026 às 00:50:00 UTC-3","11 de julho de 2026 às 01:50:00 UTC-3","austin wells","./explore?q=austin%20wells&geo=US"
"illinois lottery","1 mil+","12 de julho de 2026 às 08:40:00 UTC-3","12 de julho de 2026 às 09:00:00 UTC-3","illinois lottery","./explore?q=illinois%20lottery&geo=US"
"ukraine news","200+","11 de julho de 2026 às 08:20:00 UTC-3","11 de julho de 2026 às 09:30:00 UTC-3","ukraine news","./explore?q=ukraine%20news&geo=US"
"semaglutide","500+","8 de julho de 2026 às 11:40:00 UTC-3","8 de julho de 2026 às 13:20:00 UTC-3","semaglutide","./explore?q=semaglutide&geo=US"
"حمد بن خليفة","200+","12 de julho de 2026 às 02:50:00 UTC-3","12 de julho de 2026 às 03:30:00 UTC-3","حمد بن خليفة","./explore?q=%D8%AD%D9%85%D8%AF%20%D8%A8%D9%86%20%D8%AE%D9%84%D9%8A%D9%81%D8%A9&geo=US"
"hormel foods","200+","9 de julho de 2026 às 07:30:00 UTC-3","9 de julho de 2026 às 09:30:00 UTC-3","hormel foods","./explore?q=hormel%20foods&geo=US"
"abigail thorn","200+","11 de julho de 2026 às 10:40:00 UTC-3","11 de julho de 2026 às 11:40:00 UTC-3","abigail thorn","./explore?q=abigail%20thorn&geo=US"
"nueva york","500+","7 de julho de 2026 às 18:20:00 UTC-3","7 de julho de 2026 às 20:20:00 UTC-3","nueva york","./explore?q=nueva%20york&geo=US"
"koa peat","200+","11 de julho de 2026 às 02:00:00 UTC-3","11 de julho de 2026 às 03:10:00 UTC-3","koa peat","./explore?q=koa%20peat&geo=US"
"apocalypse marvel","500+","7 de julho de 2026 às 16:10:00 UTC-3","7 de julho de 2026 às 17:20:00 UTC-3","apocalypse marvel","./explore?q=apocalypse%20marvel&geo=US"
"taylor dearden","500+","8 de julho de 2026 às 14:20:00 UTC-3","8 de julho de 2026 às 15:30:00 UTC-3","taylor dearden","./explore?q=taylor%20dearden&geo=US"
"taylor jenkins reid","200+","12 de julho de 2026 às 10:30:00 UTC-3","12 de julho de 2026 às 11:10:00 UTC-3","taylor jenkins reid","./explore?q=taylor%20jenkins%20reid&geo=US"
"pep stock","500+","9 de julho de 2026 às 08:20:00 UTC-3","9 de julho de 2026 às 12:00:00 UTC-3","pep stock","./explore?q=pep%20stock&geo=US"
"msi finals","200+","12 de julho de 2026 às 04:00:00 UTC-3","12 de julho de 2026 às 04:40:00 UTC-3","msi finals,hle vs blg","./explore?q=msi%20finals&geo=US"
"best movies on streaming","100+","12 de julho de 2026 às 06:00:00 UTC-3","12 de julho de 2026 às 07:00:00 UTC-3","best movies on streaming","./explore?q=best%20movies%20on%20streaming&geo=US"
"dodger game","500+","9 de julho de 2026 às 01:20:00 UTC-3","9 de julho de 2026 às 02:20:00 UTC-3","dodger game","./explore?q=dodger%20game&geo=US"
"ximena herrera","500+","8 de julho de 2026 às 23:50:00 UTC-3","9 de julho de 2026 às 01:00:00 UTC-3","ximena herrera","./explore?q=ximena%20herrera&geo=US"
"louisa gag","500+","9 de julho de 2026 às 19:30:00 UTC-3","10 de julho de 2026 às 08:10:00 UTC-3","louisa gag","./explore?q=louisa%20gag&geo=US"
"meghan markle","500+","9 de julho de 2026 às 17:10:00 UTC-3","10 de julho de 2026 às 00:20:00 UTC-3","meghan markle","./explore?q=meghan%20markle&geo=US"
"jackson holliday","500+","8 de julho de 2026 às 21:10:00 UTC-3","8 de julho de 2026 às 23:20:00 UTC-3","jackson holliday","./explore?q=jackson%20holliday&geo=US"
"michael lorenzen","500+","7 de julho de 2026 às 23:50:00 UTC-3","8 de julho de 2026 às 01:10:00 UTC-3","michael lorenzen","./explore?q=michael%20lorenzen&geo=US"
"argonauts vs blue bombers","200+","10 de julho de 2026 às 21:40:00 UTC-3","10 de julho de 2026 às 22:30:00 UTC-3","argonauts vs blue bombers","./explore?q=argonauts%20vs%20blue%20bombers&geo=US"
"argentina jersey","500+","7 de julho de 2026 às 15:10:00 UTC-3","7 de julho de 2026 às 16:10:00 UTC-3","argentina jersey","./explore?q=argentina%20jersey&geo=US"
"sal frelick","200+","11 de julho de 2026 às 15:00:00 UTC-3","11 de julho de 2026 às 15:40:00 UTC-3","sal frelick","./explore?q=sal%20frelick&geo=US"
"türkiye","200+","11 de julho de 2026 às 11:40:00 UTC-3","11 de julho de 2026 às 12:20:00 UTC-3","türkiye","./explore?q=t%C3%BCrkiye&geo=US"
"will riley","200+","9 de julho de 2026 às 23:50:00 UTC-3","10 de julho de 2026 às 01:00:00 UTC-3","will riley","./explore?q=will%20riley&geo=US"
"kyle cooke","500+","9 de julho de 2026 às 12:50:00 UTC-3","9 de julho de 2026 às 13:50:00 UTC-3","kyle cooke","./explore?q=kyle%20cooke&geo=US"
"arby's","1 mil+","7 de julho de 2026 às 20:10:00 UTC-3","7 de julho de 2026 às 21:30:00 UTC-3","arby's","./explore?q=arby%27s&geo=US"
"morez johnson jr","200+","9 de julho de 2026 às 22:00:00 UTC-3","9 de julho de 2026 às 23:10:00 UTC-3","morez johnson jr","./explore?q=morez%20johnson%20jr&geo=US"
"albania","500+","8 de julho de 2026 às 20:50:00 UTC-3","8 de julho de 2026 às 22:00:00 UTC-3","albania","./explore?q=albania&geo=US"
"who plays tomorrow in the world cup","1 mil+","7 de julho de 2026 às 20:10:00 UTC-3","7 de julho de 2026 às 21:00:00 UTC-3","who plays tomorrow in the world cup,world cup matches tomorrow","./explore?q=who%20plays%20tomorrow%20in%20the%20world%20cup&geo=US"
"rachel garcia","200+","12 de julho de 2026 às 18:10:00 UTC-3","12 de julho de 2026 às 18:30:00 UTC-3","rachel garcia","./explore?q=rachel%20garcia&geo=US"
"nick aldis","200+","10 de julho de 2026 às 23:20:00 UTC-3","11 de julho de 2026 às 00:00:00 UTC-3","nick aldis","./explore?q=nick%20aldis&geo=US"
"new orleans weather","200+","11 de julho de 2026 às 15:30:00 UTC-3","11 de julho de 2026 às 16:10:00 UTC-3","new orleans weather","./explore?q=new%20orleans%20weather&geo=US"
"housing market","1 mil+","11 de julho de 2026 às 04:50:00 UTC-3","11 de julho de 2026 às 06:00:00 UTC-3","housing market,real estate market","./explore?q=housing%20market&geo=US"
"charlie hall","500+","7 de julho de 2026 às 11:30:00 UTC-3","7 de julho de 2026 às 12:30:00 UTC-3","charlie hall","./explore?q=charlie%20hall&geo=US"
"kiwi","200+","11 de julho de 2026 às 05:50:00 UTC-3","11 de julho de 2026 às 07:10:00 UTC-3","kiwi","./explore?q=kiwi&geo=US"
"fb","1 mil+","9 de julho de 2026 às 06:40:00 UTC-3","9 de julho de 2026 às 17:10:00 UTC-3","fb,data center","./explore?q=fb&geo=US"
"tommy troy","200+","9 de julho de 2026 às 01:20:00 UTC-3","9 de julho de 2026 às 02:30:00 UTC-3","tommy troy","./explore?q=tommy%20troy&geo=US"
"denver weather","200+","10 de julho de 2026 às 20:40:00 UTC-3","10 de julho de 2026 às 21:20:00 UTC-3","denver weather","./explore?q=denver%20weather&geo=US"
"fernando mendoza nil pay cut","500+","8 de julho de 2026 às 18:30:00 UTC-3","8 de julho de 2026 às 19:50:00 UTC-3","fernando mendoza nil pay cut","./explore?q=fernando%20mendoza%20nil%20pay%20cut&geo=US"
"reds game","500+","9 de julho de 2026 às 22:00:00 UTC-3","9 de julho de 2026 às 23:00:00 UTC-3","reds game","./explore?q=reds%20game&geo=US"
"omaha weather","500+","8 de julho de 2026 às 23:20:00 UTC-3","9 de julho de 2026 às 00:30:00 UTC-3","omaha weather","./explore?q=omaha%20weather&geo=US"
"luis suarez colombia","1 mil+","7 de julho de 2026 às 19:10:00 UTC-3","7 de julho de 2026 às 19:50:00 UTC-3","luis suarez colombia","./explore?q=luis%20suarez%20colombia&geo=US"
"truc tiep bong da","500+","9 de julho de 2026 às 17:00:00 UTC-3","9 de julho de 2026 às 17:50:00 UTC-3","truc tiep bong da,pháp đấu với maroc","./explore?q=truc%20tiep%20bong%20da&geo=US"
"mara brock akil","200+","9 de julho de 2026 às 08:40:00 UTC-3","9 de julho de 2026 às 09:40:00 UTC-3","mara brock akil","./explore?q=mara%20brock%20akil&geo=US"
"letexier referee","500+","7 de julho de 2026 às 15:00:00 UTC-3","7 de julho de 2026 às 16:10:00 UTC-3","letexier referee","./explore?q=letexier%20referee&geo=US"
"colt keith","200+","10 de julho de 2026 às 22:20:00 UTC-3","10 de julho de 2026 às 23:00:00 UTC-3","colt keith","./explore?q=colt%20keith&geo=US"
"ariana arseneault","500+","8 de julho de 2026 às 14:20:00 UTC-3","8 de julho de 2026 às 15:20:00 UTC-3","ariana arseneault","./explore?q=ariana%20arseneault&geo=US"
"andrew benintendi","200+","10 de julho de 2026 às 23:30:00 UTC-3","11 de julho de 2026 às 00:20:00 UTC-3","andrew benintendi","./explore?q=andrew%20benintendi&geo=US"
"man city players","200+","11 de julho de 2026 às 20:50:00 UTC-3","11 de julho de 2026 às 21:20:00 UTC-3","man city players","./explore?q=man%20city%20players&geo=US"
"sophia bush","500+","7 de julho de 2026 às 20:50:00 UTC-3","7 de julho de 2026 às 22:00:00 UTC-3","sophia bush","./explore?q=sophia%20bush&geo=US"
"apple","1 mil+","7 de julho de 2026 às 06:20:00 UTC-3","7 de julho de 2026 às 07:10:00 UTC-3","apple","./explore?q=apple&geo=US"
"يلا كورة","500+","9 de julho de 2026 às 17:30:00 UTC-3","9 de julho de 2026 às 18:30:00 UTC-3","يلا كورة","./explore?q=%D9%8A%D9%84%D8%A7%20%D9%83%D9%88%D8%B1%D8%A9&geo=US"
"jo adell","500+","8 de julho de 2026 às 23:50:00 UTC-3","9 de julho de 2026 às 01:00:00 UTC-3","jo adell","./explore?q=jo%20adell&geo=US"
"benjamin ayers","500+","9 de julho de 2026 às 11:20:00 UTC-3","9 de julho de 2026 às 12:40:00 UTC-3","benjamin ayers","./explore?q=benjamin%20ayers&geo=US"
"federal bureau of prisons","200+","9 de julho de 2026 às 12:10:00 UTC-3","9 de julho de 2026 às 13:20:00 UTC-3","federal bureau of prisons","./explore?q=federal%20bureau%20of%20prisons&geo=US"
"rayan cherki","500+","9 de julho de 2026 às 18:50:00 UTC-3","9 de julho de 2026 às 19:40:00 UTC-3","rayan cherki","./explore?q=rayan%20cherki&geo=US"
"rowing blazers seiko","500+","9 de julho de 2026 às 12:00:00 UTC-3","9 de julho de 2026 às 13:00:00 UTC-3","rowing blazers seiko,seiko rowing blazers","./explore?q=rowing%20blazers%20seiko&geo=US"
"aviso de calor","200+","9 de julho de 2026 às 06:50:00 UTC-3","9 de julho de 2026 às 09:00:00 UTC-3","aviso de calor","./explore?q=aviso%20de%20calor&geo=US"
"royce keys","200+","10 de julho de 2026 às 22:10:00 UTC-3","10 de julho de 2026 às 22:50:00 UTC-3","royce keys","./explore?q=royce%20keys&geo=US"
"pool","500+","7 de julho de 2026 às 04:20:00 UTC-3","7 de julho de 2026 às 05:20:00 UTC-3","pool","./explore?q=pool&geo=US"
"djokovic wife","200+","10 de julho de 2026 às 13:20:00 UTC-3","10 de julho de 2026 às 14:20:00 UTC-3","djokovic wife","./explore?q=djokovic%20wife&geo=US"
"leonardo dicaprio","500+","9 de julho de 2026 às 05:20:00 UTC-3","9 de julho de 2026 às 06:20:00 UTC-3","leonardo dicaprio","./explore?q=leonardo%20dicaprio&geo=US"
"hoosier lottery","200+","12 de julho de 2026 às 09:10:00 UTC-3","12 de julho de 2026 às 09:40:00 UTC-3","hoosier lottery","./explore?q=hoosier%20lottery&geo=US"
"benjamin netanyahu","200+","11 de julho de 2026 às 02:20:00 UTC-3","11 de julho de 2026 às 03:30:00 UTC-3","benjamin netanyahu","./explore?q=benjamin%20netanyahu&geo=US"
"the bold and the beautiful","200+","10 de julho de 2026 às 15:00:00 UTC-3","10 de julho de 2026 às 15:50:00 UTC-3","the bold and the beautiful","./explore?q=the%20bold%20and%20the%20beautiful&geo=US"
"jiri lehecka","500+","7 de julho de 2026 às 12:50:00 UTC-3","7 de julho de 2026 às 14:10:00 UTC-3","jiri lehecka,alexander zverev","./explore?q=jiri%20lehecka&geo=US"
"evan phillips","500+","8 de julho de 2026 às 01:20:00 UTC-3","8 de julho de 2026 às 02:30:00 UTC-3","evan phillips","./explore?q=evan%20phillips&geo=US"
"rittman ohio shooting","200+","7 de julho de 2026 às 07:50:00 UTC-3","7 de julho de 2026 às 09:30:00 UTC-3","rittman ohio shooting","./explore?q=rittman%20ohio%20shooting&geo=US"
"julie laplaca","200+","8 de julho de 2026 às 08:00:00 UTC-3","8 de julho de 2026 às 09:50:00 UTC-3","julie laplaca","./explore?q=julie%20laplaca&geo=US"
"earthquake kona","200+","10 de julho de 2026 às 03:30:00 UTC-3","10 de julho de 2026 às 04:30:00 UTC-3","earthquake kona","./explore?q=earthquake%20kona&geo=US"
"zyon pullin","200+","9 de julho de 2026 às 18:40:00 UTC-3","9 de julho de 2026 às 19:40:00 UTC-3","zyon pullin","./explore?q=zyon%20pullin&geo=US"
"carla leite","200+","10 de julho de 2026 às 01:10:00 UTC-3","10 de julho de 2026 às 02:10:00 UTC-3","carla leite","./explore?q=carla%20leite&geo=US"
"zack short","200+","10 de julho de 2026 às 22:00:00 UTC-3","10 de julho de 2026 às 22:50:00 UTC-3","zack short","./explore?q=zack%20short&geo=US"
"la liga","200+","10 de julho de 2026 às 16:40:00 UTC-3","10 de julho de 2026 às 17:20:00 UTC-3","la liga","./explore?q=la%20liga&geo=US"
"flight status","200+","10 de julho de 2026 às 04:00:00 UTC-3","10 de julho de 2026 às 05:50:00 UTC-3","flight status","./explore?q=flight%20status&geo=US"
"kamala harris","200+","11 de julho de 2026 às 00:00:00 UTC-3","11 de julho de 2026 às 00:50:00 UTC-3","kamala harris","./explore?q=kamala%20harris&geo=US"
"marsha blackburn","200+","10 de julho de 2026 às 22:40:00 UTC-3","10 de julho de 2026 às 23:20:00 UTC-3","marsha blackburn","./explore?q=marsha%20blackburn&geo=US"
"taylor rabe","200+","11 de julho de 2026 às 17:30:00 UTC-3","11 de julho de 2026 às 18:00:00 UTC-3","taylor rabe","./explore?q=taylor%20rabe&geo=US"
"jack radel","200+","11 de julho de 2026 às 17:30:00 UTC-3","11 de julho de 2026 às 18:00:00 UTC-3","jack radel","./explore?q=jack%20radel&geo=US"
"tây ban nha đấu với bỉ","200+","10 de julho de 2026 às 15:50:00 UTC-3","10 de julho de 2026 às 16:30:00 UTC-3","tây ban nha đấu với bỉ","./explore?q=t%C3%A2y%20ban%20nha%20%C4%91%E1%BA%A5u%20v%E1%BB%9Bi%20b%E1%BB%89&geo=US"
"louisiana lottery","200+","9 de julho de 2026 às 08:00:00 UTC-3","9 de julho de 2026 às 09:20:00 UTC-3","louisiana lottery","./explore?q=louisiana%20lottery&geo=US"
"what is new on netflix","200+","10 de julho de 2026 às 05:30:00 UTC-3","10 de julho de 2026 às 08:20:00 UTC-3","what is new on netflix,best movies on netflix","./explore?q=what%20is%20new%20on%20netflix&geo=US"
"justin jefferson","500+","12 de julho de 2026 às 00:00:00 UTC-3","12 de julho de 2026 às 00:20:00 UTC-3","justin jefferson","./explore?q=justin%20jefferson&geo=US"
"mn state fair new foods 2026","500+","9 de julho de 2026 às 09:30:00 UTC-3","9 de julho de 2026 às 12:00:00 UTC-3","mn state fair new foods 2026","./explore?q=mn%20state%20fair%20new%20foods%202026&geo=US"
"weather boston","200+","7 de julho de 2026 às 07:50:00 UTC-3","7 de julho de 2026 às 09:40:00 UTC-3","weather boston","./explore?q=weather%20boston&geo=US"
"marcus sasser","500+","8 de julho de 2026 às 00:20:00 UTC-3","8 de julho de 2026 às 01:30:00 UTC-3","marcus sasser","./explore?q=marcus%20sasser&geo=US"
"ben malgeri","500+","7 de julho de 2026 às 22:00:00 UTC-3","7 de julho de 2026 às 23:00:00 UTC-3","ben malgeri","./explore?q=ben%20malgeri&geo=US"
"gasket","100+","12 de julho de 2026 às 04:10:00 UTC-3","12 de julho de 2026 às 04:50:00 UTC-3","gasket","./explore?q=gasket&geo=US"
"edgardo henriquez","200+","11 de julho de 2026 às 01:10:00 UTC-3","11 de julho de 2026 às 01:50:00 UTC-3","edgardo henriquez","./explore?q=edgardo%20henriquez&geo=US"
"hm","500+","7 de julho de 2026 às 03:50:00 UTC-3","7 de julho de 2026 às 05:20:00 UTC-3","hm","./explore?q=hm&geo=US"
"colt emerson","200+","11 de julho de 2026 às 15:20:00 UTC-3","11 de julho de 2026 às 15:50:00 UTC-3","colt emerson","./explore?q=colt%20emerson&geo=US"
"rachel riley","200+","9 de julho de 2026 às 22:30:00 UTC-3","9 de julho de 2026 às 23:20:00 UTC-3","rachel riley","./explore?q=rachel%20riley&geo=US"
"lamar odom","500+","7 de julho de 2026 às 16:10:00 UTC-3","7 de julho de 2026 às 17:10:00 UTC-3","lamar odom","./explore?q=lamar%20odom&geo=US"
"max miller","500+","7 de julho de 2026 às 16:00:00 UTC-3","7 de julho de 2026 às 17:10:00 UTC-3","max miller","./explore?q=max%20miller&geo=US"
"red sox - white sox","500+","7 de julho de 2026 às 20:40:00 UTC-3","7 de julho de 2026 às 21:40:00 UTC-3","red sox - white sox","./explore?q=red%20sox%20-%20white%20sox&geo=US"
"shrinking","200+","8 de julho de 2026 às 21:10:00 UTC-3","9 de julho de 2026 às 00:20:00 UTC-3","shrinking","./explore?q=shrinking&geo=US"
"france jersey 2026","200+","9 de julho de 2026 às 18:50:00 UTC-3","9 de julho de 2026 às 19:40:00 UTC-3","france jersey 2026","./explore?q=france%20jersey%202026&geo=US"
"what to watch tonight","200+","10 de julho de 2026 às 03:50:00 UTC-3","10 de julho de 2026 às 07:30:00 UTC-3","what to watch tonight","./explore?q=what%20to%20watch%20tonight&geo=US"
"jaswant singh khalra","200+","7 de julho de 2026 às 02:50:00 UTC-3","7 de julho de 2026 às 05:20:00 UTC-3","jaswant singh khalra","./explore?q=jaswant%20singh%20khalra&geo=US"
"ryder helfrick","200+","11 de julho de 2026 às 16:30:00 UTC-3","11 de julho de 2026 às 17:00:00 UTC-3","ryder helfrick","./explore?q=ryder%20helfrick&geo=US"
"net","200+","11 de julho de 2026 às 03:00:00 UTC-3","11 de julho de 2026 às 03:40:00 UTC-3","net","./explore?q=net&geo=US"
"مصر والارجنتين","500+","7 de julho de 2026 às 14:00:00 UTC-3","7 de julho de 2026 às 16:00:00 UTC-3","مصر والارجنتين","./explore?q=%D9%85%D8%B5%D8%B1%20%D9%88%D8%A7%D9%84%D8%A7%D8%B1%D8%AC%D9%86%D8%AA%D9%8A%D9%86&geo=US"
"superior star chapter 11","100+","11 de julho de 2026 às 07:30:00 UTC-3","11 de julho de 2026 às 08:40:00 UTC-3","superior star chapter 11","./explore?q=superior%20star%20chapter%2011&geo=US"
"jessica chastain","200+","10 de julho de 2026 às 10:40:00 UTC-3","10 de julho de 2026 às 11:40:00 UTC-3","jessica chastain","./explore?q=jessica%20chastain&geo=US"
"atlanta weather","500+","9 de julho de 2026 às 17:20:00 UTC-3","9 de julho de 2026 às 17:50:00 UTC-3","atlanta weather","./explore?q=atlanta%20weather&geo=US"
"degrom","200+","8 de julho de 2026 às 08:20:00 UTC-3","8 de julho de 2026 às 09:50:00 UTC-3","degrom","./explore?q=degrom&geo=US"
"braxton ashcraft","1 mil+","7 de julho de 2026 às 20:40:00 UTC-3","7 de julho de 2026 às 21:40:00 UTC-3","braxton ashcraft,jesus luzardo","./explore?q=braxton%20ashcraft&geo=US"
"president trump commemorative passport","200+","8 de julho de 2026 às 19:40:00 UTC-3","8 de julho de 2026 às 20:50:00 UTC-3","president trump commemorative passport","./explore?q=president%20trump%20commemorative%20passport&geo=US"
"heggem","500+","11 de julho de 2026 às 20:00:00 UTC-3","11 de julho de 2026 às 20:20:00 UTC-3","heggem","./explore?q=heggem&geo=US"
"accident lawyer","100+","11 de julho de 2026 às 05:10:00 UTC-3","11 de julho de 2026 às 06:10:00 UTC-3","accident lawyer","./explore?q=accident%20lawyer&geo=US"
"team building","200+","11 de julho de 2026 às 05:30:00 UTC-3","11 de julho de 2026 às 07:50:00 UTC-3","team building","./explore?q=team%20building&geo=US"
"2030 world cup","1 mil+","9 de julho de 2026 às 19:40:00 UTC-3","9 de julho de 2026 às 20:00:00 UTC-3","2030 world cup","./explore?q=2030%20world%20cup&geo=US"
"braves vs pirates prediction","500+","9 de julho de 2026 às 13:20:00 UTC-3","9 de julho de 2026 às 14:10:00 UTC-3","braves vs pirates prediction,pirates","./explore?q=braves%20vs%20pirates%20prediction&geo=US"
"tyler o'neill","500+","8 de julho de 2026 às 22:30:00 UTC-3","8 de julho de 2026 às 23:20:00 UTC-3","tyler o'neill","./explore?q=tyler%20o%27neill&geo=US"
"barbara eden","500+","9 de julho de 2026 às 20:00:00 UTC-3","9 de julho de 2026 às 20:40:00 UTC-3","barbara eden","./explore?q=barbara%20eden&geo=US"
"ravens training camp","200+","9 de julho de 2026 às 12:00:00 UTC-3","9 de julho de 2026 às 13:00:00 UTC-3","ravens training camp","./explore?q=ravens%20training%20camp&geo=US"
"jorge mateo","500+","7 de julho de 2026 às 22:20:00 UTC-3","7 de julho de 2026 às 23:10:00 UTC-3","jorge mateo","./explore?q=jorge%20mateo&geo=US"
"loans","200+","8 de julho de 2026 às 02:00:00 UTC-3","8 de julho de 2026 às 03:10:00 UTC-3","loans","./explore?q=loans&geo=US"
"argentina vs france","200+","9 de julho de 2026 às 19:10:00 UTC-3","9 de julho de 2026 às 20:00:00 UTC-3","argentina vs france","./explore?q=argentina%20vs%20france&geo=US"
"lady gaga","500+","9 de julho de 2026 às 04:40:00 UTC-3","9 de julho de 2026 às 05:50:00 UTC-3","lady gaga","./explore?q=lady%20gaga&geo=US"
"viking cruises","200+","11 de julho de 2026 às 10:20:00 UTC-3","11 de julho de 2026 às 11:00:00 UTC-3","viking cruises","./explore?q=viking%20cruises&geo=US"
"dividend","200+","10 de julho de 2026 às 08:20:00 UTC-3","10 de julho de 2026 às 09:30:00 UTC-3","dividend","./explore?q=dividend&geo=US"
"charlotte weather","200+","11 de julho de 2026 às 12:40:00 UTC-3","11 de julho de 2026 às 13:10:00 UTC-3","charlotte weather","./explore?q=charlotte%20weather&geo=US"
"haitians","500+","7 de julho de 2026 às 08:50:00 UTC-3","7 de julho de 2026 às 09:30:00 UTC-3","haitians","./explore?q=haitians&geo=US"
"real estate","200+","10 de julho de 2026 às 03:00:00 UTC-3","10 de julho de 2026 às 03:50:00 UTC-3","real estate","./explore?q=real%20estate&geo=US"
"is messi retiring after the world cup","200+","12 de julho de 2026 às 00:40:00 UTC-3","12 de julho de 2026 às 01:00:00 UTC-3","is messi retiring after the world cup","./explore?q=is%20messi%20retiring%20after%20the%20world%20cup&geo=US"
"франция марокко","200+","9 de julho de 2026 às 17:50:00 UTC-3","9 de julho de 2026 às 18:50:00 UTC-3","франция марокко","./explore?q=%D1%84%D1%80%D0%B0%D0%BD%D1%86%D0%B8%D1%8F%20%D0%BC%D0%B0%D1%80%D0%BE%D0%BA%D0%BA%D0%BE&geo=US"
"испания – бельгия","200+","10 de julho de 2026 às 15:50:00 UTC-3","10 de julho de 2026 às 16:20:00 UTC-3","испания – бельгия","./explore?q=%D0%B8%D1%81%D0%BF%D0%B0%D0%BD%D0%B8%D1%8F%20%E2%80%93%20%D0%B1%D0%B5%D0%BB%D1%8C%D0%B3%D0%B8%D1%8F&geo=US"
"today show","500+","8 de julho de 2026 às 10:30:00 UTC-3","8 de julho de 2026 às 11:50:00 UTC-3","today show","./explore?q=today%20show&geo=US"
"next gen nyc cast","500+","8 de julho de 2026 às 22:40:00 UTC-3","8 de julho de 2026 às 23:30:00 UTC-3","next gen nyc cast","./explore?q=next%20gen%20nyc%20cast&geo=US"
"quinten post","500+","8 de julho de 2026 às 01:10:00 UTC-3","8 de julho de 2026 às 02:00:00 UTC-3","quinten post","./explore?q=quinten%20post&geo=US"
"data breach","500+","7 de julho de 2026 às 17:50:00 UTC-3","7 de julho de 2026 às 19:10:00 UTC-3","data breach","./explore?q=data%20breach&geo=US"
"united states secretary of health and human services","200+","9 de julho de 2026 às 19:00:00 UTC-3","9 de julho de 2026 às 19:50:00 UTC-3","united states secretary of health and human services","./explore?q=united%20states%20secretary%20of%20health%20and%20human%20services&geo=US"
"ricky schroder","200+","9 de julho de 2026 às 20:50:00 UTC-3","9 de julho de 2026 às 21:40:00 UTC-3","ricky schroder","./explore?q=ricky%20schroder&geo=US"
"%s","200+","9 de julho de 2026 às 09:20:00 UTC-3","9 de julho de 2026 às 18:10:00 UTC-3","%s","./explore?q=%25s&geo=US"
"trey yesavage","200+","11 de julho de 2026 às 22:40:00 UTC-3","11 de julho de 2026 às 23:00:00 UTC-3","trey yesavage","./explore?q=trey%20yesavage&geo=US"
"maryland lottery","500+","10 de julho de 2026 às 21:40:00 UTC-3","10 de julho de 2026 às 22:10:00 UTC-3","maryland lottery,md lottery","./explore?q=maryland%20lottery&geo=US"
"heroes","200+","11 de julho de 2026 às 00:10:00 UTC-3","11 de julho de 2026 às 01:00:00 UTC-3","heroes","./explore?q=heroes&geo=US"
"terry francona","500+","8 de julho de 2026 às 23:00:00 UTC-3","8 de julho de 2026 às 23:40:00 UTC-3","terry francona","./explore?q=terry%20francona&geo=US"
"harlan coben tv shows","200+","8 de julho de 2026 às 22:20:00 UTC-3","8 de julho de 2026 às 23:10:00 UTC-3","harlan coben tv shows","./explore?q=harlan%20coben%20tv%20shows&geo=US"
"mt etna","500+","7 de julho de 2026 às 12:00:00 UTC-3","7 de julho de 2026 às 13:10:00 UTC-3","mt etna","./explore?q=mt%20etna&geo=US"
"cher","200+","10 de julho de 2026 às 02:30:00 UTC-3","10 de julho de 2026 às 03:40:00 UTC-3","cher","./explore?q=cher&geo=US"
"telemundo live","200+","7 de julho de 2026 às 13:50:00 UTC-3","7 de julho de 2026 às 15:30:00 UTC-3","telemundo live","./explore?q=telemundo%20live&geo=US"
"kellyanne conway","500+","7 de julho de 2026 às 22:40:00 UTC-3","7 de julho de 2026 às 23:20:00 UTC-3","kellyanne conway","./explore?q=kellyanne%20conway&geo=US"
"chris jericho","500+","8 de julho de 2026 às 21:30:00 UTC-3","8 de julho de 2026 às 22:10:00 UTC-3","chris jericho","./explore?q=chris%20jericho&geo=US"
"millionaire","500+","7 de julho de 2026 às 18:20:00 UTC-3","7 de julho de 2026 às 19:40:00 UTC-3","millionaire","./explore?q=millionaire&geo=US"
"malwarebytes","200+","9 de julho de 2026 às 04:40:00 UTC-3","9 de julho de 2026 às 06:10:00 UTC-3","malwarebytes","./explore?q=malwarebytes&geo=US"
"connor thomas","500+","7 de julho de 2026 às 21:40:00 UTC-3","7 de julho de 2026 às 22:30:00 UTC-3","connor thomas","./explore?q=connor%20thomas&geo=US"
"steve cherundolo","200+","9 de julho de 2026 às 11:20:00 UTC-3","9 de julho de 2026 às 12:00:00 UTC-3","steve cherundolo","./explore?q=steve%20cherundolo&geo=US"
"dodger score","200+","7 de julho de 2026 às 02:10:00 UTC-3","7 de julho de 2026 às 03:20:00 UTC-3","dodger score","./explore?q=dodger%20score&geo=US"
"don mattingly","500+","7 de julho de 2026 às 22:40:00 UTC-3","7 de julho de 2026 às 23:40:00 UTC-3","don mattingly","./explore?q=don%20mattingly&geo=US"
"donald trump jr","200+","9 de julho de 2026 às 21:40:00 UTC-3","9 de julho de 2026 às 22:30:00 UTC-3","donald trump jr","./explore?q=donald%20trump%20jr&geo=US"
"ct lottery","200+","8 de julho de 2026 às 07:20:00 UTC-3","8 de julho de 2026 às 08:30:00 UTC-3","ct lottery","./explore?q=ct%20lottery&geo=US"
"danny mcbride","100+","11 de julho de 2026 às 08:00:00 UTC-3","11 de julho de 2026 às 08:50:00 UTC-3","danny mcbride","./explore?q=danny%20mcbride&geo=US"
"nyara sabally","500+","8 de julho de 2026 às 21:30:00 UTC-3","8 de julho de 2026 às 22:10:00 UTC-3","nyara sabally","./explore?q=nyara%20sabally&geo=US"
"marta kostyuk husband","200+","9 de julho de 2026 às 13:40:00 UTC-3","9 de julho de 2026 às 14:30:00 UTC-3","marta kostyuk husband","./explore?q=marta%20kostyuk%20husband&geo=US"
"kante","200+","9 de julho de 2026 às 18:50:00 UTC-3","9 de julho de 2026 às 19:40:00 UTC-3","kante","./explore?q=kante&geo=US"
"tyasha harris","500+","8 de julho de 2026 às 23:50:00 UTC-3","9 de julho de 2026 às 00:20:00 UTC-3","tyasha harris","./explore?q=tyasha%20harris&geo=US"
"george clooney","200+","10 de julho de 2026 às 00:20:00 UTC-3","10 de julho de 2026 às 01:00:00 UTC-3","george clooney","./explore?q=george%20clooney&geo=US"
"andres escobar","500+","7 de julho de 2026 às 20:10:00 UTC-3","7 de julho de 2026 às 20:50:00 UTC-3","andres escobar","./explore?q=andres%20escobar&geo=US"
"red sox standings","200+","8 de julho de 2026 às 07:30:00 UTC-3","8 de julho de 2026 às 08:40:00 UTC-3","red sox standings","./explore?q=red%20sox%20standings&geo=US"
"world cup trophy","200+","12 de julho de 2026 às 01:30:00 UTC-3","12 de julho de 2026 às 01:50:00 UTC-3","world cup trophy","./explore?q=world%20cup%20trophy&geo=US"
"bending spoons","200+","11 de julho de 2026 às 09:00:00 UTC-3","11 de julho de 2026 às 09:30:00 UTC-3","bending spoons","./explore?q=bending%20spoons&geo=US"
"umphrey's mcgee","500+","7 de julho de 2026 às 15:30:00 UTC-3","7 de julho de 2026 às 16:10:00 UTC-3","umphrey's mcgee","./explore?q=umphrey%27s%20mcgee&geo=US"
"manny machado","200+","10 de julho de 2026 às 01:30:00 UTC-3","10 de julho de 2026 às 02:00:00 UTC-3","manny machado","./explore?q=manny%20machado&geo=US"
"weather forecast","200+","9 de julho de 2026 às 08:20:00 UTC-3","9 de julho de 2026 às 09:20:00 UTC-3","weather forecast","./explore?q=weather%20forecast&geo=US"
"mason miller","200+","8 de julho de 2026 às 01:20:00 UTC-3","8 de julho de 2026 às 02:10:00 UTC-3","mason miller","./explore?q=mason%20miller&geo=US"
"dal stock","200+","10 de julho de 2026 às 09:00:00 UTC-3","10 de julho de 2026 às 09:50:00 UTC-3","dal stock","./explore?q=dal%20stock&geo=US"
"dodger game","500+","8 de julho de 2026 às 01:50:00 UTC-3","8 de julho de 2026 às 02:30:00 UTC-3","dodger game","./explore?q=dodger%20game&geo=US"
"nashville weather","200+","9 de julho de 2026 às 09:00:00 UTC-3","9 de julho de 2026 às 09:40:00 UTC-3","nashville weather","./explore?q=nashville%20weather&geo=US"
"hilary duff","200+","9 de julho de 2026 às 03:50:00 UTC-3","9 de julho de 2026 às 04:40:00 UTC-3","hilary duff","./explore?q=hilary%20duff&geo=US"
"save america act voting requirements","200+","8 de julho de 2026 às 21:40:00 UTC-3","8 de julho de 2026 às 22:30:00 UTC-3","save america act voting requirements","./explore?q=save%20america%20act%20voting%20requirements&geo=US"
"subnautica 2","500+","7 de julho de 2026 às 15:10:00 UTC-3","7 de julho de 2026 às 16:00:00 UTC-3","subnautica 2","./explore?q=subnautica%202&geo=US"
"artificial intelligence news","200+","10 de julho de 2026 às 03:00:00 UTC-3","10 de julho de 2026 às 03:30:00 UTC-3","artificial intelligence news","./explore?q=artificial%20intelligence%20news&geo=US"
"william shatner","500+","9 de julho de 2026 às 21:50:00 UTC-3","9 de julho de 2026 às 22:20:00 UTC-3","william shatner","./explore?q=william%20shatner&geo=US"
"jurgen klopp","200+","7 de julho de 2026 às 19:00:00 UTC-3","7 de julho de 2026 às 19:40:00 UTC-3","jurgen klopp","./explore?q=jurgen%20klopp&geo=US"
"old age","200+","7 de julho de 2026 às 07:30:00 UTC-3","7 de julho de 2026 às 19:30:00 UTC-3","old age","./explore?q=old%20age&geo=US"
"405 closure","500+","9 de julho de 2026 às 19:40:00 UTC-3","9 de julho de 2026 às 20:10:00 UTC-3","405 closure,405 freeway","./explore?q=405%20closure&geo=US"
"shane mcclanahan","200+","8 de julho de 2026 às 21:10:00 UTC-3","8 de julho de 2026 às 21:50:00 UTC-3","shane mcclanahan","./explore?q=shane%20mcclanahan&geo=US"
"paula badosa","200+","8 de julho de 2026 às 08:40:00 UTC-3","8 de julho de 2026 às 09:50:00 UTC-3","paula badosa","./explore?q=paula%20badosa&geo=US"
"joy behar","200+","8 de julho de 2026 às 12:30:00 UTC-3","8 de julho de 2026 às 13:10:00 UTC-3","joy behar","./explore?q=joy%20behar&geo=US"
"club américa","500+","9 de julho de 2026 às 23:20:00 UTC-3","9 de julho de 2026 às 23:40:00 UTC-3","club américa","./explore?q=club%20am%C3%A9rica&geo=US"
"mlb games today","500+","8 de julho de 2026 às 20:30:00 UTC-3","8 de julho de 2026 às 21:00:00 UTC-3","mlb games today","./explore?q=mlb%20games%20today&geo=US"
"dodger score","200+","9 de julho de 2026 às 01:30:00 UTC-3","9 de julho de 2026 às 02:20:00 UTC-3","dodger score","./explore?q=dodger%20score&geo=US"
"simona waltert","100+","9 de julho de 2026 às 07:00:00 UTC-3","9 de julho de 2026 às 07:50:00 UTC-3","simona waltert","./explore?q=simona%20waltert&geo=US"
"dell stock","200+","8 de julho de 2026 às 11:10:00 UTC-3","8 de julho de 2026 às 11:50:00 UTC-3","dell stock","./explore?q=dell%20stock&geo=US"
"schd","200+","8 de julho de 2026 às 11:20:00 UTC-3","8 de julho de 2026 às 12:40:00 UTC-3","schd","./explore?q=schd&geo=US"
"aaron taylor johnson","200+","9 de julho de 2026 às 09:10:00 UTC-3","9 de julho de 2026 às 09:40:00 UTC-3","aaron taylor johnson","./explore?q=aaron%20taylor%20johnson&geo=US"
"josh duhamel","200+","11 de julho de 2026 às 16:30:00 UTC-3","11 de julho de 2026 às 16:50:00 UTC-3","josh duhamel","./explore?q=josh%20duhamel&geo=US"
"michael mcgreevy","200+","8 de julho de 2026 às 22:20:00 UTC-3","8 de julho de 2026 às 23:00:00 UTC-3","michael mcgreevy","./explore?q=michael%20mcgreevy&geo=US"
"yalla kora","200+","9 de julho de 2026 às 17:30:00 UTC-3","9 de julho de 2026 às 18:10:00 UTC-3","yalla kora","./explore?q=yalla%20kora&geo=US"
"gakuran","500+","8 de julho de 2026 às 03:10:00 UTC-3","8 de julho de 2026 às 04:00:00 UTC-3","gakuran,gakuran roblox codes","./explore?q=gakuran&geo=US"
"noah schultz","500+","7 de julho de 2026 às 21:20:00 UTC-3","7 de julho de 2026 às 22:00:00 UTC-3","noah schultz","./explore?q=noah%20schultz&geo=US"
"jon bernthal","200+","10 de julho de 2026 às 02:00:00 UTC-3","10 de julho de 2026 às 02:50:00 UTC-3","jon bernthal","./explore?q=jon%20bernthal&geo=US"
"covelo fire","500+","7 de julho de 2026 às 23:30:00 UTC-3","8 de julho de 2026 às 00:10:00 UTC-3","covelo fire","./explore?q=covelo%20fire&geo=US"
"amy klobuchar usps mail delivery","100+","11 de julho de 2026 às 08:50:00 UTC-3","11 de julho de 2026 às 09:30:00 UTC-3","amy klobuchar usps mail delivery","./explore?q=amy%20klobuchar%20usps%20mail%20delivery&geo=US"
"charlie hall","200+","8 de julho de 2026 às 08:30:00 UTC-3","8 de julho de 2026 às 09:40:00 UTC-3","charlie hall","./explore?q=charlie%20hall&geo=US"
"jacob latz","200+","10 de julho de 2026 às 00:00:00 UTC-3","10 de julho de 2026 às 00:40:00 UTC-3","jacob latz","./explore?q=jacob%20latz&geo=US"
"london marathon lottery results","200+","9 de julho de 2026 às 08:40:00 UTC-3","9 de julho de 2026 às 09:40:00 UTC-3","london marathon lottery results","./explore?q=london%20marathon%20lottery%20results&geo=US"
"fifa world cup players","500+","7 de julho de 2026 às 16:00:00 UTC-3","7 de julho de 2026 às 17:40:00 UTC-3","fifa world cup players,world cup players","./explore?q=fifa%20world%20cup%20players&geo=US"
"jessica simpson","200+","10 de julho de 2026 às 09:00:00 UTC-3","10 de julho de 2026 às 09:50:00 UTC-3","jessica simpson","./explore?q=jessica%20simpson&geo=US"
"kospi","200+","7 de julho de 2026 às 02:50:00 UTC-3","7 de julho de 2026 às 03:40:00 UTC-3","kospi","./explore?q=kospi&geo=US"
"justin crawford","500+","8 de julho de 2026 às 21:10:00 UTC-3","8 de julho de 2026 às 21:40:00 UTC-3","justin crawford","./explore?q=justin%20crawford&geo=US"
"louisville weather","100+","10 de julho de 2026 às 07:50:00 UTC-3","10 de julho de 2026 às 08:50:00 UTC-3","louisville weather","./explore?q=louisville%20weather&geo=US"
"leconte lodge building demolition","200+","9 de julho de 2026 às 08:50:00 UTC-3","9 de julho de 2026 às 09:40:00 UTC-3","leconte lodge building demolition","./explore?q=leconte%20lodge%20building%20demolition&geo=US"
"avril lavigne","100+","11 de julho de 2026 às 03:10:00 UTC-3","11 de julho de 2026 às 03:50:00 UTC-3","avril lavigne","./explore?q=avril%20lavigne&geo=US"
"feyenoord vs club brugge","100+","11 de julho de 2026 às 09:30:00 UTC-3","11 de julho de 2026 às 10:00:00 UTC-3","feyenoord vs club brugge","./explore?q=feyenoord%20vs%20club%20brugge&geo=US"
"mexico vs rsa","200+","7 de julho de 2026 às 20:30:00 UTC-3","7 de julho de 2026 às 21:20:00 UTC-3","mexico vs rsa","./explore?q=mexico%20vs%20rsa&geo=US"
"hive bakery","200+","9 de julho de 2026 às 09:00:00 UTC-3","9 de julho de 2026 às 09:40:00 UTC-3","hive bakery","./explore?q=hive%20bakery&geo=US"
"truck accident lawyer","500+","8 de julho de 2026 às 07:10:00 UTC-3","8 de julho de 2026 às 07:40:00 UTC-3","truck accident lawyer,car accident lawyer","./explore?q=truck%20accident%20lawyer&geo=US"
"paramount+","200+","8 de julho de 2026 às 18:30:00 UTC-3","8 de julho de 2026 às 19:10:00 UTC-3","paramount+,avatar aang movie,aang the last airbender","./explore?q=paramount%2B&geo=US"
"unhinged netflix","200+","8 de julho de 2026 às 01:40:00 UTC-3","8 de julho de 2026 às 02:30:00 UTC-3","unhinged netflix","./explore?q=unhinged%20netflix&geo=US"
"gma deals and steals","500+","9 de julho de 2026 às 09:20:00 UTC-3","9 de julho de 2026 às 09:40:00 UTC-3","gma deals and steals","./explore?q=gma%20deals%20and%20steals&geo=US"
"world cup golden boot race","500+","9 de julho de 2026 às 19:10:00 UTC-3","9 de julho de 2026 às 19:30:00 UTC-3","world cup golden boot race","./explore?q=world%20cup%20golden%20boot%20race&geo=US"
"jared shuster","500+","7 de julho de 2026 às 23:10:00 UTC-3","7 de julho de 2026 às 23:50:00 UTC-3","jared shuster","./explore?q=jared%20shuster&geo=US"
"caucasus","100+","9 de julho de 2026 às 08:10:00 UTC-3","9 de julho de 2026 às 09:10:00 UTC-3","caucasus","./explore?q=caucasus&geo=US"
"soxl stock","200+","8 de julho de 2026 às 11:20:00 UTC-3","8 de julho de 2026 às 12:00:00 UTC-3","soxl stock","./explore?q=soxl%20stock&geo=US"
"lucho diaz","500+","7 de julho de 2026 às 18:20:00 UTC-3","7 de julho de 2026 às 20:30:00 UTC-3","lucho diaz","./explore?q=lucho%20diaz&geo=US"
"wimbeldon","500+","7 de julho de 2026 às 12:10:00 UTC-3","7 de julho de 2026 às 16:50:00 UTC-3","wimbeldon","./explore?q=wimbeldon&geo=US"
"next fifa game","500+","7 de julho de 2026 às 20:30:00 UTC-3","7 de julho de 2026 às 21:00:00 UTC-3","next fifa game","./explore?q=next%20fifa%20game&geo=US"
"cooper pratt","200+","7 de julho de 2026 às 23:20:00 UTC-3","8 de julho de 2026 às 00:00:00 UTC-3","cooper pratt","./explore?q=cooper%20pratt&geo=US"
"a. j. ewing","1 mil+","8 de julho de 2026 às 21:10:00 UTC-3","8 de julho de 2026 às 21:30:00 UTC-3","a. j. ewing,aj ewing","./explore?q=a.%20j.%20ewing&geo=US"
"abdul el-sayed","200+","8 de julho de 2026 às 08:00:00 UTC-3","8 de julho de 2026 às 09:10:00 UTC-3","abdul el-sayed","./explore?q=abdul%20el-sayed&geo=US"
"nyt crossword","200+","9 de julho de 2026 às 08:30:00 UTC-3","9 de julho de 2026 às 09:40:00 UTC-3","nyt crossword","./explore?q=nyt%20crossword&geo=US"
"clima de hoy","500+","9 de julho de 2026 às 07:40:00 UTC-3","9 de julho de 2026 às 08:20:00 UTC-3","clima de hoy","./explore?q=clima%20de%20hoy&geo=US"
"john mcenroe","200+","8 de julho de 2026 às 08:00:00 UTC-3","8 de julho de 2026 às 08:30:00 UTC-3","john mcenroe","./explore?q=john%20mcenroe&geo=US"
"kiwi","100+","10 de julho de 2026 às 00:10:00 UTC-3","10 de julho de 2026 às 07:20:00 UTC-3","kiwi","./explore?q=kiwi&geo=US"
"wetter morgen","100+","10 de julho de 2026 às 06:10:00 UTC-3","10 de julho de 2026 às 07:10:00 UTC-3","wetter morgen","./explore?q=wetter%20morgen&geo=US"
"nasdaq composite","200+","8 de julho de 2026 às 11:20:00 UTC-3","8 de julho de 2026 às 11:50:00 UTC-3","nasdaq composite","./explore?q=nasdaq%20composite&geo=US"
"mental health","200+","8 de julho de 2026 às 08:50:00 UTC-3","8 de julho de 2026 às 09:50:00 UTC-3","mental health","./explore?q=mental%20health&geo=US"
"coco gauff boyfriend","200+","9 de julho de 2026 às 11:10:00 UTC-3","9 de julho de 2026 às 11:50:00 UTC-3","coco gauff boyfriend","./explore?q=coco%20gauff%20boyfriend&geo=US"
"weather.com","1 mil+","9 de julho de 2026 às 08:30:00 UTC-3","9 de julho de 2026 às 09:00:00 UTC-3","weather.com,the weather channel","./explore?q=weather.com&geo=US"
"olmo spain","200+","10 de julho de 2026 às 18:00:00 UTC-3","10 de julho de 2026 às 18:20:00 UTC-3","olmo spain","./explore?q=olmo%20spain&geo=US"
"yulia putintseva","100+","8 de julho de 2026 às 07:40:00 UTC-3","8 de julho de 2026 às 08:40:00 UTC-3","yulia putintseva","./explore?q=yulia%20putintseva&geo=US"
"spx","200+","8 de julho de 2026 às 11:20:00 UTC-3","8 de julho de 2026 às 12:40:00 UTC-3","spx","./explore?q=spx&geo=US"
"chris hemsworth","100+","9 de julho de 2026 às 03:30:00 UTC-3","9 de julho de 2026 às 04:20:00 UTC-3","chris hemsworth","./explore?q=chris%20hemsworth&geo=US"
"ben shapiro","200+","8 de julho de 2026 às 08:50:00 UTC-3","8 de julho de 2026 às 09:40:00 UTC-3","ben shapiro","./explore?q=ben%20shapiro&geo=US"
"jeline vandromme","200+","11 de julho de 2026 às 10:50:00 UTC-3","11 de julho de 2026 às 11:10:00 UTC-3","jeline vandromme","./explore?q=jeline%20vandromme&geo=US"
"dorothea puente","200+","9 de julho de 2026 às 02:30:00 UTC-3","9 de julho de 2026 às 03:10:00 UTC-3","dorothea puente","./explore?q=dorothea%20puente&geo=US"
"rod dreher","100+","9 de julho de 2026 às 08:50:00 UTC-3","9 de julho de 2026 às 09:40:00 UTC-3","rod dreher","./explore?q=rod%20dreher&geo=US"
"mickey's very merry christmas party 2026","100+","9 de julho de 2026 às 08:30:00 UTC-3","9 de julho de 2026 às 09:10:00 UTC-3","mickey's very merry christmas party 2026","./explore?q=mickey%27s%20very%20merry%20christmas%20party%202026&geo=US"
"pga tour schedule","100+","9 de julho de 2026 às 08:40:00 UTC-3","9 de julho de 2026 às 09:20:00 UTC-3","pga tour schedule","./explore?q=pga%20tour%20schedule&geo=US"
"mn twins","500+","9 de julho de 2026 às 17:50:00 UTC-3","9 de julho de 2026 às 18:10:00 UTC-3","mn twins","./explore?q=mn%20twins&geo=US"
"pitch black release date","100+","10 de julho de 2026 às 05:00:00 UTC-3","10 de julho de 2026 às 05:40:00 UTC-3","pitch black release date","./explore?q=pitch%20black%20release%20date&geo=US"
"pirates score","500+","8 de julho de 2026 às 22:10:00 UTC-3","8 de julho de 2026 às 22:30:00 UTC-3","pirates score","./explore?q=pirates%20score&geo=US"
"lebron james next nba team","200+","8 de julho de 2026 às 12:10:00 UTC-3","8 de julho de 2026 às 13:00:00 UTC-3","lebron james next nba team","./explore?q=lebron%20james%20next%20nba%20team&geo=US"
"orioles game today","200+","7 de julho de 2026 às 20:20:00 UTC-3","7 de julho de 2026 às 20:50:00 UTC-3","orioles game today","./explore?q=orioles%20game%20today&geo=US"
"car accident attorneys","100+","8 de julho de 2026 às 06:50:00 UTC-3","8 de julho de 2026 às 07:50:00 UTC-3","car accident attorneys","./explore?q=car%20accident%20attorneys&geo=US"
"marco rubio","200+","8 de julho de 2026 às 13:50:00 UTC-3","8 de julho de 2026 às 14:20:00 UTC-3","marco rubio","./explore?q=marco%20rubio&geo=US"
"john slattery","200+","9 de julho de 2026 às 09:30:00 UTC-3","9 de julho de 2026 às 09:50:00 UTC-3","john slattery","./explore?q=john%20slattery&geo=US"
"kostyuk tennis","200+","8 de julho de 2026 às 10:40:00 UTC-3","8 de julho de 2026 às 11:10:00 UTC-3","kostyuk tennis","./explore?q=kostyuk%20tennis&geo=US"
"zach mckinstry","200+","9 de julho de 2026 às 21:50:00 UTC-3","9 de julho de 2026 às 22:10:00 UTC-3","zach mckinstry","./explore?q=zach%20mckinstry&geo=US"
"alex freeland","200+","8 de julho de 2026 às 01:20:00 UTC-3","8 de julho de 2026 às 01:50:00 UTC-3","alex freeland","./explore?q=alex%20freeland&geo=US"
"top states cnbc","1 mil+","9 de julho de 2026 às 09:50:00 UTC-3","9 de julho de 2026 às 10:10:00 UTC-3","top states cnbc,cnbc","./explore?q=top%20states%20cnbc&geo=US"
"robinne lee","200+","9 de julho de 2026 às 09:40:00 UTC-3","9 de julho de 2026 às 10:00:00 UTC-3","robinne lee","./explore?q=robinne%20lee&geo=US"
"mindy kaling","200+","9 de julho de 2026 às 09:20:00 UTC-3","9 de julho de 2026 às 09:40:00 UTC-3","mindy kaling","./explore?q=mindy%20kaling&geo=US"
"andrew benintendi","200+","9 de julho de 2026 às 17:30:00 UTC-3","9 de julho de 2026 às 17:50:00 UTC-3","andrew benintendi","./explore?q=andrew%20benintendi&geo=US"
"matt rife","200+","11 de julho de 2026 às 03:10:00 UTC-3","11 de julho de 2026 às 03:30:00 UTC-3","matt rife","./explore?q=matt%20rife&geo=US"
"caroline wozniacki","200+","9 de julho de 2026 às 09:30:00 UTC-3","9 de julho de 2026 às 09:50:00 UTC-3","caroline wozniacki","./explore?q=caroline%20wozniacki&geo=US"
"late night show hosts","200+","7 de julho de 2026 às 08:50:00 UTC-3","7 de julho de 2026 às 09:40:00 UTC-3","late night show hosts","./explore?q=late%20night%20show%20hosts&geo=US"
"good morning america","200+","9 de julho de 2026 às 09:40:00 UTC-3","9 de julho de 2026 às 10:00:00 UTC-3","good morning america","./explore?q=good%20morning%20america&geo=US"
"kris jenner","200+","8 de julho de 2026 às 20:30:00 UTC-3","8 de julho de 2026 às 20:50:00 UTC-3","kris jenner","./explore?q=kris%20jenner&geo=US"
"kyle karros","200+","8 de julho de 2026 às 01:40:00 UTC-3","8 de julho de 2026 às 02:10:00 UTC-3","kyle karros","./explore?q=kyle%20karros&geo=US"
"auto accident attorney","100+","8 de julho de 2026 às 07:40:00 UTC-3","8 de julho de 2026 às 08:20:00 UTC-3","auto accident attorney","./explore?q=auto%20accident%20attorney&geo=US"
"pringles hot dog buns","200+","8 de julho de 2026 às 13:40:00 UTC-3","8 de julho de 2026 às 14:10:00 UTC-3","pringles hot dog buns","./explore?q=pringles%20hot%20dog%20buns&geo=US"
"luis gastelum","200+","8 de julho de 2026 às 23:20:00 UTC-3","8 de julho de 2026 às 23:40:00 UTC-3","luis gastelum","./explore?q=luis%20gastelum&geo=US"
"bob odenkirk","200+","9 de julho de 2026 às 10:30:00 UTC-3","9 de julho de 2026 às 10:50:00 UTC-3","bob odenkirk","./explore?q=bob%20odenkirk&geo=US"
"chicago med","200+","8 de julho de 2026 às 21:50:00 UTC-3","8 de julho de 2026 às 22:10:00 UTC-3","chicago med","./explore?q=chicago%20med&geo=US"
"微博","100+","9 de julho de 2026 às 06:10:00 UTC-3","9 de julho de 2026 às 06:50:00 UTC-3","微博","./explore?q=%E5%BE%AE%E5%8D%9A&geo=US"
"boston globe","200+","8 de julho de 2026 às 08:20:00 UTC-3","8 de julho de 2026 às 08:50:00 UTC-3","boston globe","./explore?q=boston%20globe&geo=US"
"jack brannigan","500+","7 de julho de 2026 às 22:40:00 UTC-3","7 de julho de 2026 às 23:00:00 UTC-3","jack brannigan","./explore?q=jack%20brannigan&geo=US"
"patrick dumont","200+","8 de julho de 2026 às 21:10:00 UTC-3","8 de julho de 2026 às 21:30:00 UTC-3","patrick dumont","./explore?q=patrick%20dumont&geo=US"
"kelly ripa","200+","9 de julho de 2026 às 10:50:00 UTC-3","9 de julho de 2026 às 11:10:00 UTC-3","kelly ripa","./explore?q=kelly%20ripa&geo=US"
"rush hour","100+","11 de julho de 2026 às 04:10:00 UTC-3","11 de julho de 2026 às 04:30:00 UTC-3","rush hour","./explore?q=rush%20hour&geo=US"
"anne hathaway pregnant","200+","10 de julho de 2026 às 02:00:00 UTC-3","10 de julho de 2026 às 02:20:00 UTC-3","anne hathaway pregnant","./explore?q=anne%20hathaway%20pregnant&geo=US"
"高善文","100+","8 de julho de 2026 às 05:40:00 UTC-3","8 de julho de 2026 às 06:20:00 UTC-3","高善文","./explore?q=%E9%AB%98%E5%96%84%E6%96%87&geo=US"
"keri russell","200+","8 de julho de 2026 às 22:50:00 UTC-3","8 de julho de 2026 às 23:10:00 UTC-3","keri russell","./explore?q=keri%20russell&geo=US"
"truck accident attorney","100+","7 de julho de 2026 às 07:00:00 UTC-3","7 de julho de 2026 às 07:50:00 UTC-3","truck accident attorney","./explore?q=truck%20accident%20attorney&geo=US"
"kiwi","100+","9 de julho de 2026 às 06:00:00 UTC-3","9 de julho de 2026 às 06:30:00 UTC-3","kiwi","./explore?q=kiwi&geo=US"
"luka dončić","100+","9 de julho de 2026 às 08:10:00 UTC-3","9 de julho de 2026 às 08:40:00 UTC-3","luka dončić","./explore?q=luka%20don%C4%8Di%C4%87&geo=US"
"uma thurman","200+","9 de julho de 2026 às 10:30:00 UTC-3","9 de julho de 2026 às 10:50:00 UTC-3","uma thurman","./explore?q=uma%20thurman&geo=US"
"cyberpunk 2077","200+","9 de julho de 2026 às 04:00:00 UTC-3","9 de julho de 2026 às 04:20:00 UTC-3","cyberpunk 2077,cyberpunk","./explore?q=cyberpunk%202077&geo=US"
"brennan bernardino","200+","7 de julho de 2026 às 02:50:00 UTC-3","7 de julho de 2026 às 03:20:00 UTC-3","brennan bernardino","./explore?q=brennan%20bernardino&geo=US"
"calla walsh","100+","7 de julho de 2026 às 08:00:00 UTC-3","7 de julho de 2026 às 08:40:00 UTC-3","calla walsh","./explore?q=calla%20walsh&geo=US"
"korn ferry tour","200+","9 de julho de 2026 às 09:40:00 UTC-3","9 de julho de 2026 às 10:00:00 UTC-3","korn ferry tour","./explore?q=korn%20ferry%20tour&geo=US"
"quinn simmons","500+","7 de julho de 2026 às 13:10:00 UTC-3","7 de julho de 2026 às 13:30:00 UTC-3","quinn simmons,tour de france standings","./explore?q=quinn%20simmons&geo=US"
"housing prices","200+","7 de julho de 2026 às 22:50:00 UTC-3","7 de julho de 2026 às 23:10:00 UTC-3","housing prices","./explore?q=housing%20prices&geo=US"
"mlb wild card standings","100+","9 de julho de 2026 às 07:50:00 UTC-3","9 de julho de 2026 às 08:20:00 UTC-3","mlb wild card standings","./explore?q=mlb%20wild%20card%20standings&geo=US"
"soxx","200+","7 de julho de 2026 às 12:00:00 UTC-3","7 de julho de 2026 às 12:30:00 UTC-3","soxx","./explore?q=soxx&geo=US"
"gm q2 2026 sales","200+","7 de julho de 2026 às 20:10:00 UTC-3","7 de julho de 2026 às 20:30:00 UTC-3","gm q2 2026 sales","./explore?q=gm%20q2%202026%20sales&geo=US"
"cincinnati weather","100+","10 de julho de 2026 às 08:00:00 UTC-3","10 de julho de 2026 às 08:20:00 UTC-3","cincinnati weather","./explore?q=cincinnati%20weather&geo=US"
"power outage near me","200+","7 de julho de 2026 às 06:50:00 UTC-3","7 de julho de 2026 às 07:10:00 UTC-3","power outage near me","./explore?q=power%20outage%20near%20me&geo=US"
"mark rutte donald trump nato","100+","9 de julho de 2026 às 08:50:00 UTC-3","9 de julho de 2026 às 09:10:00 UTC-3","mark rutte donald trump nato","./explore?q=mark%20rutte%20donald%20trump%20nato&geo=US"
"florida lottery results","200+","8 de julho de 2026 às 15:40:00 UTC-3","8 de julho de 2026 às 16:00:00 UTC-3","florida lottery results","./explore?q=florida%20lottery%20results&geo=US"
"florida lotto","100+","9 de julho de 2026 às 08:40:00 UTC-3","9 de julho de 2026 às 09:00:00 UTC-3","florida lotto","./explore?q=florida%20lotto&geo=US"
"washington commanders","100+","8 de julho de 2026 às 07:30:00 UTC-3","8 de julho de 2026 às 08:00:00 UTC-3","washington commanders","./explore?q=washington%20commanders&geo=US"
"fiserv","200+","7 de julho de 2026 às 09:00:00 UTC-3","7 de julho de 2026 às 09:20:00 UTC-3","fiserv","./explore?q=fiserv&geo=US"
"lockheed martin","100+","8 de julho de 2026 às 14:00:00 UTC-3","8 de julho de 2026 às 14:20:00 UTC-3","lockheed martin","./explore?q=lockheed%20martin&geo=US"
"ny giants","100+","8 de julho de 2026 às 07:20:00 UTC-3","8 de julho de 2026 às 07:40:00 UTC-3","ny giants","./explore?q=ny%20giants&geo=US"
"my x ray vision sees right through","100+","7 de julho de 2026 às 08:00:00 UTC-3","7 de julho de 2026 às 08:20:00 UTC-3","my x ray vision sees right through","./explore?q=my%20x%20ray%20vision%20sees%20right%20through&geo=US"
"play store","200+","9 de julho de 2026 às 05:30:00 UTC-3","9 de julho de 2026 às 05:50:00 UTC-3","play store,google play store","./explore?q=play%20store&geo=US"
"m","1 mil+","8 de julho de 2026 às 19:30:00 UTC-3","8 de julho de 2026 às 19:50:00 UTC-3","m,e","./explore?q=m&geo=US"